2026/10/02 07:57:43.540, 77, 210, 405, 7.29, 0x0000000000000001
2026/10/02 07:57:43.692, 77, 210, 405, 7.30, 0x0000000000000001
2026/10/02 07:57:43.825, 77, 210, 405, 7.33, 0x0000000000000001
2026/10/02 07:57:43.957, 77, 210, 405, 7.35, 0x0000000000000001
2026/10/02 07:57:44.084, 77, 210, 405, 7.36, 0x0000000000000001
2026/10/02 07:57:44.211, 77, 210, 405, 7.37, 0x0000000000000001
2026/10/02 07:57:44.337, 77, 210, 405, 7.87, 0x0000000000000001
2026/10/02 07:57:44.456, 77, 210, 405, 9.03, 0x0000000000000001
2026/10/02 07:57:44.576, 77, 1890, 8001, 10.16, 0x0000000000000001
2026/10/02 07:57:44.693, 77, 1890, 8001, 11.28, 0x0000000000000001
2026/10/02 07:57:44.814, 77, 1890, 8001, 12.41, 0x0000000000000001
2026/10/02 07:57:44.932, 78, 1890, 8001, 14.62, 0x0000000000000001
2026/10/02 07:57:45.063, 78, 1890, 8001, 15.78, 0x0000000000000001
2026/10/02 07:57:45.178, 78, 1890, 8001, 16.92, 0x0000000000000001
2026/10/02 07:57:45.292, 78, 1890, 8001, 18.05, 0x0000000000000001
2026/10/02 07:57:45.419, 79, 1890, 8001, 19.27, 0x0000000000000001
2026/10/02 07:57:45.536, 79, 1890, 8001, 19.83, 0x0000000000000001
2026/10/02 07:57:45.654, 79, 1890, 8001, 19.85, 0x0000000000000001
2026/10/02 07:57:45.789, 79, 1890, 8001, 19.87, 0x0000000000000001
2026/10/02 07:57:45.912, 79, 1890, 8001, 19.88, 0x0000000000000001
2026/10/02 07:57:46.045, 79, 1890, 8001, 19.91, 0x0000000000000001
2026/10/02 07:57:46.161, 79, 1890, 8001, 19.89, 0x0000000000000001
2026/10/02 07:57:46.281, 79, 1890, 8001, 19.88, 0x0000000000000001
2026/10/02 07:57:46.398, 79, 1890, 8001, 19.87, 0x0000000000000001
2026/10/02 07:57:46.515, 79, 1890, 8001, 19.85, 0x0000000000000001
2026/10/02 07:57:46.636, 79, 1890, 8001, 19.83, 0x0000000000000001
2026/10/02 07:57:46.755, 79, 1890, 8001, 19.82, 0x0000000000000001
2026/10/02 07:57:46.872, 79, 1890, 8001, 19.80, 0x0000000000000001
2026/10/02 07:57:47.003, 79, 1890, 8001, 19.80, 0x0000000000000001
2026/10/02 07:57:47.124, 79, 1890, 8001, 19.78, 0x0000000000000001
2026/10/02 07:57:47.249, 79, 1890, 8001, 19.79, 0x0000000000000001
2026/10/02 07:57:47.379, 79, 1890, 8001, 19.81, 0x0000000000000001
2026/10/02 07:57:47.504, 79, 1890, 8001, 19.81, 0x0000000000000001
2026/10/02 07:57:47.628, 79, 1890, 8001, 19.81, 0x0000000000000001
2026/10/02 07:57:47.757, 79, 1890, 8001, 19.83, 0x0000000000000001
2026/10/02 07:57:47.874, 79, 1890, 8001, 19.83, 0x0000000000000001
2026/10/02 07:57:48.001, 79, 1890, 8001, 19.84, 0x0000000000000001
2026/10/02 07:57:48.123, 79, 1890, 8001, 19.82, 0x0000000000000001
2026/10/02 07:57:48.251, 79, 1890, 8001, 19.84, 0x0000000000000001
2026/10/02 07:57:48.379, 79, 1890, 8001, 19.84, 0x0000000000000001
2026/10/02 07:57:48.505, 79, 1890, 8001, 19.83, 0x0000000000000001
2026/10/02 07:57:48.628, 79, 1890, 8001, 19.82, 0x0000000000000001
2026/10/02 07:57:48.759, 79, 1890, 8001, 19.85, 0x0000000000000001
2026/10/02 07:57:48.876, 79, 1890, 8001, 19.84, 0x0000000000000001
2026/10/02 07:57:49.000, 79, 1890, 8001, 19.86, 0x0000000000000001
2026/10/02 07:57:49.115, 79, 1890, 8001, 19.88, 0x0000000000000001
2026/10/02 07:57:49.236, 79, 1890, 8001, 19.90, 0x0000000000000001
2026/10/02 07:57:49.365, 79, 1890, 8001, 19.92, 0x0000000000000001
2026/10/02 07:57:49.486, 79, 1890, 8001, 19.92, 0x0000000000000001
2026/10/02 07:57:49.616, 79, 1890, 8001, 19.93, 0x0000000000000001
2026/10/02 07:57:49.734, 79, 1890, 8001, 19.92, 0x0000000000000001
2026/10/02 07:57:49.861, 79, 1890, 8001, 19.91, 0x0000000000000001
2026/10/02 07:57:49.979, 79, 1890, 8001, 19.91, 0x0000000000000001
2026/10/02 07:57:50.109, 79, 1890, 8001, 19.91, 0x0000000000000001
2026/10/02 07:57:50.247, 79, 1890, 8001, 19.90, 0x0000000000000001
2026/10/02 07:57:50.377, 79, 1890, 8001, 19.92, 0x0000000000000001
2026/10/02 07:57:50.494, 79, 1890, 8001, 19.90, 0x0000000000000001
2026/10/02 07:57:50.618, 79, 1890, 8001, 19.90, 0x0000000000000001
2026/10/02 07:57:50.735, 79, 1890, 8001, 19.89, 0x0000000000000001
2026/10/02 07:57:50.853, 79, 1890, 8001, 19.38, 0x0000000000000001
2026/10/02 07:57:50.974, 79, 1890, 8001, 18.49, 0x0000000000000001
2026/10/02 07:57:51.099, 79, 375, 810, 17.60, 0x0000000000000001
2026/10/02 07:57:51.220, 79, 375, 810, 16.00, 0x0000000000000001
2026/10/02 07:57:51.348, 78, 375, 810, 15.35, 0x0000000000000001
2026/10/02 07:57:51.474, 78, 375, 810, 14.11, 0x0000000000000001
2026/10/02 07:57:51.604, 78, 315, 6001, 13.37, 0x0000000000000001
2026/10/02 07:57:51.720, 78, 315, 6001, 12.61, 0x0000000000000001
2026/10/02 07:57:51.858, 78, 315, 6001, 11.70, 0x0000000000000001
2026/10/02 07:57:51.979, 78, 315, 6001, 11.94, 0x0000000000000001
2026/10/02 07:57:52.100, 78, 240, 6001, 12.17, 0x0000000000000001
2026/10/02 07:57:52.229, 78, 240, 6001, 12.40, 0x0000000000000001
2026/10/02 07:57:52.359, 78, 240, 6001, 12.39, 0x0000000000000001
2026/10/02 07:57:52.487, 78, 240, 6001, 12.19, 0x0000000000000001
2026/10/02 07:57:52.608, 78, 210, 810, 11.95, 0x0000000000000001
2026/10/02 07:57:52.726, 78, 210, 810, 11.47, 0x0000000000000001
2026/10/02 07:57:52.845, 78, 210, 810, 11.24, 0x0000000000000001
2026/10/02 07:57:52.968, 78, 210, 810, 10.99, 0x0000000000000001
2026/10/02 07:57:53.088, 78, 210, 810, 10.59, 0x0000000000000001
2026/10/02 07:57:53.216, 78, 210, 810, 10.51, 0x0000000000000001
2026/10/02 07:57:53.337, 78, 210, 810, 9.80, 0x0000000000000001
2026/10/02 07:57:53.470, 78, 210, 810, 9.79, 0x0000000000000001
2026/10/02 07:57:53.593, 78, 210, 810, 9.76, 0x0000000000000001
2026/10/02 07:57:53.714, 78, 210, 810, 9.76, 0x0000000000000001
2026/10/02 07:57:53.837, 78, 210, 810, 9.76, 0x0000000000000001
2026/10/02 07:57:53.962, 78, 210, 810, 9.76, 0x0000000000000001
2026/10/02 07:57:54.081, 78, 210, 810, 9.76, 0x0000000000000001
2026/10/02 07:57:54.209, 78, 210, 810, 9.76, 0x0000000000000001
2026/10/02 07:57:54.329, 78, 210, 810, 9.74, 0x0000000000000001
2026/10/02 07:57:54.459, 78, 210, 810, 9.75, 0x0000000000000001
2026/10/02 07:57:54.580, 78, 210, 810, 9.74, 0x0000000000000001
2026/10/02 07:57:54.699, 78, 210, 810, 9.73, 0x0000000000000001
2026/10/02 07:57:54.817, 78, 210, 810, 9.72, 0x0000000000000001
2026/10/02 07:57:54.938, 78, 210, 810, 9.70, 0x0000000000000001
2026/10/02 07:57:55.060, 78, 210, 810, 9.71, 0x0000000000000001
2026/10/02 07:57:55.179, 78, 210, 810, 9.71, 0x0000000000000001
2026/10/02 07:57:55.299, 78, 210, 810, 9.71, 0x0000000000000001
2026/10/02 07:57:55.426, 78, 210, 810, 9.72, 0x0000000000000001
2026/10/02 07:57:55.545, 78, 210, 810, 9.72, 0x0000000000000001
2026/10/02 07:57:55.674, 78, 210, 810, 9.72, 0x0000000000000001
2026/10/02 07:57:55.804, 78, 210, 810, 9.72, 0x0000000000000001
2026/10/02 07:57:55.930, 78, 210, 810, 9.72, 0x0000000000000001
2026/10/02 07:57:56.074, 78, 210, 405, 9.50, 0x0000000000000001
2026/10/02 07:57:56.201, 78, 210, 405, 9.28, 0x0000000000000001
2026/10/02 07:57:56.325, 78, 210, 405, 8.82, 0x0000000000000001
2026/10/02 07:57:56.448, 78, 210, 405, 8.60, 0x0000000000000001
2026/10/02 07:57:56.581, 78, 210, 405, 8.24, 0x0000000000000001
2026/10/02 07:57:56.704, 78, 210, 405, 8.15, 0x0000000000000001
2026/10/02 07:57:56.838, 78, 210, 405, 7.70, 0x0000000000000001
2026/10/02 07:57:56.961, 78, 210, 405, 7.48, 0x0000000000000001
2026/10/02 07:57:57.086, 78, 210, 405, 7.26, 0x0000000000000001
2026/10/02 07:57:57.209, 78, 210, 405, 7.25, 0x0000000000000001
2026/10/02 07:57:57.331, 78, 210, 405, 7.25, 0x0000000000000001
2026/10/02 07:57:57.458, 78, 210, 405, 7.27, 0x0000000000000001
2026/10/02 07:57:57.582, 78, 210, 405, 7.27, 0x0000000000000001
2026/10/02 07:57:57.710, 78, 210, 405, 7.27, 0x0000000000000001
2026/10/02 07:57:57.845, 78, 210, 405, 7.28, 0x0000000000000001
2026/10/02 07:57:57.979, 78, 210, 405, 7.29, 0x0000000000000001
2026/10/02 07:57:58.106, 78, 210, 405, 7.29, 0x0000000000000001
2026/10/02 07:57:58.229, 78, 210, 405, 7.29, 0x0000000000000001
2026/10/02 07:57:58.354, 78, 210, 405, 7.29, 0x0000000000000001
2026/10/02 07:57:58.482, 78, 210, 405, 7.29, 0x0000000000000001
2026/10/02 07:57:58.605, 78, 210, 405, 7.28, 0x0000000000000001
2026/10/02 07:57:58.752, 78, 210, 405, 7.27, 0x0000000000000001
2026/10/02 07:57:58.883, 78, 210, 405, 7.27, 0x0000000000000001
2026/10/02 07:57:59.005, 78, 210, 405, 7.26, 0x0000000000000001
2026/10/02 07:57:59.129, 78, 210, 405, 7.27, 0x0000000000000001
2026/10/02 07:57:59.252, 78, 210, 405, 7.26, 0x0000000000000001
2026/10/02 07:57:59.378, 78, 210, 405, 7.27, 0x0000000000000001
2026/10/02 07:57:59.504, 78, 210, 405, 7.27, 0x0000000000000001
2026/10/02 07:57:59.629, 78, 210, 405, 7.28, 0x0000000000000001
2026/10/02 07:57:59.753, 78, 210, 405, 7.28, 0x0000000000000001
2026/10/02 07:57:59.876, 78, 210, 405, 7.27, 0x0000000000000001
2026/10/02 07:58:00.000, 78, 210, 405, 7.27, 0x0000000000000001
2026/10/02 07:58:00.130, 78, 210, 405, 7.26, 0x0000000000000001
2026/10/02 07:58:00.255, 78, 210, 405, 7.26, 0x0000000000000001
2026/10/02 07:58:00.387, 78, 210, 405, 7.27, 0x0000000000000001
2026/10/02 07:58:00.533, 78, 210, 405, 7.26, 0x0000000000000001
2026/10/02 07:58:00.657, 78, 210, 405, 7.25, 0x0000000000000001
2026/10/02 07:58:00.780, 78, 210, 405, 7.24, 0x0000000000000001
2026/10/02 07:58:00.912, 78, 210, 405, 7.25, 0x0000000000000001
2026/10/02 07:58:01.041, 78, 210, 405, 7.26, 0x0000000000000001
2026/10/02 07:58:01.166, 78, 210, 405, 7.26, 0x0000000000000001
2026/10/02 07:58:01.303, 78, 210, 405, 7.26, 0x0000000000000001
2026/10/02 07:58:01.430, 78, 210, 405, 7.27, 0x0000000000000001
2026/10/02 07:58:01.553, 78, 210, 405, 7.27, 0x0000000000000001
2026/10/02 07:58:01.681, 78, 210, 405, 7.27, 0x0000000000000001
2026/10/02 07:58:01.805, 78, 210, 405, 7.28, 0x0000000000000001
2026/10/02 07:58:01.948, 78, 210, 405, 7.30, 0x0000000000000001
2026/10/02 07:58:02.074, 78, 210, 405, 7.30, 0x0000000000000001
2026/10/02 07:58:02.205, 78, 210, 405, 7.30, 0x0000000000000001
2026/10/02 07:58:02.331, 78, 210, 405, 7.30, 0x0000000000000001
2026/10/02 07:58:02.460, 78, 210, 405, 7.30, 0x0000000000000001
2026/10/02 07:58:02.586, 78, 210, 405, 7.29, 0x0000000000000001
2026/10/02 07:58:02.710, 78, 210, 405, 7.28, 0x0000000000000001
2026/10/02 07:58:02.834, 78, 210, 405, 7.28, 0x0000000000000001
2026/10/02 07:58:02.968, 78, 210, 405, 7.27, 0x0000000000000001
2026/10/02 07:58:03.099, 78, 210, 405, 7.26, 0x0000000000000001
2026/10/02 07:58:03.225, 78, 210, 405, 7.25, 0x0000000000000001
2026/10/02 07:58:03.353, 78, 210, 405, 7.25, 0x0000000000000001
2026/10/02 07:58:03.479, 78, 210, 405, 7.24, 0x0000000000000001
2026/10/02 07:58:03.602, 78, 210, 405, 7.24, 0x0000000000000001
2026/10/02 07:58:03.725, 78, 210, 405, 7.24, 0x0000000000000001
2026/10/02 07:58:03.851, 78, 210, 405, 7.24, 0x0000000000000001
2026/10/02 07:58:03.985, 78, 210, 405, 7.25, 0x0000000000000001
2026/10/02 07:58:04.110, 78, 210, 405, 7.25, 0x0000000000000001
2026/10/02 07:58:04.249, 78, 210, 405, 7.26, 0x0000000000000001
2026/10/02 07:58:04.376, 78, 210, 405, 7.26, 0x0000000000000001
2026/10/02 07:58:04.500, 78, 210, 405, 7.26, 0x0000000000000001
2026/10/02 07:58:04.623, 78, 210, 405, 7.28, 0x0000000000000001
2026/10/02 07:58:04.750, 78, 210, 405, 7.29, 0x0000000000000001
2026/10/02 07:58:04.873, 78, 210, 405, 7.29, 0x0000000000000001
2026/10/02 07:58:05.001, 78, 210, 405, 7.30, 0x0000000000000001
2026/10/02 07:58:05.124, 78, 210, 405, 7.31, 0x0000000000000001
2026/10/02 07:58:05.249, 78, 210, 405, 7.31, 0x0000000000000001
2026/10/02 07:58:05.372, 78, 210, 405, 7.32, 0x0000000000000001
2026/10/02 07:58:05.498, 78, 210, 405, 7.32, 0x0000000000000001
2026/10/02 07:58:05.621, 78, 210, 405, 7.33, 0x0000000000000001
2026/10/02 07:58:05.747, 78, 210, 405, 7.33, 0x0000000000000001
2026/10/02 07:58:05.872, 78, 210, 405, 7.33, 0x0000000000000001
2026/10/02 07:58:06.005, 78, 210, 405, 7.34, 0x0000000000000001
2026/10/02 07:58:06.129, 78, 210, 405, 7.34, 0x0000000000000001
2026/10/02 07:58:06.252, 78, 210, 405, 7.34, 0x0000000000000001
2026/10/02 07:58:06.389, 78, 210, 405, 7.35, 0x0000000000000001
2026/10/02 07:58:06.520, 78, 210, 405, 7.36, 0x0000000000000001
2026/10/02 07:58:06.644, 78, 210, 405, 7.36, 0x0000000000000001
2026/10/02 07:58:06.779, 78, 210, 405, 7.36, 0x0000000000000001
2026/10/02 07:58:06.905, 78, 210, 405, 7.36, 0x0000000000000001
2026/10/02 07:58:07.027, 78, 210, 405, 7.36, 0x0000000000000001
2026/10/02 07:58:07.157, 78, 210, 405, 7.36, 0x0000000000000001
2026/10/02 07:58:07.279, 78, 210, 405, 7.36, 0x0000000000000001
2026/10/02 07:58:07.406, 78, 210, 405, 7.35, 0x0000000000000001
2026/10/02 07:58:07.536, 78, 210, 405, 7.35, 0x0000000000000001
2026/10/02 07:58:07.659, 78, 210, 405, 7.34, 0x0000000000000001
2026/10/02 07:58:07.786, 78, 210, 405, 7.33, 0x0000000000000001
2026/10/02 07:58:07.914, 78, 210, 405, 7.32, 0x0000000000000001
2026/10/02 07:58:08.046, 78, 210, 405, 7.31, 0x0000000000000001
2026/10/02 07:58:08.170, 78, 210, 405, 7.31, 0x0000000000000001
2026/10/02 07:58:08.296, 78, 210, 405, 7.30, 0x0000000000000001
2026/10/02 07:58:08.430, 78, 210, 405, 7.30, 0x0000000000000001
2026/10/02 07:58:08.553, 78, 210, 405, 7.29, 0x0000000000000001
2026/10/02 07:58:08.680, 78, 210, 405, 7.30, 0x0000000000000001
2026/10/02 07:58:08.805, 78, 210, 405, 7.31, 0x0000000000000001
2026/10/02 07:58:08.929, 78, 210, 405, 7.32, 0x0000000000000001
2026/10/02 07:58:09.052, 78, 210, 405, 7.31, 0x0000000000000001
2026/10/02 07:58:09.177, 78, 210, 405, 7.31, 0x0000000000000001
2026/10/02 07:58:09.307, 78, 210, 405, 7.31, 0x0000000000000001
2026/10/02 07:58:09.436, 78, 210, 405, 7.33, 0x0000000000000001
2026/10/02 07:58:09.567, 78, 210, 405, 7.32, 0x0000000000000001
2026/10/02 07:58:09.696, 78, 210, 405, 7.32, 0x0000000000000001
2026/10/02 07:58:09.834, 78, 210, 405, 7.32, 0x0000000000000001
2026/10/02 07:58:09.960, 78, 210, 405, 7.32, 0x0000000000000001
2026/10/02 07:58:10.083, 78, 210, 405, 7.33, 0x0000000000000001
2026/10/02 07:58:10.206, 78, 210, 405, 7.33, 0x0000000000000001
2026/10/02 07:58:10.332, 78, 210, 405, 7.34, 0x0000000000000001
2026/10/02 07:58:10.457, 78, 210, 405, 7.32, 0x0000000000000001
2026/10/02 07:58:10.583, 78, 210, 405, 7.32, 0x0000000000000001
2026/10/02 07:58:10.706, 78, 210, 405, 7.32, 0x0000000000000001
2026/10/02 07:58:10.841, 78, 210, 405, 7.31, 0x0000000000000001
2026/10/02 07:58:10.964, 78, 210, 405, 7.31, 0x0000000000000001
2026/10/02 07:58:11.087, 78, 210, 405, 7.30, 0x0000000000000001
2026/10/02 07:58:11.228, 78, 210, 405, 7.31, 0x0000000000000001
2026/10/02 07:58:11.363, 78, 210, 405, 7.32, 0x0000000000000001
2026/10/02 07:58:11.501, 78, 210, 405, 7.32, 0x0000000000000001
2026/10/02 07:58:11.623, 78, 210, 405, 7.34, 0x0000000000000001
2026/10/02 07:58:11.747, 78, 210, 405, 7.34, 0x0000000000000001
2026/10/02 07:58:11.870, 78, 210, 405, 7.34, 0x0000000000000001
2026/10/02 07:58:12.007, 78, 210, 405, 7.35, 0x0000000000000001
2026/10/02 07:58:12.138, 78, 210, 405, 7.34, 0x0000000000000001
2026/10/02 07:58:12.278, 78, 210, 405, 7.34, 0x0000000000000001
2026/10/02 07:58:12.409, 78, 210, 405, 7.33, 0x0000000000000001
2026/10/02 07:58:12.547, 78, 210, 405, 7.30, 0x0000000000000001
2026/10/02 07:58:12.672, 78, 210, 405, 7.28, 0x0000000000000001
2026/10/02 07:58:12.797, 78, 210, 405, 7.26, 0x0000000000000001
2026/10/02 07:58:12.922, 78, 210, 405, 7.23, 0x0000000000000001
2026/10/02 07:58:13.061, 78, 210, 405, 7.21, 0x0000000000000001
2026/10/02 07:58:13.184, 78, 210, 405, 7.20, 0x0000000000000001
2026/10/02 07:58:13.317, 78, 210, 405, 7.17, 0x0000000000000001
2026/10/02 07:58:13.444, 78, 210, 405, 7.17, 0x0000000000000001
2026/10/02 07:58:13.574, 78, 210, 405, 7.16, 0x0000000000000001
2026/10/02 07:58:13.706, 78, 210, 405, 7.16, 0x0000000000000001
2026/10/02 07:58:13.835, 78, 210, 405, 7.18, 0x0000000000000001
2026/10/02 07:58:13.959, 78, 210, 405, 7.17, 0x0000000000000001
2026/10/02 07:58:14.090, 78, 210, 405, 7.17, 0x0000000000000001
2026/10/02 07:58:14.214, 78, 210, 405, 7.17, 0x0000000000000001
2026/10/02 07:58:14.337, 78, 210, 405, 7.16, 0x0000000000000001
2026/10/02 07:58:14.460, 78, 210, 405, 7.16, 0x0000000000000001
2026/10/02 07:58:14.589, 78, 210, 405, 7.14, 0x0000000000000001
2026/10/02 07:58:14.725, 78, 210, 405, 7.15, 0x0000000000000001
2026/10/02 07:58:14.849, 78, 210, 405, 7.15, 0x0000000000000001
2026/10/02 07:58:14.974, 78, 210, 405, 7.14, 0x0000000000000001
2026/10/02 07:58:15.102, 78, 210, 405, 7.15, 0x0000000000000001
2026/10/02 07:58:15.231, 78, 210, 405, 7.15, 0x0000000000000001
2026/10/02 07:58:15.353, 78, 210, 405, 7.14, 0x0000000000000001
2026/10/02 07:58:15.479, 78, 210, 405, 7.15, 0x0000000000000001
2026/10/02 07:58:15.602, 78, 210, 405, 7.14, 0x0000000000000001
2026/10/02 07:58:15.728, 78, 210, 405, 7.13, 0x0000000000000001
2026/10/02 07:58:15.852, 78, 210, 405, 7.12, 0x0000000000000001
2026/10/02 07:58:15.977, 78, 210, 405, 7.12, 0x0000000000000001
2026/10/02 07:58:16.106, 78, 210, 405, 7.12, 0x0000000000000001
2026/10/02 07:58:16.229, 78, 210, 405, 7.11, 0x0000000000000001
2026/10/02 07:58:16.351, 78, 210, 405, 7.12, 0x0000000000000001
2026/10/02 07:58:16.474, 78, 210, 405, 7.12, 0x0000000000000001
2026/10/02 07:58:16.597, 78, 210, 405, 7.11, 0x0000000000000001
2026/10/02 07:58:16.722, 78, 210, 405, 7.12, 0x0000000000000001
2026/10/02 07:58:16.853, 78, 210, 405, 7.12, 0x0000000000000001
2026/10/02 07:58:16.979, 78, 210, 405, 7.12, 0x0000000000000001
2026/10/02 07:58:17.109, 78, 210, 405, 7.12, 0x0000000000000001
2026/10/02 07:58:17.252, 78, 210, 405, 7.12, 0x0000000000000001
2026/10/02 07:58:17.385, 78, 210, 405, 7.11, 0x0000000000000001
2026/10/02 07:58:17.510, 78, 210, 405, 7.11, 0x0000000000000001
2026/10/02 07:58:17.644, 78, 210, 405, 7.13, 0x0000000000000001
2026/10/02 07:58:17.777, 78, 210, 405, 7.13, 0x0000000000000001
2026/10/02 07:58:17.903, 78, 210, 405, 7.13, 0x0000000000000001
2026/10/02 07:58:18.026, 78, 210, 405, 7.13, 0x0000000000000001
2026/10/02 07:58:18.151, 78, 210, 405, 7.14, 0x0000000000000001
2026/10/02 07:58:18.286, 78, 210, 405, 7.15, 0x0000000000000001
2026/10/02 07:58:18.413, 78, 210, 405, 7.16, 0x0000000000000001
2026/10/02 07:58:18.546, 78, 210, 405, 7.17, 0x0000000000000001
2026/10/02 07:58:18.673, 78, 210, 405, 7.17, 0x0000000000000001
2026/10/02 07:58:18.800, 78, 210, 405, 7.20, 0x0000000000000001
2026/10/02 07:58:18.925, 78, 210, 405, 7.21, 0x0000000000000001
2026/10/02 07:58:19.049, 78, 210, 405, 7.21, 0x0000000000000001
2026/10/02 07:58:19.181, 78, 210, 405, 7.22, 0x0000000000000001
2026/10/02 07:58:19.312, 78, 210, 405, 7.21, 0x0000000000000001
2026/10/02 07:58:19.448, 78, 210, 405, 7.21, 0x0000000000000001
2026/10/02 07:58:19.572, 78, 210, 405, 7.20, 0x0000000000000001
2026/10/02 07:58:19.696, 78, 210, 405, 7.20, 0x0000000000000001
2026/10/02 07:58:19.825, 78, 210, 405, 7.20, 0x0000000000000001
2026/10/02 07:58:19.952, 78, 210, 405, 7.20, 0x0000000000000001
2026/10/02 07:58:20.077, 78, 210, 405, 7.20, 0x0000000000000001
2026/10/02 07:58:20.202, 78, 210, 405, 7.19, 0x0000000000000001
2026/10/02 07:58:20.328, 78, 210, 405, 7.18, 0x0000000000000001
2026/10/02 07:58:20.451, 78, 210, 405, 7.16, 0x0000000000000001
2026/10/02 07:58:20.574, 78, 210, 405, 7.16, 0x0000000000000001
2026/10/02 07:58:20.698, 78, 210, 405, 7.15, 0x0000000000000001
2026/10/02 07:58:20.835, 78, 210, 405, 7.14, 0x0000000000000001
2026/10/02 07:58:20.966, 78, 210, 405, 7.14, 0x0000000000000001
2026/10/02 07:58:21.088, 78, 210, 405, 7.13, 0x0000000000000001
2026/10/02 07:58:21.212, 78, 210, 405, 7.13, 0x0000000000000001
2026/10/02 07:58:21.344, 78, 210, 405, 7.14, 0x0000000000000001
2026/10/02 07:58:21.471, 78, 210, 405, 7.15, 0x0000000000000001
2026/10/02 07:58:21.608, 78, 210, 405, 7.17, 0x0000000000000001
2026/10/02 07:58:21.742, 78, 210, 405, 7.19, 0x0000000000000001
2026/10/02 07:58:21.879, 78, 210, 405, 7.20, 0x0000000000000001
2026/10/02 07:58:22.007, 78, 210, 405, 7.20, 0x0000000000000001
2026/10/02 07:58:22.138, 78, 210, 405, 7.20, 0x0000000000000001
2026/10/02 07:58:22.260, 78, 210, 405, 7.20, 0x0000000000000001
2026/10/02 07:58:22.384, 78, 210, 405, 7.21, 0x0000000000000001
2026/10/02 07:58:22.506, 78, 210, 405, 7.21, 0x0000000000000001
2026/10/02 07:58:22.640, 78, 210, 405, 7.21, 0x0000000000000001
2026/10/02 07:58:22.766, 78, 210, 405, 7.21, 0x0000000000000001
2026/10/02 07:58:22.901, 78, 210, 405, 7.22, 0x0000000000000001
2026/10/02 07:58:23.023, 78, 210, 405, 7.19, 0x0000000000000001
2026/10/02 07:58:23.152, 78, 210, 405, 7.19, 0x0000000000000001
2026/10/02 07:58:23.288, 78, 210, 405, 7.19, 0x0000000000000001
2026/10/02 07:58:23.422, 78, 210, 405, 7.18, 0x0000000000000001
2026/10/02 07:58:23.551, 78, 210, 405, 7.17, 0x0000000000000001
2026/10/02 07:58:23.675, 78, 210, 405, 7.16, 0x0000000000000001
2026/10/02 07:58:23.800, 78, 210, 405, 7.15, 0x0000000000000001
2026/10/02 07:58:23.931, 78, 210, 405, 7.12, 0x0000000000000001
2026/10/02 07:58:24.056, 78, 210, 405, 7.13, 0x0000000000000001
2026/10/02 07:58:24.193, 78, 210, 405, 7.13, 0x0000000000000001
2026/10/02 07:58:24.326, 78, 210, 405, 7.13, 0x0000000000000001
2026/10/02 07:58:24.450, 78, 210, 405, 7.13, 0x0000000000000001
2026/10/02 07:58:24.573, 78, 210, 405, 7.14, 0x0000000000000001
2026/10/02 07:58:24.711, 78, 210, 405, 7.18, 0x0000000000000001
2026/10/02 07:58:24.847, 78, 210, 405, 7.20, 0x0000000000000001
2026/10/02 07:58:24.969, 78, 210, 405, 7.22, 0x0000000000000001
2026/10/02 07:58:25.093, 78, 210, 405, 7.21, 0x0000000000000001
2026/10/02 07:58:25.221, 78, 210, 405, 7.20, 0x0000000000000001
2026/10/02 07:58:25.343, 78, 210, 405, 7.20, 0x0000000000000001
2026/10/02 07:58:25.471, 78, 210, 405, 7.19, 0x0000000000000001
2026/10/02 07:58:25.609, 78, 210, 405, 7.17, 0x0000000000000001
2026/10/02 07:58:25.734, 78, 210, 405, 7.15, 0x0000000000000001
2026/10/02 07:58:25.858, 78, 210, 405, 7.12, 0x0000000000000001
2026/10/02 07:58:25.985, 78, 210, 405, 7.10, 0x0000000000000001
2026/10/02 07:58:26.107, 78, 210, 405, 7.09, 0x0000000000000001
2026/10/02 07:58:26.248, 78, 210, 405, 7.09, 0x0000000000000001
2026/10/02 07:58:26.379, 78, 210, 405, 7.09, 0x0000000000000001
2026/10/02 07:58:26.513, 78, 210, 405, 7.10, 0x0000000000000001
2026/10/02 07:58:26.646, 78, 210, 405, 7.12, 0x0000000000000001
2026/10/02 07:58:26.768, 78, 210, 405, 7.12, 0x0000000000000001
2026/10/02 07:58:26.891, 78, 210, 405, 7.13, 0x0000000000000001
2026/10/02 07:58:27.018, 78, 210, 405, 7.14, 0x0000000000000001
2026/10/02 07:58:27.141, 78, 210, 405, 7.13, 0x0000000000000001
2026/10/02 07:58:27.264, 78, 210, 405, 7.14, 0x0000000000000001
2026/10/02 07:58:27.390, 78, 210, 405, 7.15, 0x0000000000000001
2026/10/02 07:58:27.524, 78, 210, 405, 7.17, 0x0000000000000001
2026/10/02 07:58:27.659, 78, 210, 405, 7.16, 0x0000000000000001
2026/10/02 07:58:27.783, 78, 210, 405, 7.16, 0x0000000000000001
2026/10/02 07:58:27.909, 78, 210, 405, 7.16, 0x0000000000000001
2026/10/02 07:58:28.036, 78, 210, 405, 7.18, 0x0000000000000001
2026/10/02 07:58:28.161, 78, 210, 405, 7.18, 0x0000000000000001
2026/10/02 07:58:28.287, 78, 210, 405, 7.18, 0x0000000000000001
2026/10/02 07:58:28.419, 78, 210, 405, 7.18, 0x0000000000000001
2026/10/02 07:58:28.549, 78, 210, 405, 7.18, 0x0000000000000001
2026/10/02 07:58:28.681, 78, 210, 405, 7.18, 0x0000000000000001
2026/10/02 07:58:28.807, 78, 210, 405, 7.16, 0x0000000000000001
2026/10/02 07:58:28.931, 78, 210, 405, 7.16, 0x0000000000000001
2026/10/02 07:58:29.055, 78, 210, 405, 7.16, 0x0000000000000001
2026/10/02 07:58:29.188, 78, 210, 405, 7.16, 0x0000000000000001
2026/10/02 07:58:29.311, 78, 210, 405, 7.15, 0x0000000000000001
2026/10/02 07:58:29.436, 78, 210, 405, 7.14, 0x0000000000000001
2026/10/02 07:58:29.559, 78, 210, 405, 7.14, 0x0000000000000001
2026/10/02 07:58:29.686, 78, 210, 405, 7.14, 0x0000000000000001
2026/10/02 07:58:29.821, 78, 210, 405, 7.14, 0x0000000000000001
2026/10/02 07:58:29.951, 78, 210, 405, 7.13, 0x0000000000000001
2026/10/02 07:58:30.083, 78, 210, 405, 7.12, 0x0000000000000001
2026/10/02 07:58:30.214, 78, 210, 405, 7.11, 0x0000000000000001
2026/10/02 07:58:30.337, 78, 210, 405, 7.11, 0x0000000000000001
2026/10/02 07:58:30.466, 78, 210, 405, 7.11, 0x0000000000000001
2026/10/02 07:58:30.605, 78, 210, 405, 7.11, 0x0000000000000001
2026/10/02 07:58:30.730, 78, 210, 405, 7.10, 0x0000000000000001
2026/10/02 07:58:30.855, 78, 210, 405, 7.10, 0x0000000000000001
2026/10/02 07:58:30.990, 78, 210, 405, 7.11, 0x0000000000000001
2026/10/02 07:58:31.129, 78, 210, 405, 7.09, 0x0000000000000001
2026/10/02 07:58:31.254, 78, 210, 405, 7.08, 0x0000000000000001
2026/10/02 07:58:31.379, 78, 210, 405, 7.07, 0x0000000000000001
2026/10/02 07:58:31.502, 78, 210, 405, 7.07, 0x0000000000000001
2026/10/02 07:58:31.632, 78, 210, 405, 7.05, 0x0000000000000001
2026/10/02 07:58:31.754, 78, 210, 405, 7.05, 0x0000000000000001
2026/10/02 07:58:31.888, 78, 210, 405, 7.05, 0x0000000000000001
2026/10/02 07:58:32.013, 78, 210, 405, 7.06, 0x0000000000000001
2026/10/02 07:58:32.142, 78, 210, 405, 7.06, 0x0000000000000001
2026/10/02 07:58:32.265, 78, 210, 405, 7.07, 0x0000000000000001
2026/10/02 07:58:32.389, 78, 210, 405, 7.09, 0x0000000000000001
2026/10/02 07:58:32.512, 78, 210, 405, 7.09, 0x0000000000000001
2026/10/02 07:58:32.635, 78, 210, 405, 7.09, 0x0000000000000001
2026/10/02 07:58:32.759, 78, 210, 405, 7.10, 0x0000000000000001
2026/10/02 07:58:32.882, 78, 210, 405, 7.09, 0x0000000000000001
2026/10/02 07:58:33.015, 78, 210, 405, 7.08, 0x0000000000000001
2026/10/02 07:58:33.138, 78, 210, 405, 7.08, 0x0000000000000001
2026/10/02 07:58:33.262, 78, 210, 405, 7.07, 0x0000000000000001
2026/10/02 07:58:33.386, 78, 210, 405, 7.08, 0x0000000000000001
2026/10/02 07:58:33.514, 78, 210, 405, 7.08, 0x0000000000000001
2026/10/02 07:58:33.639, 78, 210, 405, 7.09, 0x0000000000000001
2026/10/02 07:58:33.767, 78, 210, 405, 7.09, 0x0000000000000001
2026/10/02 07:58:33.901, 78, 210, 405, 7.09, 0x0000000000000001
2026/10/02 07:58:34.027, 78, 210, 405, 7.09, 0x0000000000000001
2026/10/02 07:58:34.150, 78, 210, 405, 7.09, 0x0000000000000001
2026/10/02 07:58:34.278, 78, 210, 405, 7.09, 0x0000000000000001
2026/10/02 07:58:34.410, 78, 210, 405, 7.09, 0x0000000000000001
2026/10/02 07:58:34.534, 78, 210, 405, 7.09, 0x0000000000000001
2026/10/02 07:58:34.666, 78, 210, 405, 7.10, 0x0000000000000001
2026/10/02 07:58:34.790, 78, 210, 405, 7.10, 0x0000000000000001
2026/10/02 07:58:34.914, 78, 210, 405, 7.11, 0x0000000000000001
2026/10/02 07:58:35.049, 78, 210, 405, 7.12, 0x0000000000000001
2026/10/02 07:58:35.172, 78, 210, 405, 7.12, 0x0000000000000001
2026/10/02 07:58:35.297, 78, 210, 405, 7.12, 0x0000000000000001
2026/10/02 07:58:35.421, 78, 210, 405, 7.12, 0x0000000000000001
2026/10/02 07:58:35.545, 78, 210, 405, 7.11, 0x0000000000000001
2026/10/02 07:58:35.679, 78, 210, 405, 7.12, 0x0000000000000001
2026/10/02 07:58:35.812, 78, 210, 405, 7.12, 0x0000000000000001
2026/10/02 07:58:35.935, 78, 210, 405, 7.13, 0x0000000000000001
2026/10/02 07:58:36.058, 78, 210, 405, 7.13, 0x0000000000000001
2026/10/02 07:58:36.189, 78, 210, 405, 7.13, 0x0000000000000001
2026/10/02 07:58:36.312, 78, 210, 405, 7.15, 0x0000000000000001
2026/10/02 07:58:36.437, 78, 210, 405, 7.15, 0x0000000000000001
2026/10/02 07:58:36.563, 78, 210, 405, 7.15, 0x0000000000000001
2026/10/02 07:58:36.690, 78, 210, 405, 7.16, 0x0000000000000001
2026/10/02 07:58:36.825, 78, 210, 405, 7.16, 0x0000000000000001
2026/10/02 07:58:36.954, 78, 210, 405, 7.17, 0x0000000000000001
2026/10/02 07:58:37.077, 78, 210, 405, 7.16, 0x0000000000000001
2026/10/02 07:58:37.200, 78, 210, 405, 7.15, 0x0000000000000001
2026/10/02 07:58:37.327, 78, 210, 405, 7.15, 0x0000000000000001
2026/10/02 07:58:37.453, 78, 210, 405, 7.14, 0x0000000000000001
2026/10/02 07:58:37.576, 78, 210, 405, 7.13, 0x0000000000000001
2026/10/02 07:58:37.698, 78, 210, 405, 7.12, 0x0000000000000001
2026/10/02 07:58:37.829, 78, 210, 405, 7.11, 0x0000000000000001
2026/10/02 07:58:37.954, 78, 210, 405, 7.08, 0x0000000000000001
2026/10/02 07:58:38.079, 78, 210, 405, 7.07, 0x0000000000000001
2026/10/02 07:58:38.212, 78, 210, 405, 7.07, 0x0000000000000001
2026/10/02 07:58:38.335, 78, 210, 405, 7.05, 0x0000000000000001
2026/10/02 07:58:38.460, 78, 210, 405, 7.04, 0x0000000000000001
2026/10/02 07:58:38.592, 78, 210, 405, 7.03, 0x0000000000000001
2026/10/02 07:58:38.726, 78, 210, 405, 7.03, 0x0000000000000001
2026/10/02 07:58:38.851, 78, 210, 405, 7.02, 0x0000000000000001
2026/10/02 07:58:38.977, 78, 210, 405, 7.04, 0x0000000000000001
2026/10/02 07:58:39.110, 78, 210, 405, 7.06, 0x0000000000000001
2026/10/02 07:58:39.235, 78, 210, 405, 7.07, 0x0000000000000001
2026/10/02 07:58:39.359, 78, 210, 405, 7.07, 0x0000000000000001
2026/10/02 07:58:39.488, 78, 210, 405, 7.08, 0x0000000000000001
2026/10/02 07:58:39.622, 78, 210, 405, 7.09, 0x0000000000000001
2026/10/02 07:58:39.749, 78, 210, 405, 7.10, 0x0000000000000001
2026/10/02 07:58:39.873, 78, 210, 405, 7.12, 0x0000000000000001
2026/10/02 07:58:40.004, 78, 210, 405, 7.13, 0x0000000000000001
2026/10/02 07:58:40.130, 78, 210, 405, 7.13, 0x0000000000000001
2026/10/02 07:58:40.260, 78, 210, 405, 7.12, 0x0000000000000001
2026/10/02 07:58:40.387, 78, 210, 405, 7.12, 0x0000000000000001
2026/10/02 07:58:40.510, 78, 210, 405, 7.11, 0x0000000000000001
2026/10/02 07:58:40.640, 78, 210, 405, 7.11, 0x0000000000000001
2026/10/02 07:58:40.766, 78, 210, 405, 7.11, 0x0000000000000001
2026/10/02 07:58:40.890, 78, 210, 405, 7.10, 0x0000000000000001
2026/10/02 07:58:41.034, 78, 210, 405, 7.05, 0x0000000000000001
2026/10/02 07:58:41.163, 78, 210, 405, 7.05, 0x0000000000000001
2026/10/02 07:58:41.286, 78, 210, 405, 7.05, 0x0000000000000001
2026/10/02 07:58:41.423, 78, 210, 405, 7.04, 0x0000000000000001
2026/10/02 07:58:41.547, 78, 210, 405, 7.04, 0x0000000000000001
2026/10/02 07:58:41.671, 78, 210, 405, 7.05, 0x0000000000000001
2026/10/02 07:58:41.803, 78, 210, 405, 7.04, 0x0000000000000001
2026/10/02 07:58:41.930, 78, 210, 405, 7.04, 0x0000000000000001
2026/10/02 07:58:42.054, 78, 210, 405, 7.04, 0x0000000000000001
2026/10/02 07:58:42.182, 78, 210, 405, 7.05, 0x0000000000000001
2026/10/02 07:58:42.312, 78, 210, 405, 7.07, 0x0000000000000001
2026/10/02 07:58:42.435, 78, 210, 405, 7.07, 0x0000000000000001
2026/10/02 07:58:42.566, 78, 210, 405, 7.07, 0x0000000000000001
2026/10/02 07:58:42.688, 78, 210, 405, 7.07, 0x0000000000000001
2026/10/02 07:58:42.814, 78, 210, 405, 7.10, 0x0000000000000001
2026/10/02 07:58:42.956, 78, 210, 405, 7.11, 0x0000000000000001
2026/10/02 07:58:43.080, 78, 210, 405, 7.12, 0x0000000000000001
2026/10/02 07:58:43.204, 78, 210, 405, 7.14, 0x0000000000000001
2026/10/02 07:58:43.331, 78, 210, 405, 7.14, 0x0000000000000001
2026/10/02 07:58:43.455, 78, 210, 405, 7.15, 0x0000000000000001
2026/10/02 07:58:43.583, 78, 210, 405, 7.15, 0x0000000000000001
2026/10/02 07:58:43.719, 78, 210, 405, 7.16, 0x0000000000000001
2026/10/02 07:58:43.851, 78, 210, 405, 7.16, 0x0000000000000001
2026/10/02 07:58:43.980, 78, 210, 405, 7.15, 0x0000000000000001
2026/10/02 07:58:44.104, 78, 210, 405, 7.15, 0x0000000000000001
2026/10/02 07:58:44.230, 78, 210, 405, 7.15, 0x0000000000000001
2026/10/02 07:58:44.356, 78, 210, 405, 7.13, 0x0000000000000001
2026/10/02 07:58:44.487, 78, 210, 405, 7.13, 0x0000000000000001
2026/10/02 07:58:44.613, 78, 210, 405, 7.12, 0x0000000000000001
2026/10/02 07:58:44.739, 78, 210, 405, 7.12, 0x0000000000000001
2026/10/02 07:58:44.864, 78, 210, 405, 7.12, 0x0000000000000001
2026/10/02 07:58:44.987, 78, 210, 405, 7.11, 0x0000000000000001
2026/10/02 07:58:45.120, 78, 210, 405, 7.10, 0x0000000000000001
2026/10/02 07:58:45.261, 78, 210, 405, 7.10, 0x0000000000000001
2026/10/02 07:58:45.388, 78, 210, 405, 7.11, 0x0000000000000001
2026/10/02 07:58:45.511, 78, 210, 405, 7.12, 0x0000000000000001
2026/10/02 07:58:45.640, 78, 210, 405, 7.12, 0x0000000000000001
2026/10/02 07:58:45.764, 78, 210, 405, 7.13, 0x0000000000000001
2026/10/02 07:58:45.894, 78, 210, 405, 7.13, 0x0000000000000001
2026/10/02 07:58:46.017, 78, 210, 405, 7.13, 0x0000000000000001
2026/10/02 07:58:46.140, 78, 210, 405, 7.14, 0x0000000000000001
2026/10/02 07:58:46.263, 78, 210, 405, 7.13, 0x0000000000000001
2026/10/02 07:58:46.390, 78, 210, 405, 7.12, 0x0000000000000001
2026/10/02 07:58:46.514, 78, 210, 405, 7.12, 0x0000000000000001
2026/10/02 07:58:46.652, 78, 210, 405, 7.11, 0x0000000000000001
2026/10/02 07:58:46.783, 78, 210, 405, 7.10, 0x0000000000000001
2026/10/02 07:58:46.910, 78, 210, 405, 7.08, 0x0000000000000001
2026/10/02 07:58:47.034, 78, 210, 405, 7.08, 0x0000000000000001
2026/10/02 07:58:47.159, 78, 210, 405, 7.07, 0x0000000000000001
2026/10/02 07:58:47.290, 78, 210, 405, 7.07, 0x0000000000000001
2026/10/02 07:58:47.415, 78, 210, 405, 7.06, 0x0000000000000001
2026/10/02 07:58:47.553, 78, 210, 405, 7.05, 0x0000000000000001
2026/10/02 07:58:47.686, 78, 210, 405, 7.04, 0x0000000000000001
2026/10/02 07:58:47.815, 78, 210, 405, 7.07, 0x0000000000000001
2026/10/02 07:58:47.950, 78, 210, 405, 7.09, 0x0000000000000001
2026/10/02 07:58:48.079, 78, 210, 405, 7.10, 0x0000000000000001
2026/10/02 07:58:48.203, 78, 210, 405, 7.09, 0x0000000000000001
2026/10/02 07:58:48.337, 78, 210, 405, 7.10, 0x0000000000000001
2026/10/02 07:58:48.460, 78, 210, 405, 7.10, 0x0000000000000001
2026/10/02 07:58:48.582, 78, 210, 405, 7.09, 0x0000000000000001
2026/10/02 07:58:48.704, 78, 210, 405, 7.07, 0x0000000000000001
2026/10/02 07:58:48.830, 78, 210, 405, 7.06, 0x0000000000000001
2026/10/02 07:58:48.953, 78, 210, 405, 7.03, 0x0000000000000001
2026/10/02 07:58:49.080, 78, 210, 405, 7.03, 0x0000000000000001
2026/10/02 07:58:49.215, 78, 210, 405, 7.02, 0x0000000000000001
2026/10/02 07:58:49.353, 78, 210, 405, 7.03, 0x0000000000000001
2026/10/02 07:58:49.496, 78, 210, 405, 7.03, 0x0000000000000001
2026/10/02 07:58:49.652, 78, 210, 405, 7.05, 0x0000000000000001
2026/10/02 07:58:49.783, 78, 210, 405, 7.06, 0x0000000000000001
2026/10/02 07:58:49.914, 78, 210, 405, 7.07, 0x0000000000000001
2026/10/02 07:58:50.039, 78, 210, 405, 7.07, 0x0000000000000001
2026/10/02 07:58:50.168, 78, 210, 405, 7.08, 0x0000000000000001
2026/10/02 07:58:50.291, 78, 210, 405, 7.08, 0x0000000000000001
2026/10/02 07:58:50.424, 78, 210, 405, 7.10, 0x0000000000000001
2026/10/02 07:58:50.548, 78, 210, 405, 7.10, 0x0000000000000001
2026/10/02 07:58:50.675, 78, 210, 405, 7.11, 0x0000000000000001
2026/10/02 07:58:50.803, 78, 210, 405, 7.11, 0x0000000000000001
2026/10/02 07:58:50.933, 78, 210, 405, 7.12, 0x0000000000000001
2026/10/02 07:58:51.056, 78, 210, 405, 7.13, 0x0000000000000001
2026/10/02 07:58:51.180, 78, 210, 405, 7.13, 0x0000000000000001
2026/10/02 07:58:51.303, 78, 210, 405, 7.12, 0x0000000000000001
2026/10/02 07:58:51.429, 78, 210, 405, 7.13, 0x0000000000000001
2026/10/02 07:58:51.555, 78, 210, 405, 7.11, 0x0000000000000001
2026/10/02 07:58:51.681, 78, 210, 405, 7.11, 0x0000000000000001
2026/10/02 07:58:51.815, 78, 210, 405, 7.10, 0x0000000000000001
2026/10/02 07:58:51.942, 78, 210, 405, 7.11, 0x0000000000000001
2026/10/02 07:58:52.065, 78, 210, 405, 7.10, 0x0000000000000001
2026/10/02 07:58:52.188, 78, 210, 405, 7.10, 0x0000000000000001
2026/10/02 07:58:52.313, 78, 210, 405, 7.11, 0x0000000000000001
2026/10/02 07:58:52.441, 78, 210, 405, 7.12, 0x0000000000000001
2026/10/02 07:58:52.565, 78, 210, 405, 7.11, 0x0000000000000001
2026/10/02 07:58:52.687, 78, 210, 405, 7.13, 0x0000000000000001
2026/10/02 07:58:52.834, 78, 210, 405, 7.13, 0x0000000000000001
2026/10/02 07:58:52.966, 78, 210, 405, 7.12, 0x0000000000000001
2026/10/02 07:58:53.091, 78, 210, 405, 7.12, 0x0000000000000001
2026/10/02 07:58:53.229, 78, 210, 405, 7.12, 0x0000000000000001
2026/10/02 07:58:53.375, 78, 210, 405, 7.13, 0x0000000000000001
2026/10/02 07:58:53.510, 78, 210, 405, 7.11, 0x0000000000000001
2026/10/02 07:58:53.633, 78, 210, 405, 7.10, 0x0000000000000001
2026/10/02 07:58:53.760, 78, 210, 405, 7.09, 0x0000000000000001
2026/10/02 07:58:53.884, 78, 210, 405, 7.07, 0x0000000000000001
2026/10/02 07:58:54.016, 78, 210, 405, 7.06, 0x0000000000000001
2026/10/02 07:58:54.147, 78, 210, 405, 7.06, 0x0000000000000001
2026/10/02 07:58:54.271, 78, 210, 405, 7.06, 0x0000000000000001
2026/10/02 07:58:54.398, 78, 210, 405, 7.04, 0x0000000000000001
2026/10/02 07:58:54.527, 78, 210, 405, 7.05, 0x0000000000000001
2026/10/02 07:58:54.649, 78, 210, 405, 7.06, 0x0000000000000001
2026/10/02 07:58:54.782, 78, 210, 405, 7.08, 0x0000000000000001
2026/10/02 07:58:54.907, 78, 210, 405, 7.12, 0x0000000000000001
2026/10/02 07:58:55.030, 78, 210, 405, 7.14, 0x0000000000000001
2026/10/02 07:58:55.163, 78, 210, 405, 7.17, 0x0000000000000001
2026/10/02 07:58:55.294, 78, 210, 405, 7.17, 0x0000000000000001
2026/10/02 07:58:55.423, 78, 210, 405, 7.20, 0x0000000000000001
2026/10/02 07:58:55.552, 78, 210, 405, 7.21, 0x0000000000000001
2026/10/02 07:58:55.674, 78, 210, 405, 7.21, 0x0000000000000001
2026/10/02 07:58:55.802, 78, 210, 405, 7.21, 0x0000000000000001
2026/10/02 07:58:55.935, 78, 210, 405, 7.21, 0x0000000000000001
2026/10/02 07:58:56.065, 78, 210, 405, 7.20, 0x0000000000000001
2026/10/02 07:58:56.190, 78, 210, 405, 7.20, 0x0000000000000001
2026/10/02 07:58:56.321, 78, 210, 405, 7.20, 0x0000000000000001
2026/10/02 07:58:56.457, 78, 210, 405, 7.19, 0x0000000000000001
2026/10/02 07:58:56.579, 78, 210, 405, 7.18, 0x0000000000000001
2026/10/02 07:58:56.702, 78, 210, 405, 7.18, 0x0000000000000001
2026/10/02 07:58:56.835, 78, 210, 405, 7.18, 0x0000000000000001
2026/10/02 07:58:56.964, 78, 210, 405, 7.17, 0x0000000000000001
2026/10/02 07:58:57.088, 78, 210, 405, 7.16, 0x0000000000000001
2026/10/02 07:58:57.212, 78, 210, 405, 7.14, 0x0000000000000001
2026/10/02 07:58:57.334, 78, 210, 405, 7.13, 0x0000000000000001
2026/10/02 07:58:57.457, 78, 210, 405, 7.13, 0x0000000000000001
2026/10/02 07:58:57.581, 78, 210, 405, 7.13, 0x0000000000000001
2026/10/02 07:58:57.705, 78, 210, 405, 7.13, 0x0000000000000001
2026/10/02 07:58:57.830, 78, 210, 405, 7.14, 0x0000000000000001
2026/10/02 07:58:57.961, 78, 210, 405, 7.13, 0x0000000000000001
2026/10/02 07:58:58.085, 78, 210, 405, 7.12, 0x0000000000000001
2026/10/02 07:58:58.221, 78, 210, 405, 7.11, 0x0000000000000001
2026/10/02 07:58:58.345, 78, 210, 405, 7.11, 0x0000000000000001
2026/10/02 07:58:58.468, 78, 210, 405, 7.11, 0x0000000000000001
2026/10/02 07:58:58.592, 78, 210, 405, 7.10, 0x0000000000000001
2026/10/02 07:58:58.717, 78, 210, 405, 7.08, 0x0000000000000001
2026/10/02 07:58:58.842, 78, 210, 405, 7.07, 0x0000000000000001
2026/10/02 07:58:58.967, 78, 210, 405, 7.07, 0x0000000000000001
2026/10/02 07:58:59.106, 78, 210, 405, 7.07, 0x0000000000000001
2026/10/02 07:58:59.233, 78, 210, 405, 7.07, 0x0000000000000001
2026/10/02 07:58:59.356, 78, 210, 405, 7.08, 0x0000000000000001
2026/10/02 07:58:59.478, 78, 210, 405, 7.09, 0x0000000000000001
2026/10/02 07:58:59.602, 78, 210, 405, 7.13, 0x0000000000000001
2026/10/02 07:58:59.729, 78, 210, 405, 7.15, 0x0000000000000001
2026/10/02 07:58:59.852, 78, 210, 405, 7.17, 0x0000000000000001
2026/10/02 07:58:59.985, 78, 210, 405, 7.19, 0x0000000000000001
2026/10/02 07:59:00.119, 78, 210, 405, 7.21, 0x0000000000000001
2026/10/02 07:59:00.257, 78, 210, 405, 7.21, 0x0000000000000001
2026/10/02 07:59:00.382, 78, 210, 405, 7.21, 0x0000000000000001
2026/10/02 07:59:00.528, 78, 210, 405, 7.19, 0x0000000000000001
2026/10/02 07:59:00.660, 78, 210, 405, 7.19, 0x0000000000000001
2026/10/02 07:59:00.821, 78, 210, 405, 7.32, 0x0000000000000001
2026/10/02 07:59:00.948, 78, 210, 405, 8.14, 0x0000000000000001
2026/10/02 07:59:01.068, 78, 210, 405, 9.33, 0x0000000000000001
2026/10/02 07:59:01.188, 78, 1890, 8001, 10.53, 0x0000000000000001
2026/10/02 07:59:01.308, 79, 1890, 8001, 12.85, 0x0000000000000001
2026/10/02 07:59:01.426, 79, 1890, 8001, 14.04, 0x0000000000000001
2026/10/02 07:59:01.547, 79, 1890, 8001, 15.30, 0x0000000000000001
2026/10/02 07:59:01.668, 79, 1890, 8001, 16.43, 0x0000000000000001
2026/10/02 07:59:01.787, 79, 1890, 8001, 17.60, 0x0000000000000001
2026/10/02 07:59:01.914, 79, 1890, 8001, 19.82, 0x0000000000000001
2026/10/02 07:59:02.033, 79, 1890, 8001, 20.14, 0x0000000000000001
2026/10/02 07:59:02.153, 79, 1890, 8001, 20.11, 0x0000000000000001
2026/10/02 07:59:02.273, 80, 1890, 8001, 20.09, 0x0000000000000001
2026/10/02 07:59:02.388, 80, 1890, 8001, 20.11, 0x0000000000000001
2026/10/02 07:59:02.508, 80, 1890, 8001, 20.14, 0x0000000000000001
2026/10/02 07:59:02.625, 80, 1890, 8001, 20.13, 0x0000000000000001
2026/10/02 07:59:02.746, 80, 1890, 8001, 20.15, 0x0000000000000001
2026/10/02 07:59:02.867, 80, 1890, 8001, 20.15, 0x0000000000000001
2026/10/02 07:59:02.985, 80, 1890, 8001, 20.16, 0x0000000000000001
2026/10/02 07:59:03.117, 80, 1890, 8001, 20.20, 0x0000000000000001
2026/10/02 07:59:03.240, 80, 1890, 8001, 20.21, 0x0000000000000001
2026/10/02 07:59:03.362, 80, 1890, 8001, 20.22, 0x0000000000000001
2026/10/02 07:59:03.487, 80, 1890, 8001, 20.23, 0x0000000000000001
2026/10/02 07:59:03.613, 80, 1890, 8001, 20.24, 0x0000000000000001
2026/10/02 07:59:03.730, 80, 1890, 8001, 20.25, 0x0000000000000001
2026/10/02 07:59:03.846, 80, 1890, 8001, 20.24, 0x0000000000000001
2026/10/02 07:59:03.974, 80, 1890, 8001, 20.23, 0x0000000000000001
2026/10/02 07:59:04.099, 80, 1890, 8001, 20.21, 0x0000000000000001
2026/10/02 07:59:04.219, 80, 1890, 8001, 20.22, 0x0000000000000001
2026/10/02 07:59:04.336, 80, 1890, 8001, 20.23, 0x0000000000000001
2026/10/02 07:59:04.451, 80, 1890, 8001, 20.23, 0x0000000000000001
2026/10/02 07:59:04.567, 80, 1890, 8001, 20.22, 0x0000000000000001
2026/10/02 07:59:04.688, 80, 1890, 8001, 20.23, 0x0000000000000001
2026/10/02 07:59:04.810, 80, 1890, 8001, 20.22, 0x0000000000000001
2026/10/02 07:59:04.932, 80, 1890, 8001, 19.55, 0x0000000000000001
2026/10/02 07:59:05.050, 80, 1890, 8001, 18.86, 0x0000000000000001
2026/10/02 07:59:05.169, 80, 1890, 8001, 18.16, 0x0000000000000001
2026/10/02 07:59:05.290, 80, 405, 6001, 17.49, 0x0000000000000001
2026/10/02 07:59:05.413, 80, 405, 6001, 16.09, 0x0000000000000001
2026/10/02 07:59:05.540, 80, 405, 6001, 15.40, 0x0000000000000001
2026/10/02 07:59:05.665, 79, 405, 6001, 14.49, 0x0000000000000001
2026/10/02 07:59:05.791, 79, 345, 810, 13.55, 0x0000000000000001
2026/10/02 07:59:05.912, 79, 345, 810, 11.52, 0x0000000000000001
2026/10/02 07:59:06.055, 79, 345, 810, 11.24, 0x0000000000000001
2026/10/02 07:59:06.179, 79, 270, 810, 10.98, 0x0000000000000001
2026/10/02 07:59:06.303, 79, 270, 810, 10.65, 0x0000000000000001
2026/10/02 07:59:06.445, 79, 270, 810, 10.19, 0x0000000000000001
2026/10/02 07:59:06.576, 79, 270, 810, 9.92, 0x0000000000000001
2026/10/02 07:59:06.697, 79, 255, 810, 9.90, 0x0000000000000001
2026/10/02 07:59:06.837, 79, 255, 810, 9.91, 0x0000000000000001
2026/10/02 07:59:06.969, 79, 255, 810, 9.91, 0x0000000000000001
2026/10/02 07:59:07.110, 79, 255, 810, 9.98, 0x0000000000000001
2026/10/02 07:59:07.249, 79, 240, 810, 9.98, 0x0000000000000001
2026/10/02 07:59:07.383, 79, 240, 810, 9.98, 0x0000000000000001
2026/10/02 07:59:07.525, 79, 240, 810, 9.97, 0x0000000000000001
2026/10/02 07:59:07.663, 79, 240, 810, 9.98, 0x0000000000000001
2026/10/02 07:59:07.794, 79, 225, 810, 9.98, 0x0000000000000001
2026/10/02 07:59:07.926, 79, 225, 810, 9.96, 0x0000000000000001
2026/10/02 07:59:08.064, 79, 225, 810, 9.96, 0x0000000000000001
2026/10/02 07:59:08.196, 79, 225, 810, 9.96, 0x0000000000000001
2026/10/02 07:59:08.327, 79, 225, 810, 9.94, 0x0000000000000001
2026/10/02 07:59:08.458, 79, 225, 810, 9.91, 0x0000000000000001
2026/10/02 07:59:08.587, 79, 225, 810, 9.88, 0x0000000000000001
2026/10/02 07:59:08.721, 79, 210, 810, 9.83, 0x0000000000000001
2026/10/02 07:59:08.848, 79, 210, 810, 9.81, 0x0000000000000001
2026/10/02 07:59:08.972, 79, 210, 810, 9.81, 0x0000000000000001
2026/10/02 07:59:09.100, 79, 210, 810, 9.81, 0x0000000000000001
2026/10/02 07:59:09.247, 79, 210, 405, 9.64, 0x0000000000000001
2026/10/02 07:59:09.399, 79, 210, 405, 9.28, 0x0000000000000001
2026/10/02 07:59:09.551, 79, 210, 405, 9.09, 0x0000000000000001
2026/10/02 07:59:09.686, 79, 450, 810, 9.12, 0x0000000000000001
2026/10/02 07:59:09.824, 79, 450, 810, 9.18, 0x0000000000000001
2026/10/02 07:59:09.973, 79, 450, 810, 9.16, 0x0000000000000001
2026/10/02 07:59:10.102, 79, 450, 810, 9.29, 0x0000000000000001
2026/10/02 07:59:10.255, 79, 450, 810, 9.28, 0x0000000000000001
2026/10/02 07:59:10.385, 79, 450, 810, 9.47, 0x0000000000000001
2026/10/02 07:59:10.518, 79, 450, 810, 10.05, 0x0000000000000001
2026/10/02 07:59:10.661, 79, 450, 810, 10.04, 0x0000000000000001
2026/10/02 07:59:10.801, 79, 450, 810, 10.02, 0x0000000000000001
2026/10/02 07:59:10.952, 79, 450, 810, 10.01, 0x0000000000000001
2026/10/02 07:59:11.093, 79, 450, 810, 9.96, 0x0000000000000001
2026/10/02 07:59:11.230, 79, 450, 810, 9.96, 0x0000000000000001
2026/10/02 07:59:11.356, 79, 450, 810, 9.96, 0x0000000000000001
2026/10/02 07:59:11.492, 79, 450, 810, 9.54, 0x0000000000000001
2026/10/02 07:59:11.641, 79, 450, 810, 9.33, 0x0000000000000001
2026/10/02 07:59:11.771, 79, 300, 405, 9.10, 0x0000000000000001
2026/10/02 07:59:11.896, 79, 300, 405, 8.52, 0x0000000000000001
2026/10/02 07:59:12.036, 79, 300, 405, 8.46, 0x0000000000000001
2026/10/02 07:59:12.178, 79, 315, 405, 8.09, 0x0000000000000001
2026/10/02 07:59:12.316, 79, 315, 405, 7.77, 0x0000000000000001
2026/10/02 07:59:12.457, 79, 315, 405, 7.51, 0x0000000000000001
2026/10/02 07:59:12.585, 79, 315, 405, 7.52, 0x0000000000000001
2026/10/02 07:59:12.721, 79, 315, 405, 7.53, 0x0000000000000001
2026/10/02 07:59:12.874, 79, 315, 405, 7.56, 0x0000000000000001
2026/10/02 07:59:13.004, 79, 315, 405, 7.57, 0x0000000000000001
2026/10/02 07:59:13.138, 79, 315, 405, 7.55, 0x0000000000000001
2026/10/02 07:59:13.282, 79, 315, 405, 7.55, 0x0000000000000001
2026/10/02 07:59:13.429, 79, 315, 405, 7.62, 0x0000000000000001
2026/10/02 07:59:13.562, 79, 315, 405, 7.63, 0x0000000000000001
2026/10/02 07:59:13.706, 79, 315, 405, 7.64, 0x0000000000000001
2026/10/02 07:59:13.838, 79, 315, 405, 7.64, 0x0000000000000001
2026/10/02 07:59:13.979, 79, 315, 405, 7.65, 0x0000000000000001
2026/10/02 07:59:14.134, 79, 315, 405, 7.67, 0x0000000000000001
2026/10/02 07:59:14.269, 79, 375, 405, 7.65, 0x0000000000000001
2026/10/02 07:59:14.406, 79, 375, 405, 7.61, 0x0000000000000001
2026/10/02 07:59:14.542, 79, 375, 405, 7.60, 0x0000000000000001
2026/10/02 07:59:14.684, 79, 375, 405, 7.60, 0x0000000000000001
2026/10/02 07:59:14.821, 79, 375, 405, 7.59, 0x0000000000000001
2026/10/02 07:59:14.972, 79, 375, 405, 7.59, 0x0000000000000001
2026/10/02 07:59:15.115, 79, 375, 405, 7.54, 0x0000000000000001
2026/10/02 07:59:15.247, 79, 375, 405, 7.55, 0x0000000000000001
2026/10/02 07:59:15.377, 79, 375, 405, 7.58, 0x0000000000000001
2026/10/02 07:59:15.520, 79, 375, 405, 7.60, 0x0000000000000001
2026/10/02 07:59:15.665, 79, 375, 405, 7.61, 0x0000000000000001
2026/10/02 07:59:15.799, 79, 375, 405, 7.61, 0x0000000000000001
2026/10/02 07:59:15.952, 79, 375, 405, 7.62, 0x0000000000000001
2026/10/02 07:59:16.092, 79, 375, 405, 7.61, 0x0000000000000001
2026/10/02 07:59:16.236, 79, 315, 405, 7.61, 0x0000000000000001
2026/10/02 07:59:16.379, 79, 315, 405, 7.59, 0x0000000000000001
2026/10/02 07:59:16.525, 79, 315, 405, 7.58, 0x0000000000000001
2026/10/02 07:59:16.666, 79, 315, 405, 7.55, 0x0000000000000001
2026/10/02 07:59:16.828, 79, 285, 405, 7.62, 0x0000000000000001
2026/10/02 07:59:16.957, 79, 285, 405, 7.57, 0x0000000000000001
2026/10/02 07:59:17.087, 79, 285, 405, 7.55, 0x0000000000000001
2026/10/02 07:59:17.243, 79, 300, 405, 7.57, 0x0000000000000001
2026/10/02 07:59:17.380, 79, 300, 405, 7.58, 0x0000000000000001
2026/10/02 07:59:17.518, 79, 300, 405, 7.62, 0x0000000000000001
2026/10/02 07:59:17.657, 79, 300, 405, 7.61, 0x0000000000000001
2026/10/02 07:59:17.799, 79, 315, 405, 7.62, 0x0000000000000001
2026/10/02 07:59:17.946, 79, 315, 405, 7.62, 0x0000000000000001
2026/10/02 07:59:18.067, 79, 315, 405, 7.85, 0x0000000000000001
2026/10/02 07:59:18.190, 79, 315, 405, 8.24, 0x0000000000000001
2026/10/02 07:59:18.318, 79, 420, 810, 8.44, 0x0000000000000001
2026/10/02 07:59:18.461, 79, 420, 810, 8.65, 0x0000000000000001
2026/10/02 07:59:18.603, 79, 420, 810, 9.24, 0x0000000000000001
2026/10/02 07:59:18.738, 79, 420, 810, 9.49, 0x0000000000000001
2026/10/02 07:59:18.878, 79, 420, 810, 9.55, 0x0000000000000001
2026/10/02 07:59:19.009, 79, 420, 810, 9.98, 0x0000000000000001
2026/10/02 07:59:19.147, 79, 420, 810, 10.03, 0x0000000000000001
2026/10/02 07:59:19.269, 79, 420, 810, 10.09, 0x0000000000000001
2026/10/02 07:59:19.401, 79, 420, 810, 10.15, 0x0000000000000001
2026/10/02 07:59:19.533, 79, 420, 810, 10.16, 0x0000000000000001
2026/10/02 07:59:19.666, 79, 420, 810, 10.16, 0x0000000000000001
2026/10/02 07:59:19.791, 79, 420, 810, 10.00, 0x0000000000000001
2026/10/02 07:59:19.943, 79, 420, 810, 9.81, 0x0000000000000001
2026/10/02 07:59:20.072, 79, 420, 810, 9.80, 0x0000000000000001
2026/10/02 07:59:20.194, 79, 555, 810, 9.82, 0x0000000000000001
2026/10/02 07:59:20.326, 79, 555, 810, 9.82, 0x0000000000000001
2026/10/02 07:59:20.463, 79, 555, 810, 9.79, 0x0000000000000001
2026/10/02 07:59:20.598, 79, 555, 810, 9.81, 0x0000000000000001
2026/10/02 07:59:20.742, 79, 555, 810, 9.81, 0x0000000000000001
2026/10/02 07:59:20.881, 79, 555, 810, 10.02, 0x0000000000000001
2026/10/02 07:59:21.018, 79, 555, 810, 10.23, 0x0000000000000001
2026/10/02 07:59:21.160, 79, 555, 810, 10.24, 0x0000000000000001
2026/10/02 07:59:21.305, 79, 555, 810, 10.25, 0x0000000000000001
2026/10/02 07:59:21.446, 79, 555, 810, 10.26, 0x0000000000000001
2026/10/02 07:59:21.587, 79, 555, 810, 10.27, 0x0000000000000001
2026/10/02 07:59:21.725, 79, 555, 810, 10.26, 0x0000000000000001
2026/10/02 07:59:21.858, 79, 555, 810, 10.07, 0x0000000000000001
2026/10/02 07:59:21.986, 79, 555, 810, 10.55, 0x0000000000000001
2026/10/02 07:59:22.105, 79, 555, 810, 11.98, 0x0000000000000001
2026/10/02 07:59:22.241, 79, 1890, 7001, 12.72, 0x0000000000000001
2026/10/02 07:59:22.363, 79, 1890, 7001, 13.45, 0x0000000000000001
2026/10/02 07:59:22.482, 79, 1890, 7001, 14.32, 0x0000000000000001
2026/10/02 07:59:22.605, 80, 1890, 7001, 16.26, 0x0000000000000001
2026/10/02 07:59:22.730, 80, 1890, 8001, 17.24, 0x0000000000000001
2026/10/02 07:59:22.848, 80, 1890, 8001, 18.23, 0x0000000000000001
2026/10/02 07:59:22.964, 80, 1890, 8001, 19.40, 0x0000000000000001
2026/10/02 07:59:23.087, 80, 1890, 8001, 19.89, 0x0000000000000001
2026/10/02 07:59:23.211, 80, 1890, 8001, 20.41, 0x0000000000000001
2026/10/02 07:59:23.327, 80, 1890, 8001, 20.65, 0x0000000000000001
2026/10/02 07:59:23.443, 80, 1890, 8001, 20.89, 0x0000000000000001
2026/10/02 07:59:23.561, 80, 1890, 8001, 21.00, 0x0000000000000001
2026/10/02 07:59:23.678, 80, 1890, 8001, 21.00, 0x0000000000000001
2026/10/02 07:59:23.804, 80, 1890, 8001, 21.02, 0x0000000000000001
2026/10/02 07:59:23.929, 80, 1890, 8001, 21.03, 0x0000000000000001
2026/10/02 07:59:24.049, 80, 1890, 8001, 21.01, 0x0000000000000001
2026/10/02 07:59:24.167, 80, 1890, 8001, 21.00, 0x0000000000000001
2026/10/02 07:59:24.284, 80, 1890, 8001, 21.01, 0x0000000000000001
2026/10/02 07:59:24.408, 80, 1890, 8001, 20.99, 0x0000000000000001
2026/10/02 07:59:24.526, 81, 1890, 8001, 20.97, 0x0000000000000001
2026/10/02 07:59:24.643, 81, 1890, 8001, 20.96, 0x0000000000000001
2026/10/02 07:59:24.761, 81, 1890, 8001, 20.95, 0x0000000000000001
2026/10/02 07:59:24.880, 81, 1890, 8001, 20.94, 0x0000000000000001
2026/10/02 07:59:24.999, 81, 1890, 8001, 20.91, 0x0000000000000001
2026/10/02 07:59:25.120, 81, 1890, 8001, 20.91, 0x0000000000000001
2026/10/02 07:59:25.239, 81, 1890, 8001, 20.92, 0x0000000000000001
2026/10/02 07:59:25.363, 81, 1890, 8001, 20.91, 0x0000000000000001
2026/10/02 07:59:25.481, 81, 1890, 8001, 20.93, 0x0000000000000001
2026/10/02 07:59:25.602, 81, 1890, 8001, 20.94, 0x0000000000000001
2026/10/02 07:59:25.720, 81, 1890, 8001, 20.96, 0x0000000000000001
2026/10/02 07:59:25.840, 81, 1890, 8001, 20.98, 0x0000000000000001
2026/10/02 07:59:25.962, 81, 1890, 8001, 20.39, 0x0000000000000001
2026/10/02 07:59:26.083, 81, 1890, 8001, 19.67, 0x0000000000000001
2026/10/02 07:59:26.206, 81, 705, 6001, 18.25, 0x0000000000000001
2026/10/02 07:59:26.326, 81, 705, 6001, 17.53, 0x0000000000000001
2026/10/02 07:59:26.447, 80, 705, 6001, 16.82, 0x0000000000000001
2026/10/02 07:59:26.567, 80, 705, 6001, 16.10, 0x0000000000000001
2026/10/02 07:59:26.689, 80, 705, 6001, 14.26, 0x0000000000000001
2026/10/02 07:59:26.821, 80, 615, 810, 13.30, 0x0000000000000001
2026/10/02 07:59:26.951, 80, 615, 810, 12.32, 0x0000000000000001
2026/10/02 07:59:27.076, 80, 615, 810, 11.93, 0x0000000000000001
2026/10/02 07:59:27.212, 80, 570, 810, 11.42, 0x0000000000000001
2026/10/02 07:59:27.341, 80, 570, 810, 11.19, 0x0000000000000001
2026/10/02 07:59:27.464, 80, 570, 810, 10.95, 0x0000000000000001
2026/10/02 07:59:27.585, 80, 570, 810, 10.71, 0x0000000000000001
2026/10/02 07:59:27.712, 80, 525, 810, 10.34, 0x0000000000000001
2026/10/02 07:59:27.842, 80, 525, 810, 10.34, 0x0000000000000001
2026/10/02 07:59:27.966, 80, 525, 810, 10.34, 0x0000000000000001
2026/10/02 07:59:28.087, 80, 525, 810, 10.34, 0x0000000000000001
2026/10/02 07:59:28.221, 80, 465, 810, 10.34, 0x0000000000000001
2026/10/02 07:59:28.350, 80, 465, 810, 10.35, 0x0000000000000001
2026/10/02 07:59:28.478, 79, 465, 810, 10.36, 0x0000000000000001
2026/10/02 07:59:28.619, 79, 465, 810, 10.38, 0x0000000000000001
2026/10/02 07:59:28.751, 79, 435, 810, 10.40, 0x0000000000000001
2026/10/02 07:59:28.876, 79, 435, 810, 10.40, 0x0000000000000001
2026/10/02 07:59:29.008, 79, 435, 810, 10.41, 0x0000000000000001
2026/10/02 07:59:29.130, 79, 435, 810, 10.41, 0x0000000000000001
2026/10/02 07:59:29.251, 79, 390, 810, 10.41, 0x0000000000000001
2026/10/02 07:59:29.380, 79, 390, 810, 10.42, 0x0000000000000001
2026/10/02 07:59:29.513, 79, 390, 810, 10.41, 0x0000000000000001
2026/10/02 07:59:29.639, 79, 390, 810, 10.38, 0x0000000000000001
2026/10/02 07:59:29.764, 79, 375, 810, 10.37, 0x0000000000000001
2026/10/02 07:59:29.886, 79, 375, 810, 10.38, 0x0000000000000001
2026/10/02 07:59:30.025, 79, 375, 810, 10.35, 0x0000000000000001
2026/10/02 07:59:30.146, 79, 375, 810, 10.34, 0x0000000000000001
2026/10/02 07:59:30.269, 79, 345, 810, 10.34, 0x0000000000000001
2026/10/02 07:59:30.389, 79, 345, 810, 10.31, 0x0000000000000001
2026/10/02 07:59:30.514, 79, 345, 810, 10.30, 0x0000000000000001
2026/10/02 07:59:30.644, 79, 345, 810, 10.31, 0x0000000000000001
2026/10/02 07:59:30.769, 79, 330, 810, 10.32, 0x0000000000000001
2026/10/02 07:59:30.927, 79, 330, 810, 9.86, 0x0000000000000001
2026/10/02 07:59:31.065, 79, 330, 810, 9.61, 0x0000000000000001
2026/10/02 07:59:31.188, 79, 330, 810, 9.42, 0x0000000000000001
2026/10/02 07:59:31.328, 79, 555, 810, 9.42, 0x0000000000000001
2026/10/02 07:59:31.461, 79, 555, 810, 9.42, 0x0000000000000001
2026/10/02 07:59:31.587, 79, 555, 810, 9.37, 0x0000000000000001
2026/10/02 07:59:31.712, 79, 555, 810, 9.32, 0x0000000000000001
2026/10/02 07:59:31.846, 79, 555, 810, 9.31, 0x0000000000000001
2026/10/02 07:59:31.968, 79, 555, 810, 9.53, 0x0000000000000001
2026/10/02 07:59:32.098, 79, 555, 810, 10.12, 0x0000000000000001
2026/10/02 07:59:32.235, 79, 555, 810, 10.14, 0x0000000000000001
2026/10/02 07:59:32.372, 79, 555, 810, 10.14, 0x0000000000000001
2026/10/02 07:59:32.502, 79, 555, 810, 10.11, 0x0000000000000001
2026/10/02 07:59:32.639, 79, 555, 810, 10.16, 0x0000000000000001
2026/10/02 07:59:32.778, 79, 555, 810, 10.19, 0x0000000000000001
2026/10/02 07:59:32.911, 79, 555, 810, 10.16, 0x0000000000000001
2026/10/02 07:59:33.049, 79, 555, 810, 9.93, 0x0000000000000001
2026/10/02 07:59:33.187, 80, 555, 810, 9.74, 0x0000000000000001
2026/10/02 07:59:33.309, 80, 480, 810, 9.73, 0x0000000000000001
2026/10/02 07:59:33.438, 80, 480, 810, 9.72, 0x0000000000000001
2026/10/02 07:59:33.573, 80, 480, 810, 9.72, 0x0000000000000001
2026/10/02 07:59:33.709, 80, 480, 810, 9.72, 0x0000000000000001
2026/10/02 07:59:33.834, 80, 480, 810, 9.70, 0x0000000000000001
2026/10/02 07:59:33.963, 80, 480, 810, 9.70, 0x0000000000000001
2026/10/02 07:59:34.090, 80, 480, 810, 9.95, 0x0000000000000001
2026/10/02 07:59:34.229, 80, 480, 810, 10.15, 0x0000000000000001
2026/10/02 07:59:34.355, 80, 480, 810, 10.14, 0x0000000000000001
2026/10/02 07:59:34.498, 80, 480, 810, 10.16, 0x0000000000000001
2026/10/02 07:59:34.624, 80, 480, 810, 10.14, 0x0000000000000001
2026/10/02 07:59:34.744, 79, 480, 810, 10.11, 0x0000000000000001
2026/10/02 07:59:34.875, 79, 480, 810, 10.10, 0x0000000000000001
2026/10/02 07:59:35.013, 79, 480, 810, 9.94, 0x0000000000000001
2026/10/02 07:59:35.162, 79, 480, 810, 9.68, 0x0000000000000001
2026/10/02 07:59:35.289, 79, 360, 405, 9.25, 0x0000000000000001
2026/10/02 07:59:35.436, 79, 360, 405, 8.95, 0x0000000000000001
2026/10/02 07:59:35.582, 79, 360, 405, 8.86, 0x0000000000000001
2026/10/02 07:59:35.713, 79, 495, 810, 8.85, 0x0000000000000001
2026/10/02 07:59:35.841, 79, 495, 810, 8.88, 0x0000000000000001
2026/10/02 07:59:35.965, 79, 495, 810, 8.91, 0x0000000000000001
2026/10/02 07:59:36.091, 79, 495, 810, 9.08, 0x0000000000000001
2026/10/02 07:59:36.226, 79, 495, 810, 9.27, 0x0000000000000001
2026/10/02 07:59:36.352, 80, 495, 810, 9.51, 0x0000000000000001
2026/10/02 07:59:36.490, 80, 495, 810, 9.95, 0x0000000000000001
2026/10/02 07:59:36.622, 80, 495, 810, 10.17, 0x0000000000000001
2026/10/02 07:59:36.742, 80, 495, 810, 10.16, 0x0000000000000001
2026/10/02 07:59:36.877, 80, 495, 810, 10.16, 0x0000000000000001
2026/10/02 07:59:37.015, 80, 495, 810, 10.14, 0x0000000000000001
2026/10/02 07:59:37.146, 80, 495, 810, 10.14, 0x0000000000000001
2026/10/02 07:59:37.273, 80, 495, 810, 10.14, 0x0000000000000001
2026/10/02 07:59:37.412, 80, 495, 810, 9.91, 0x0000000000000001
2026/10/02 07:59:37.576, 80, 495, 810, 9.68, 0x0000000000000001
2026/10/02 07:59:37.725, 80, 450, 810, 9.66, 0x0000000000000001
2026/10/02 07:59:37.856, 80, 450, 810, 9.69, 0x0000000000000001
2026/10/02 07:59:37.994, 80, 450, 810, 9.70, 0x0000000000000001
2026/10/02 07:59:38.130, 80, 450, 810, 9.70, 0x0000000000000001
2026/10/02 07:59:38.273, 80, 450, 810, 9.70, 0x0000000000000001
2026/10/02 07:59:38.405, 80, 450, 810, 9.70, 0x0000000000000001
2026/10/02 07:59:38.529, 80, 450, 810, 9.89, 0x0000000000000001
2026/10/02 07:59:38.672, 80, 450, 810, 10.10, 0x0000000000000001
2026/10/02 07:59:38.811, 80, 450, 810, 10.12, 0x0000000000000001
2026/10/02 07:59:38.951, 80, 450, 810, 10.14, 0x0000000000000001
2026/10/02 07:59:39.079, 80, 450, 810, 10.15, 0x0000000000000001
2026/10/02 07:59:39.207, 80, 450, 810, 10.13, 0x0000000000000001
2026/10/02 07:59:39.332, 80, 450, 810, 10.13, 0x0000000000000001
2026/10/02 07:59:39.478, 80, 450, 810, 9.94, 0x0000000000000001
2026/10/02 07:59:39.612, 80, 450, 810, 9.42, 0x0000000000000001
2026/10/02 07:59:39.755, 80, 330, 405, 9.28, 0x0000000000000001
2026/10/02 07:59:39.902, 80, 330, 405, 8.86, 0x0000000000000001
2026/10/02 07:59:40.024, 80, 330, 405, 8.84, 0x0000000000000001
2026/10/02 07:59:40.145, 80, 330, 405, 8.82, 0x0000000000000001
2026/10/02 07:59:40.267, 80, 525, 810, 8.83, 0x0000000000000001
2026/10/02 07:59:40.392, 80, 525, 810, 8.82, 0x0000000000000001
2026/10/02 07:59:40.524, 80, 525, 810, 9.02, 0x0000000000000001
2026/10/02 07:59:40.649, 80, 525, 810, 9.24, 0x0000000000000001
2026/10/02 07:59:40.776, 80, 525, 810, 9.45, 0x0000000000000001
2026/10/02 07:59:40.910, 80, 525, 810, 9.86, 0x0000000000000001
2026/10/02 07:59:41.040, 80, 525, 810, 10.06, 0x0000000000000001
2026/10/02 07:59:41.162, 80, 525, 810, 10.07, 0x0000000000000001
2026/10/02 07:59:41.284, 80, 525, 810, 10.07, 0x0000000000000001
2026/10/02 07:59:41.414, 80, 525, 810, 10.06, 0x0000000000000001
2026/10/02 07:59:41.542, 80, 525, 810, 10.05, 0x0000000000000001
2026/10/02 07:59:41.667, 80, 525, 810, 10.05, 0x0000000000000001
2026/10/02 07:59:41.793, 80, 525, 810, 9.90, 0x0000000000000001
2026/10/02 07:59:41.939, 80, 525, 810, 9.69, 0x0000000000000001
2026/10/02 07:59:42.067, 80, 525, 810, 9.45, 0x0000000000000001
2026/10/02 07:59:42.225, 80, 360, 405, 8.93, 0x0000000000000001
2026/10/02 07:59:42.362, 80, 360, 405, 8.73, 0x0000000000000001
2026/10/02 07:59:42.485, 80, 360, 405, 8.83, 0x0000000000000001
2026/10/02 07:59:42.612, 80, 360, 405, 8.82, 0x0000000000000001
2026/10/02 07:59:42.741, 80, 510, 810, 8.81, 0x0000000000000001
2026/10/02 07:59:42.862, 80, 510, 810, 8.79, 0x0000000000000001
2026/10/02 07:59:42.986, 80, 510, 810, 9.22, 0x0000000000000001
2026/10/02 07:59:43.115, 80, 510, 810, 9.45, 0x0000000000000001
2026/10/02 07:59:43.244, 80, 510, 810, 9.67, 0x0000000000000001
2026/10/02 07:59:43.367, 80, 510, 810, 9.84, 0x0000000000000001
2026/10/02 07:59:43.500, 80, 510, 810, 10.05, 0x0000000000000001
2026/10/02 07:59:43.627, 80, 510, 810, 10.07, 0x0000000000000001
2026/10/02 07:59:43.759, 80, 510, 810, 10.10, 0x0000000000000001
2026/10/02 07:59:43.883, 80, 510, 810, 10.07, 0x0000000000000001
2026/10/02 07:59:44.021, 80, 510, 810, 10.03, 0x0000000000000001
2026/10/02 07:59:44.149, 80, 510, 810, 10.02, 0x0000000000000001
2026/10/02 07:59:44.308, 80, 345, 405, 9.63, 0x0000000000000001
2026/10/02 07:59:44.445, 80, 345, 405, 9.67, 0x0000000000000001
2026/10/02 07:59:44.572, 80, 345, 405, 9.68, 0x0000000000000001
2026/10/02 07:59:44.704, 80, 345, 405, 9.66, 0x0000000000000001
2026/10/02 07:59:44.831, 80, 435, 810, 9.64, 0x0000000000000001
2026/10/02 07:59:44.961, 80, 435, 810, 9.66, 0x0000000000000001
2026/10/02 07:59:45.084, 80, 435, 810, 9.70, 0x0000000000000001
2026/10/02 07:59:45.214, 80, 435, 810, 9.69, 0x0000000000000001
2026/10/02 07:59:45.337, 80, 435, 810, 9.87, 0x0000000000000001
2026/10/02 07:59:45.463, 80, 435, 810, 10.04, 0x0000000000000001
2026/10/02 07:59:45.585, 80, 435, 810, 10.02, 0x0000000000000001
2026/10/02 07:59:45.719, 80, 435, 810, 10.04, 0x0000000000000001
2026/10/02 07:59:45.843, 80, 435, 810, 10.09, 0x0000000000000001
2026/10/02 07:59:45.971, 80, 435, 810, 10.13, 0x0000000000000001
2026/10/02 07:59:46.111, 80, 435, 810, 10.09, 0x0000000000000001
2026/10/02 07:59:46.253, 80, 360, 405, 9.87, 0x0000000000000001
2026/10/02 07:59:46.408, 80, 360, 405, 9.52, 0x0000000000000001
2026/10/02 07:59:46.562, 80, 360, 405, 9.34, 0x0000000000000001
2026/10/02 07:59:46.686, 80, 360, 405, 9.25, 0x0000000000000001
2026/10/02 07:59:46.818, 80, 555, 810, 9.31, 0x0000000000000001
2026/10/02 07:59:46.942, 80, 555, 810, 9.28, 0x0000000000000001
2026/10/02 07:59:47.069, 80, 555, 810, 9.24, 0x0000000000000001
2026/10/02 07:59:47.206, 80, 555, 810, 9.28, 0x0000000000000001
2026/10/02 07:59:47.334, 80, 555, 810, 9.51, 0x0000000000000001
2026/10/02 07:59:47.461, 80, 555, 810, 9.74, 0x0000000000000001
2026/10/02 07:59:47.584, 80, 555, 810, 10.11, 0x0000000000000001
2026/10/02 07:59:47.711, 80, 555, 810, 10.10, 0x0000000000000001
2026/10/02 07:59:47.841, 80, 555, 810, 10.09, 0x0000000000000001
2026/10/02 07:59:47.974, 80, 555, 810, 10.09, 0x0000000000000001
2026/10/02 07:59:48.106, 80, 555, 810, 10.15, 0x0000000000000001
2026/10/02 07:59:48.238, 80, 555, 810, 10.16, 0x0000000000000001
2026/10/02 07:59:48.368, 80, 555, 810, 10.15, 0x0000000000000001
2026/10/02 07:59:48.515, 80, 555, 810, 9.70, 0x0000000000000001
2026/10/02 07:59:48.654, 80, 555, 810, 9.47, 0x0000000000000001
2026/10/02 07:59:48.785, 80, 375, 405, 8.98, 0x0000000000000001
2026/10/02 07:59:48.939, 80, 375, 405, 8.90, 0x0000000000000001
2026/10/02 07:59:49.062, 80, 375, 405, 8.91, 0x0000000000000001
2026/10/02 07:59:49.184, 80, 375, 405, 8.88, 0x0000000000000001
2026/10/02 07:59:49.306, 80, 450, 810, 8.86, 0x0000000000000001
2026/10/02 07:59:49.435, 80, 450, 810, 8.86, 0x0000000000000001
2026/10/02 07:59:49.563, 80, 450, 810, 9.07, 0x0000000000000001
2026/10/02 07:59:49.702, 80, 450, 810, 9.66, 0x0000000000000001
2026/10/02 07:59:49.830, 80, 450, 810, 9.89, 0x0000000000000001
2026/10/02 07:59:49.972, 80, 450, 810, 10.11, 0x0000000000000001
2026/10/02 07:59:50.114, 80, 450, 810, 10.05, 0x0000000000000001
2026/10/02 07:59:50.247, 80, 450, 810, 10.03, 0x0000000000000001
2026/10/02 07:59:50.380, 80, 450, 810, 10.01, 0x0000000000000001
2026/10/02 07:59:50.511, 80, 450, 810, 10.02, 0x0000000000000001
2026/10/02 07:59:50.647, 80, 450, 810, 10.04, 0x0000000000000001
2026/10/02 07:59:50.780, 80, 450, 810, 10.06, 0x0000000000000001
2026/10/02 07:59:50.940, 80, 450, 810, 9.66, 0x0000000000000001
2026/10/02 07:59:51.063, 80, 450, 810, 9.60, 0x0000000000000001
2026/10/02 07:59:51.188, 80, 450, 810, 9.56, 0x0000000000000001
2026/10/02 07:59:51.328, 80, 435, 810, 9.59, 0x0000000000000001
2026/10/02 07:59:51.462, 80, 435, 810, 9.60, 0x0000000000000001
2026/10/02 07:59:51.599, 80, 435, 810, 9.64, 0x0000000000000001
2026/10/02 07:59:51.731, 80, 435, 810, 9.63, 0x0000000000000001
2026/10/02 07:59:51.864, 80, 435, 810, 9.60, 0x0000000000000001
2026/10/02 07:59:52.002, 80, 435, 810, 10.01, 0x0000000000000001
2026/10/02 07:59:52.127, 80, 435, 810, 10.06, 0x0000000000000001
2026/10/02 07:59:52.267, 80, 435, 810, 10.08, 0x0000000000000001
2026/10/02 07:59:52.407, 80, 435, 810, 10.10, 0x0000000000000001
2026/10/02 07:59:52.536, 80, 435, 810, 10.11, 0x0000000000000001
2026/10/02 07:59:52.659, 80, 435, 810, 10.11, 0x0000000000000001
2026/10/02 07:59:52.782, 80, 330, 405, 9.87, 0x0000000000000001
2026/10/02 07:59:52.909, 80, 330, 405, 9.65, 0x0000000000000001
2026/10/02 07:59:53.039, 80, 330, 405, 9.43, 0x0000000000000001
2026/10/02 07:59:53.168, 80, 330, 405, 9.22, 0x0000000000000001
2026/10/02 07:59:53.310, 80, 300, 405, 8.81, 0x0000000000000001
2026/10/02 07:59:53.449, 80, 300, 405, 8.47, 0x0000000000000001
2026/10/02 07:59:53.608, 80, 300, 405, 8.03, 0x0000000000000001
2026/10/02 07:59:53.767, 80, 495, 810, 7.81, 0x0000000000000001
2026/10/02 07:59:53.901, 80, 495, 810, 8.24, 0x0000000000000001
2026/10/02 07:59:54.027, 80, 495, 810, 8.50, 0x0000000000000001
2026/10/02 07:59:54.156, 80, 495, 810, 8.71, 0x0000000000000001
2026/10/02 07:59:54.279, 80, 495, 810, 9.13, 0x0000000000000001
2026/10/02 07:59:54.410, 80, 495, 810, 9.34, 0x0000000000000001
2026/10/02 07:59:54.535, 80, 495, 810, 9.56, 0x0000000000000001
2026/10/02 07:59:54.659, 80, 495, 810, 9.77, 0x0000000000000001
2026/10/02 07:59:54.782, 80, 495, 810, 10.19, 0x0000000000000001
2026/10/02 07:59:54.913, 80, 495, 810, 10.25, 0x0000000000000001
2026/10/02 07:59:55.039, 80, 495, 810, 10.23, 0x0000000000000001
2026/10/02 07:59:55.162, 80, 495, 810, 10.21, 0x0000000000000001
2026/10/02 07:59:55.285, 80, 495, 810, 10.18, 0x0000000000000001
2026/10/02 07:59:55.412, 80, 495, 810, 10.15, 0x0000000000000001
2026/10/02 07:59:55.543, 80, 495, 810, 10.13, 0x0000000000000001
2026/10/02 07:59:55.698, 80, 495, 810, 9.68, 0x0000000000000001
2026/10/02 07:59:55.839, 80, 480, 810, 9.70, 0x0000000000000001
2026/10/02 07:59:55.962, 80, 480, 810, 9.57, 0x0000000000000001
2026/10/02 07:59:56.088, 80, 480, 810, 9.55, 0x0000000000000001
2026/10/02 07:59:56.221, 80, 480, 810, 9.56, 0x0000000000000001
2026/10/02 07:59:56.351, 80, 480, 810, 9.59, 0x0000000000000001
2026/10/02 07:59:56.479, 80, 480, 810, 9.63, 0x0000000000000001
2026/10/02 07:59:56.615, 80, 480, 810, 9.68, 0x0000000000000001
2026/10/02 07:59:56.746, 80, 480, 810, 9.85, 0x0000000000000001
2026/10/02 07:59:56.889, 80, 480, 810, 10.11, 0x0000000000000001
2026/10/02 07:59:57.038, 80, 480, 810, 10.16, 0x0000000000000001
2026/10/02 07:59:57.160, 80, 480, 810, 10.16, 0x0000000000000001
2026/10/02 07:59:57.283, 80, 480, 810, 10.15, 0x0000000000000001
2026/10/02 07:59:57.414, 80, 480, 810, 10.15, 0x0000000000000001
2026/10/02 07:59:57.541, 80, 480, 810, 10.14, 0x0000000000000001
2026/10/02 07:59:57.669, 80, 480, 810, 9.94, 0x0000000000000001
2026/10/02 07:59:57.803, 80, 345, 405, 9.51, 0x0000000000000001
2026/10/02 07:59:57.942, 80, 345, 405, 9.28, 0x0000000000000001
2026/10/02 07:59:58.085, 80, 345, 405, 8.86, 0x0000000000000001
2026/10/02 07:59:58.227, 80, 345, 405, 8.88, 0x0000000000000001
2026/10/02 07:59:58.354, 80, 630, 810, 8.87, 0x0000000000000001
2026/10/02 07:59:58.486, 80, 630, 810, 8.72, 0x0000000000000001
2026/10/02 07:59:58.607, 80, 630, 810, 8.81, 0x0000000000000001
2026/10/02 07:59:58.751, 80, 630, 810, 9.17, 0x0000000000000001
2026/10/02 07:59:58.889, 80, 630, 810, 9.67, 0x0000000000000001
2026/10/02 07:59:59.022, 80, 630, 810, 9.87, 0x0000000000000001
2026/10/02 07:59:59.153, 80, 630, 810, 9.90, 0x0000000000000001
2026/10/02 07:59:59.282, 80, 630, 810, 10.13, 0x0000000000000001
2026/10/02 07:59:59.446, 80, 630, 810, 10.18, 0x0000000000000001
2026/10/02 07:59:59.582, 80, 630, 810, 10.24, 0x0000000000000001
2026/10/02 07:59:59.725, 80, 630, 810, 10.23, 0x0000000000000001
2026/10/02 07:59:59.873, 80, 630, 810, 10.20, 0x0000000000000001
2026/10/02 08:00:00.000, 80, 630, 810, 9.97, 0x0000000000000001
2026/10/02 08:00:00.126, 80, 630, 810, 9.75, 0x0000000000000001
2026/10/02 08:00:00.261, 80, 375, 405, 9.53, 0x0000000000000001
2026/10/02 08:00:00.395, 80, 375, 405, 9.09, 0x0000000000000001
2026/10/02 08:00:00.530, 80, 375, 405, 8.88, 0x0000000000000001
2026/10/02 08:00:00.654, 80, 375, 405, 8.89, 0x0000000000000001
2026/10/02 08:00:00.778, 80, 450, 810, 8.90, 0x0000000000000001
2026/10/02 08:00:00.907, 80, 450, 810, 8.78, 0x0000000000000001
2026/10/02 08:00:01.039, 80, 450, 810, 9.00, 0x0000000000000001
2026/10/02 08:00:01.160, 80, 450, 810, 9.10, 0x0000000000000001
2026/10/02 08:00:01.292, 80, 450, 810, 9.52, 0x0000000000000001
2026/10/02 08:00:01.420, 80, 450, 810, 9.90, 0x0000000000000001
2026/10/02 08:00:01.547, 80, 450, 810, 10.10, 0x0000000000000001
2026/10/02 08:00:01.683, 80, 450, 810, 10.05, 0x0000000000000001
2026/10/02 08:00:01.818, 80, 450, 810, 10.06, 0x0000000000000001
2026/10/02 08:00:01.958, 80, 450, 810, 10.09, 0x0000000000000001
2026/10/02 08:00:02.084, 80, 450, 810, 10.12, 0x0000000000000001
2026/10/02 08:00:02.220, 80, 450, 810, 10.12, 0x0000000000000001
2026/10/02 08:00:02.351, 80, 450, 810, 10.12, 0x0000000000000001
2026/10/02 08:00:02.483, 80, 450, 810, 9.71, 0x0000000000000001
2026/10/02 08:00:02.620, 80, 450, 810, 9.48, 0x0000000000000001
2026/10/02 08:00:02.757, 80, 315, 405, 9.26, 0x0000000000000001
2026/10/02 08:00:02.890, 80, 315, 405, 8.81, 0x0000000000000001
2026/10/02 08:00:03.017, 80, 315, 405, 8.39, 0x0000000000000001
2026/10/02 08:00:03.145, 80, 315, 405, 8.30, 0x0000000000000001
2026/10/02 08:00:03.274, 80, 300, 405, 7.80, 0x0000000000000001
2026/10/02 08:00:03.455, 80, 300, 405, 7.61, 0x0000000000000001
2026/10/02 08:00:03.606, 80, 300, 405, 7.83, 0x0000000000000001
2026/10/02 08:00:03.743, 80, 300, 405, 8.05, 0x0000000000000001
2026/10/02 08:00:03.875, 80, 450, 810, 8.47, 0x0000000000000001
2026/10/02 08:00:04.013, 80, 450, 810, 8.67, 0x0000000000000001
2026/10/02 08:00:04.148, 80, 450, 810, 8.87, 0x0000000000000001
2026/10/02 08:00:04.277, 80, 450, 810, 9.34, 0x0000000000000001
2026/10/02 08:00:04.416, 80, 450, 810, 9.56, 0x0000000000000001
2026/10/02 08:00:04.539, 80, 450, 810, 9.72, 0x0000000000000001
2026/10/02 08:00:04.662, 80, 450, 810, 9.90, 0x0000000000000001
2026/10/02 08:00:04.794, 80, 450, 810, 9.91, 0x0000000000000001
2026/10/02 08:00:04.923, 80, 450, 810, 9.93, 0x0000000000000001
2026/10/02 08:00:05.056, 80, 450, 810, 9.95, 0x0000000000000001
2026/10/02 08:00:05.183, 80, 450, 810, 10.01, 0x0000000000000001
2026/10/02 08:00:05.314, 80, 450, 810, 10.03, 0x0000000000000001
2026/10/02 08:00:05.441, 80, 450, 810, 9.83, 0x0000000000000001
2026/10/02 08:00:05.577, 80, 450, 810, 9.41, 0x0000000000000001
2026/10/02 08:00:05.722, 80, 450, 810, 9.21, 0x0000000000000001
2026/10/02 08:00:05.859, 80, 330, 405, 8.97, 0x0000000000000001
2026/10/02 08:00:05.996, 80, 330, 405, 8.55, 0x0000000000000001
2026/10/02 08:00:06.122, 80, 330, 405, 8.12, 0x0000000000000001
2026/10/02 08:00:06.253, 80, 330, 405, 8.05, 0x0000000000000001
2026/10/02 08:00:06.386, 80, 315, 405, 7.56, 0x0000000000000001
2026/10/02 08:00:06.520, 80, 315, 405, 7.53, 0x0000000000000001
2026/10/02 08:00:06.673, 80, 315, 405, 7.56, 0x0000000000000001
2026/10/02 08:00:06.842, 80, 405, 405, 7.61, 0x0000000000000001
2026/10/02 08:00:06.981, 80, 405, 405, 7.61, 0x0000000000000001
2026/10/02 08:00:07.113, 80, 405, 405, 7.61, 0x0000000000000001
2026/10/02 08:00:07.242, 80, 405, 405, 7.64, 0x0000000000000001
2026/10/02 08:00:07.379, 80, 405, 405, 7.68, 0x0000000000000001
2026/10/02 08:00:07.510, 80, 405, 405, 7.69, 0x0000000000000001
2026/10/02 08:00:07.641, 80, 405, 405, 7.67, 0x0000000000000001
2026/10/02 08:00:07.776, 80, 405, 405, 7.60, 0x0000000000000001
2026/10/02 08:00:07.921, 80, 405, 405, 7.58, 0x0000000000000001
2026/10/02 08:00:08.067, 80, 405, 405, 7.58, 0x0000000000000001
2026/10/02 08:00:08.211, 80, 405, 405, 7.58, 0x0000000000000001
2026/10/02 08:00:08.345, 80, 405, 405, 7.59, 0x0000000000000001
2026/10/02 08:00:08.502, 80, 405, 405, 7.69, 0x0000000000000001
2026/10/02 08:00:08.647, 80, 405, 405, 7.95, 0x0000000000000001
2026/10/02 08:00:08.768, 80, 600, 810, 8.19, 0x0000000000000001
2026/10/02 08:00:08.900, 80, 600, 810, 8.54, 0x0000000000000001
2026/10/02 08:00:09.032, 80, 600, 810, 8.75, 0x0000000000000001
2026/10/02 08:00:09.156, 80, 600, 810, 8.98, 0x0000000000000001
2026/10/02 08:00:09.281, 80, 600, 810, 9.40, 0x0000000000000001
2026/10/02 08:00:09.413, 80, 600, 810, 9.62, 0x0000000000000001
2026/10/02 08:00:09.538, 80, 600, 810, 9.80, 0x0000000000000001
2026/10/02 08:00:09.664, 80, 600, 810, 9.98, 0x0000000000000001
2026/10/02 08:00:09.800, 80, 600, 810, 9.98, 0x0000000000000001
2026/10/02 08:00:09.927, 80, 600, 810, 10.02, 0x0000000000000001
2026/10/02 08:00:10.058, 80, 600, 810, 10.01, 0x0000000000000001
2026/10/02 08:00:10.184, 80, 600, 810, 9.99, 0x0000000000000001
2026/10/02 08:00:10.324, 80, 600, 810, 10.03, 0x0000000000000001
2026/10/02 08:00:10.472, 80, 600, 810, 9.87, 0x0000000000000001
2026/10/02 08:00:10.609, 80, 600, 810, 9.62, 0x0000000000000001
2026/10/02 08:00:10.736, 80, 600, 810, 9.66, 0x0000000000000001
2026/10/02 08:00:10.858, 80, 510, 810, 9.65, 0x0000000000000001
2026/10/02 08:00:10.990, 80, 510, 810, 9.66, 0x0000000000000001
2026/10/02 08:00:11.114, 80, 510, 810, 9.68, 0x0000000000000001
2026/10/02 08:00:11.237, 80, 510, 810, 9.69, 0x0000000000000001
2026/10/02 08:00:11.362, 80, 510, 810, 9.70, 0x0000000000000001
2026/10/02 08:00:11.500, 80, 510, 810, 10.03, 0x0000000000000001
2026/10/02 08:00:11.636, 80, 510, 810, 10.03, 0x0000000000000001
2026/10/02 08:00:11.775, 80, 510, 810, 10.15, 0x0000000000000001
2026/10/02 08:00:11.911, 80, 510, 810, 10.23, 0x0000000000000001
2026/10/02 08:00:12.038, 80, 510, 810, 10.26, 0x0000000000000001
2026/10/02 08:00:12.164, 80, 510, 810, 10.22, 0x0000000000000001
2026/10/02 08:00:12.299, 80, 510, 810, 10.20, 0x0000000000000001
2026/10/02 08:00:12.440, 80, 510, 810, 10.22, 0x0000000000000001
2026/10/02 08:00:12.573, 80, 510, 810, 10.26, 0x0000000000000001
2026/10/02 08:00:12.698, 80, 510, 810, 10.25, 0x0000000000000001
2026/10/02 08:00:12.834, 80, 435, 810, 10.15, 0x0000000000000001
2026/10/02 08:00:12.956, 80, 435, 810, 10.14, 0x0000000000000001
2026/10/02 08:00:13.080, 80, 435, 810, 10.05, 0x0000000000000001
2026/10/02 08:00:13.221, 80, 435, 810, 9.87, 0x0000000000000001
2026/10/02 08:00:13.358, 80, 405, 405, 9.65, 0x0000000000000001
2026/10/02 08:00:13.487, 80, 405, 405, 9.09, 0x0000000000000001
2026/10/02 08:00:13.621, 80, 405, 405, 8.95, 0x0000000000000001
2026/10/02 08:00:13.761, 80, 375, 405, 8.73, 0x0000000000000001
2026/10/02 08:00:13.900, 80, 375, 405, 8.12, 0x0000000000000001
2026/10/02 08:00:14.030, 80, 375, 405, 8.08, 0x0000000000000001
2026/10/02 08:00:14.175, 80, 375, 405, 7.77, 0x0000000000000001
2026/10/02 08:00:14.366, 80, 360, 405, 7.89, 0x0000000000000001
2026/10/02 08:00:14.487, 80, 360, 405, 9.70, 0x0000000000000001
2026/10/02 08:00:14.608, 80, 360, 405, 10.85, 0x0000000000000001
2026/10/02 08:00:14.732, 80, 360, 405, 12.08, 0x0000000000000001
2026/10/02 08:00:14.849, 81, 1890, 8001, 13.34, 0x0000000000000001
2026/10/02 08:00:14.967, 81, 1890, 8001, 14.65, 0x0000000000000001
2026/10/02 08:00:15.087, 81, 1890, 8001, 16.94, 0x0000000000000001
2026/10/02 08:00:15.203, 81, 1890, 8001, 18.17, 0x0000000000000001
2026/10/02 08:00:15.322, 81, 1890, 8001, 19.35, 0x0000000000000001
2026/10/02 08:00:15.442, 81, 1890, 8001, 20.48, 0x0000000000000001
2026/10/02 08:00:15.563, 81, 1890, 8001, 20.99, 0x0000000000000001
2026/10/02 08:00:15.687, 81, 1890, 8001, 20.95, 0x0000000000000001
2026/10/02 08:00:15.804, 81, 1890, 8001, 20.81, 0x0000000000000001
2026/10/02 08:00:15.921, 81, 1890, 8001, 20.72, 0x0000000000000001
2026/10/02 08:00:16.045, 81, 1890, 8001, 21.58, 0x0000000000000001
2026/10/02 08:00:16.165, 81, 1890, 8001, 22.56, 0x0000000000000001
2026/10/02 08:00:16.287, 83, 1650, 8001, 23.74, 0x0000000000000001
2026/10/02 08:00:16.413, 83, 1650, 8001, 23.41, 0x0000000000000001
2026/10/02 08:00:16.529, 83, 1650, 8001, 23.13, 0x0000000000000001
2026/10/02 08:00:16.650, 83, 1650, 8001, 22.81, 0x0000000000000001
2026/10/02 08:00:16.769, 81, 1365, 8001, 22.43, 0x0000000000000001
2026/10/02 08:00:16.888, 81, 1365, 8001, 21.87, 0x0000000000000001
2026/10/02 08:00:17.007, 81, 1365, 8001, 21.46, 0x0000000000000001
2026/10/02 08:00:17.125, 81, 1365, 8001, 20.13, 0x0000000000000001
2026/10/02 08:00:17.244, 81, 1365, 8001, 18.72, 0x0000000000000001
2026/10/02 08:00:17.363, 81, 1140, 8001, 17.53, 0x0000000000000001
2026/10/02 08:00:17.487, 81, 1140, 8001, 15.84, 0x0000000000000001
2026/10/02 08:00:17.606, 81, 1140, 8001, 15.34, 0x0000000000000001
2026/10/02 08:00:17.730, 81, 1140, 8001, 15.22, 0x0000000000000001
2026/10/02 08:00:17.850, 81, 915, 6001, 15.53, 0x0000000000000001
2026/10/02 08:00:17.968, 81, 915, 6001, 15.37, 0x0000000000000001
2026/10/02 08:00:18.088, 81, 915, 6001, 14.66, 0x0000000000000001
2026/10/02 08:00:18.209, 81, 915, 6001, 14.42, 0x0000000000000001
2026/10/02 08:00:18.331, 81, 960, 6001, 14.34, 0x0000000000000001
2026/10/02 08:00:18.467, 81, 960, 6001, 14.37, 0x0000000000000001
2026/10/02 08:00:18.604, 81, 960, 6001, 14.56, 0x0000000000000001
2026/10/02 08:00:18.736, 81, 960, 6001, 14.46, 0x0000000000000001
2026/10/02 08:00:18.861, 81, 960, 6001, 14.22, 0x0000000000000001
2026/10/02 08:00:18.996, 81, 960, 6001, 13.80, 0x0000000000000001
2026/10/02 08:00:19.126, 81, 960, 6001, 14.35, 0x0000000000000001
2026/10/02 08:00:19.246, 81, 960, 6001, 15.19, 0x0000000000000001
2026/10/02 08:00:19.364, 81, 1890, 7001, 15.73, 0x0000000000000001
2026/10/02 08:00:19.484, 81, 1890, 7001, 16.63, 0x0000000000000001
2026/10/02 08:00:19.622, 81, 1890, 7001, 17.33, 0x0000000000000001
2026/10/02 08:00:19.741, 81, 1890, 7001, 18.22, 0x0000000000000001
2026/10/02 08:00:19.861, 81, 1890, 8001, 19.05, 0x0000000000000001
2026/10/02 08:00:19.982, 81, 1890, 8001, 20.75, 0x0000000000000001
2026/10/02 08:00:20.100, 81, 1890, 8001, 21.40, 0x0000000000000001
2026/10/02 08:00:20.223, 82, 1890, 8001, 21.66, 0x0000000000000001
2026/10/02 08:00:20.342, 82, 1890, 8001, 21.71, 0x0000000000000001
2026/10/02 08:00:20.459, 82, 1890, 8001, 21.85, 0x0000000000000001
2026/10/02 08:00:20.582, 82, 1890, 8001, 22.02, 0x0000000000000001
2026/10/02 08:00:20.699, 82, 1890, 8001, 21.97, 0x0000000000000001
2026/10/02 08:00:20.821, 82, 1890, 8001, 21.83, 0x0000000000000001
2026/10/02 08:00:20.945, 82, 1890, 8001, 21.69, 0x0000000000000001
2026/10/02 08:00:21.065, 82, 1890, 8001, 21.81, 0x0000000000000001
2026/10/02 08:00:21.186, 82, 1890, 8001, 22.09, 0x0000000000000001
2026/10/02 08:00:21.311, 82, 1890, 7001, 21.94, 0x0000000000000001
2026/10/02 08:00:21.431, 82, 1890, 7001, 21.62, 0x0000000000000001
2026/10/02 08:00:21.552, 82, 1890, 7001, 21.43, 0x0000000000000001
2026/10/02 08:00:21.669, 82, 1890, 7001, 21.16, 0x0000000000000001
2026/10/02 08:00:21.797, 82, 1890, 8001, 21.19, 0x0000000000000001
2026/10/02 08:00:21.934, 82, 1890, 8001, 21.32, 0x0000000000000001
2026/10/02 08:00:22.062, 82, 1890, 8001, 21.45, 0x0000000000000001
2026/10/02 08:00:22.184, 82, 1890, 8001, 21.26, 0x0000000000000001
2026/10/02 08:00:22.302, 82, 1890, 8001, 21.35, 0x0000000000000001
2026/10/02 08:00:22.424, 82, 1890, 8001, 21.51, 0x0000000000000001
2026/10/02 08:00:22.542, 82, 1890, 8001, 21.88, 0x0000000000000001
2026/10/02 08:00:22.661, 82, 1890, 8001, 22.25, 0x0000000000000001
2026/10/02 08:00:22.780, 82, 1890, 8001, 22.85, 0x0000000000000001
2026/10/02 08:00:22.906, 82, 1890, 8001, 22.95, 0x0000000000000001
2026/10/02 08:00:23.033, 82, 1890, 8001, 22.21, 0x0000000000000001
2026/10/02 08:00:23.156, 82, 1890, 8001, 21.48, 0x0000000000000001
2026/10/02 08:00:23.286, 82, 960, 6001, 19.83, 0x0000000000000001
2026/10/02 08:00:23.421, 82, 960, 6001, 18.89, 0x0000000000000001
2026/10/02 08:00:23.551, 82, 960, 6001, 18.03, 0x0000000000000001
2026/10/02 08:00:23.671, 81, 960, 6001, 16.26, 0x0000000000000001
2026/10/02 08:00:23.795, 81, 810, 6001, 15.38, 0x0000000000000001
2026/10/02 08:00:23.919, 81, 810, 6001, 14.49, 0x0000000000000001
2026/10/02 08:00:24.050, 81, 810, 6001, 13.56, 0x0000000000000001
2026/10/02 08:00:24.179, 81, 810, 6001, 13.35, 0x0000000000000001
2026/10/02 08:00:24.314, 81, 735, 6001, 13.10, 0x0000000000000001
2026/10/02 08:00:24.445, 81, 735, 6001, 13.08, 0x0000000000000001
2026/10/02 08:00:24.577, 81, 735, 6001, 12.87, 0x0000000000000001
2026/10/02 08:00:24.714, 81, 735, 6001, 12.84, 0x0000000000000001
2026/10/02 08:00:24.842, 81, 615, 6001, 12.84, 0x0000000000000001
2026/10/02 08:00:24.971, 81, 615, 6001, 12.80, 0x0000000000000001
2026/10/02 08:00:25.101, 81, 615, 6001, 12.79, 0x0000000000000001
2026/10/02 08:00:25.228, 81, 615, 6001, 12.90, 0x0000000000000001
2026/10/02 08:00:25.345, 81, 1890, 8001, 14.65, 0x0000000000000001
2026/10/02 08:00:25.464, 81, 1890, 8001, 16.21, 0x0000000000000001
2026/10/02 08:00:25.587, 81, 1890, 8001, 18.97, 0x0000000000000001
2026/10/02 08:00:25.705, 82, 1890, 8001, 20.37, 0x0000000000000001
2026/10/02 08:00:25.826, 82, 1890, 7001, 21.76, 0x0000000000000001
2026/10/02 08:00:25.943, 82, 1890, 7001, 23.16, 0x0000000000000001
2026/10/02 08:00:26.061, 82, 1890, 7001, 24.74, 0x0000000000000001
2026/10/02 08:00:26.182, 84, 1890, 7001, 28.24, 0x0000000000000001
2026/10/02 08:00:26.301, 84, 1890, 8001, 29.84, 0x0000000000000001
2026/10/02 08:00:26.423, 84, 1890, 8001, 29.37, 0x0000000000000001
2026/10/02 08:00:26.543, 84, 1890, 8001, 28.64, 0x0000000000000001
2026/10/02 08:00:26.671, 85, 1890, 8001, 27.47, 0x0000000000000001
2026/10/02 08:00:26.793, 85, 1890, 8001, 26.96, 0x0000000000000001
2026/10/02 08:00:26.925, 85, 1890, 8001, 26.45, 0x0000000000000001
2026/10/02 08:00:27.041, 85, 1890, 8001, 25.97, 0x0000000000000001
2026/10/02 08:00:27.159, 83, 1890, 8001, 25.31, 0x0000000000000001
2026/10/02 08:00:27.282, 83, 1890, 8001, 23.58, 0x0000000000000001
2026/10/02 08:00:27.408, 83, 1890, 8001, 22.74, 0x0000000000000001
2026/10/02 08:00:27.533, 83, 1890, 8001, 22.36, 0x0000000000000001
2026/10/02 08:00:27.654, 83, 1890, 8001, 22.47, 0x0000000000000001
2026/10/02 08:00:27.779, 83, 1890, 8001, 22.53, 0x0000000000000001
2026/10/02 08:00:27.904, 83, 1890, 8001, 22.36, 0x0000000000000001
2026/10/02 08:00:28.024, 83, 1890, 8001, 22.35, 0x0000000000000001
2026/10/02 08:00:28.141, 83, 1890, 8001, 22.36, 0x0000000000000001
2026/10/02 08:00:28.268, 83, 1890, 8001, 22.04, 0x0000000000000001
2026/10/02 08:00:28.396, 83, 1890, 8001, 21.91, 0x0000000000000001
2026/10/02 08:00:28.521, 83, 1890, 8001, 21.71, 0x0000000000000001
2026/10/02 08:00:28.642, 82, 1890, 8001, 21.53, 0x0000000000000001
2026/10/02 08:00:28.759, 82, 1890, 8001, 21.45, 0x0000000000000001
2026/10/02 08:00:28.877, 82, 1890, 8001, 21.36, 0x0000000000000001
2026/10/02 08:00:29.016, 82, 1890, 8001, 20.65, 0x0000000000000001
2026/10/02 08:00:29.142, 83, 1890, 8001, 19.80, 0x0000000000000001
2026/10/02 08:00:29.264, 83, 810, 6001, 18.90, 0x0000000000000001
2026/10/02 08:00:29.390, 83, 810, 6001, 17.49, 0x0000000000000001
2026/10/02 08:00:29.521, 83, 810, 6001, 16.76, 0x0000000000000001
2026/10/02 08:00:29.644, 81, 810, 6001, 16.06, 0x0000000000000001
2026/10/02 08:00:29.762, 81, 810, 6001, 15.36, 0x0000000000000001
2026/10/02 08:00:29.882, 81, 615, 6001, 13.61, 0x0000000000000001
2026/10/02 08:00:30.020, 81, 615, 6001, 12.99, 0x0000000000000001
2026/10/02 08:00:30.143, 81, 615, 6001, 12.92, 0x0000000000000001
2026/10/02 08:00:30.261, 81, 615, 6001, 12.86, 0x0000000000000001
2026/10/02 08:00:30.391, 81, 510, 6001, 12.84, 0x0000000000000001
2026/10/02 08:00:30.509, 81, 510, 6001, 12.80, 0x0000000000000001
2026/10/02 08:00:30.637, 81, 510, 6001, 12.75, 0x0000000000000001
2026/10/02 08:00:30.756, 81, 510, 6001, 12.68, 0x0000000000000001
2026/10/02 08:00:30.877, 81, 405, 810, 12.20, 0x0000000000000001
2026/10/02 08:00:31.019, 81, 405, 810, 12.03, 0x0000000000000001
2026/10/02 08:00:31.147, 81, 405, 810, 11.77, 0x0000000000000001
2026/10/02 08:00:31.267, 81, 345, 810, 11.29, 0x0000000000000001
2026/10/02 08:00:31.393, 81, 345, 810, 10.94, 0x0000000000000001
2026/10/02 08:00:31.512, 81, 345, 810, 10.72, 0x0000000000000001
2026/10/02 08:00:31.633, 81, 345, 810, 10.50, 0x0000000000000001
2026/10/02 08:00:31.754, 81, 345, 810, 10.27, 0x0000000000000001
2026/10/02 08:00:31.874, 81, 255, 810, 9.96, 0x0000000000000001
2026/10/02 08:00:32.009, 81, 255, 810, 9.96, 0x0000000000000001
2026/10/02 08:00:32.132, 81, 255, 810, 9.94, 0x0000000000000001
2026/10/02 08:00:32.254, 81, 255, 810, 9.93, 0x0000000000000001
2026/10/02 08:00:32.376, 81, 225, 810, 9.93, 0x0000000000000001
2026/10/02 08:00:32.503, 81, 225, 810, 9.92, 0x0000000000000001
2026/10/02 08:00:32.625, 81, 225, 810, 9.91, 0x0000000000000001
2026/10/02 08:00:32.744, 81, 225, 810, 9.91, 0x0000000000000001
2026/10/02 08:00:32.867, 81, 210, 810, 9.90, 0x0000000000000001
2026/10/02 08:00:32.990, 81, 210, 810, 9.90, 0x0000000000000001
2026/10/02 08:00:33.110, 81, 210, 810, 9.88, 0x0000000000000001
2026/10/02 08:00:33.229, 81, 210, 810, 9.87, 0x0000000000000001
2026/10/02 08:00:33.351, 81, 210, 810, 9.86, 0x0000000000000001
2026/10/02 08:00:33.472, 81, 210, 810, 9.86, 0x0000000000000001
2026/10/02 08:00:33.592, 81, 210, 810, 9.86, 0x0000000000000001
2026/10/02 08:00:33.713, 81, 210, 810, 9.86, 0x0000000000000001
2026/10/02 08:00:33.834, 81, 210, 810, 9.86, 0x0000000000000001
2026/10/02 08:00:33.953, 81, 210, 810, 9.85, 0x0000000000000001
2026/10/02 08:00:34.083, 81, 210, 810, 9.85, 0x0000000000000001
2026/10/02 08:00:34.203, 81, 210, 810, 9.85, 0x0000000000000001
2026/10/02 08:00:34.324, 81, 210, 810, 9.85, 0x0000000000000001
2026/10/02 08:00:34.448, 81, 210, 810, 9.64, 0x0000000000000001
2026/10/02 08:00:34.571, 81, 210, 810, 9.16, 0x0000000000000001
2026/10/02 08:00:34.696, 81, 210, 810, 8.93, 0x0000000000000001
2026/10/02 08:00:34.821, 81, 210, 405, 8.70, 0x0000000000000001
2026/10/02 08:00:34.953, 81, 210, 405, 8.47, 0x0000000000000001
2026/10/02 08:00:35.090, 81, 210, 405, 8.00, 0x0000000000000001
2026/10/02 08:00:35.215, 81, 210, 405, 7.79, 0x0000000000000001
2026/10/02 08:00:35.339, 81, 210, 405, 7.56, 0x0000000000000001
2026/10/02 08:00:35.465, 81, 210, 405, 7.32, 0x0000000000000001
2026/10/02 08:00:35.593, 81, 210, 405, 7.33, 0x0000000000000001
2026/10/02 08:00:35.718, 81, 210, 405, 7.29, 0x0000000000000001
2026/10/02 08:00:35.849, 81, 210, 405, 7.25, 0x0000000000000001
2026/10/02 08:00:35.981, 81, 210, 405, 7.24, 0x0000000000000001
2026/10/02 08:00:36.116, 81, 210, 405, 7.21, 0x0000000000000001
2026/10/02 08:00:36.254, 81, 210, 405, 7.24, 0x0000000000000001
2026/10/02 08:00:36.385, 81, 210, 405, 7.23, 0x0000000000000001
2026/10/02 08:00:36.520, 81, 210, 405, 7.22, 0x0000000000000001
2026/10/02 08:00:36.643, 81, 210, 405, 7.22, 0x0000000000000001
2026/10/02 08:00:36.775, 81, 210, 405, 7.29, 0x0000000000000001
2026/10/02 08:00:36.909, 81, 210, 405, 7.33, 0x0000000000000001
2026/10/02 08:00:37.037, 81, 210, 405, 7.40, 0x0000000000000001
2026/10/02 08:00:37.194, 81, 210, 405, 7.45, 0x0000000000000001
2026/10/02 08:00:37.369, 81, 210, 405, 7.52, 0x0000000000000001
2026/10/02 08:00:37.509, 81, 210, 405, 7.53, 0x0000000000000001
2026/10/02 08:00:37.648, 81, 210, 405, 7.54, 0x0000000000000001
2026/10/02 08:00:37.778, 81, 225, 405, 7.50, 0x0000000000000001
2026/10/02 08:00:37.902, 81, 225, 405, 7.49, 0x0000000000000001
2026/10/02 08:00:38.056, 81, 225, 405, 7.57, 0x0000000000000001
2026/10/02 08:00:38.209, 81, 225, 405, 7.54, 0x0000000000000001
2026/10/02 08:00:38.348, 81, 315, 405, 7.50, 0x0000000000000001
2026/10/02 08:00:38.472, 81, 315, 405, 7.50, 0x0000000000000001
2026/10/02 08:00:38.628, 81, 315, 405, 7.57, 0x0000000000000001
2026/10/02 08:00:38.772, 81, 315, 405, 7.66, 0x0000000000000001
2026/10/02 08:00:38.905, 81, 315, 405, 7.69, 0x0000000000000001
2026/10/02 08:00:39.053, 81, 315, 405, 7.74, 0x0000000000000001
2026/10/02 08:00:39.194, 81, 315, 405, 7.68, 0x0000000000000001
2026/10/02 08:00:39.318, 81, 330, 405, 7.72, 0x0000000000000001
2026/10/02 08:00:39.462, 81, 330, 405, 7.72, 0x0000000000000001
2026/10/02 08:00:39.590, 81, 330, 405, 7.71, 0x0000000000000001
2026/10/02 08:00:39.731, 81, 330, 405, 7.68, 0x0000000000000001
2026/10/02 08:00:39.855, 81, 330, 405, 7.60, 0x0000000000000001
2026/10/02 08:00:40.026, 81, 330, 405, 7.68, 0x0000000000000001
2026/10/02 08:00:40.176, 81, 330, 405, 7.85, 0x0000000000000001
2026/10/02 08:00:40.307, 81, 435, 810, 8.04, 0x0000000000000001
2026/10/02 08:00:40.437, 81, 435, 810, 8.25, 0x0000000000000001
2026/10/02 08:00:40.575, 81, 435, 810, 8.77, 0x0000000000000001
2026/10/02 08:00:40.717, 81, 435, 810, 8.85, 0x0000000000000001
2026/10/02 08:00:40.840, 81, 435, 810, 9.04, 0x0000000000000001
2026/10/02 08:00:40.964, 81, 435, 810, 9.52, 0x0000000000000001
2026/10/02 08:00:41.085, 81, 435, 810, 9.63, 0x0000000000000001
2026/10/02 08:00:41.216, 81, 435, 810, 9.80, 0x0000000000000001
2026/10/02 08:00:41.343, 81, 435, 810, 9.80, 0x0000000000000001
2026/10/02 08:00:41.474, 81, 435, 810, 9.81, 0x0000000000000001
2026/10/02 08:00:41.606, 81, 435, 810, 9.81, 0x0000000000000001
2026/10/02 08:00:41.726, 81, 435, 810, 9.81, 0x0000000000000001
2026/10/02 08:00:41.847, 81, 435, 810, 9.82, 0x0000000000000001
2026/10/02 08:00:41.974, 81, 435, 810, 9.64, 0x0000000000000001
2026/10/02 08:00:42.097, 81, 435, 810, 9.40, 0x0000000000000001
2026/10/02 08:00:42.222, 81, 435, 810, 9.18, 0x0000000000000001
2026/10/02 08:00:42.355, 80, 210, 405, 8.96, 0x0000000000000001
2026/10/02 08:00:42.488, 80, 210, 405, 8.51, 0x0000000000000001
2026/10/02 08:00:42.613, 80, 210, 405, 8.29, 0x0000000000000001
2026/10/02 08:00:42.747, 80, 210, 405, 8.06, 0x0000000000000001
2026/10/02 08:00:42.870, 80, 210, 405, 7.61, 0x0000000000000001
2026/10/02 08:00:43.015, 80, 210, 405, 7.41, 0x0000000000000001
2026/10/02 08:00:43.141, 80, 210, 405, 7.38, 0x0000000000000001
2026/10/02 08:00:43.275, 80, 210, 405, 7.36, 0x0000000000000001
2026/10/02 08:00:43.401, 80, 210, 405, 7.35, 0x0000000000000001
2026/10/02 08:00:43.524, 80, 210, 405, 7.34, 0x0000000000000001
2026/10/02 08:00:43.647, 80, 210, 405, 7.33, 0x0000000000000001
2026/10/02 08:00:43.774, 80, 210, 405, 7.33, 0x0000000000000001
2026/10/02 08:00:43.899, 80, 210, 405, 7.32, 0x0000000000000001
2026/10/02 08:00:44.031, 80, 210, 405, 7.35, 0x0000000000000001
2026/10/02 08:00:44.174, 80, 210, 405, 7.34, 0x0000000000000001
2026/10/02 08:00:44.305, 80, 210, 405, 7.34, 0x0000000000000001
2026/10/02 08:00:44.432, 80, 210, 405, 7.35, 0x0000000000000001
2026/10/02 08:00:44.556, 80, 210, 405, 7.35, 0x0000000000000001
2026/10/02 08:00:44.683, 80, 210, 405, 7.35, 0x0000000000000001
2026/10/02 08:00:44.808, 80, 210, 405, 7.36, 0x0000000000000001
2026/10/02 08:00:44.934, 80, 210, 405, 7.36, 0x0000000000000001
2026/10/02 08:00:45.070, 80, 210, 405, 7.37, 0x0000000000000001
2026/10/02 08:00:45.194, 80, 210, 405, 7.37, 0x0000000000000001
2026/10/02 08:00:45.329, 80, 210, 405, 7.37, 0x0000000000000001
2026/10/02 08:00:45.495, 80, 210, 405, 7.38, 0x0000000000000001
2026/10/02 08:00:45.622, 80, 210, 405, 7.35, 0x0000000000000001
2026/10/02 08:00:45.762, 80, 210, 405, 7.35, 0x0000000000000001
2026/10/02 08:00:45.891, 80, 210, 405, 7.35, 0x0000000000000001
2026/10/02 08:00:46.053, 80, 210, 405, 7.38, 0x0000000000000001
2026/10/02 08:00:46.185, 80, 210, 405, 7.41, 0x0000000000000001
2026/10/02 08:00:46.325, 80, 210, 405, 7.44, 0x0000000000000001
2026/10/02 08:00:46.457, 80, 210, 405, 7.43, 0x0000000000000001
2026/10/02 08:00:46.591, 80, 210, 405, 7.40, 0x0000000000000001
2026/10/02 08:00:46.741, 80, 210, 405, 7.43, 0x0000000000000001
2026/10/02 08:00:46.865, 80, 210, 405, 7.42, 0x0000000000000001
2026/10/02 08:00:47.004, 80, 210, 405, 7.43, 0x0000000000000001
2026/10/02 08:00:47.128, 80, 210, 405, 7.38, 0x0000000000000001
2026/10/02 08:00:47.255, 80, 210, 405, 7.36, 0x0000000000000001
2026/10/02 08:00:47.386, 80, 210, 405, 7.31, 0x0000000000000001
2026/10/02 08:00:47.510, 80, 210, 405, 7.30, 0x0000000000000001
2026/10/02 08:00:47.636, 80, 210, 405, 7.28, 0x0000000000000001
2026/10/02 08:00:47.760, 80, 210, 405, 7.27, 0x0000000000000001
2026/10/02 08:00:47.888, 80, 210, 405, 7.26, 0x0000000000000001
2026/10/02 08:00:48.014, 80, 210, 405, 7.27, 0x0000000000000001
2026/10/02 08:00:48.137, 80, 210, 405, 7.23, 0x0000000000000001
2026/10/02 08:00:48.267, 80, 210, 405, 7.22, 0x0000000000000001
2026/10/02 08:00:48.398, 80, 210, 405, 7.22, 0x0000000000000001
2026/10/02 08:00:48.523, 80, 210, 405, 7.22, 0x0000000000000001
2026/10/02 08:00:48.648, 80, 210, 405, 7.21, 0x0000000000000001
2026/10/02 08:00:48.773, 80, 210, 405, 7.22, 0x0000000000000001
2026/10/02 08:00:48.898, 80, 210, 405, 7.22, 0x0000000000000001
2026/10/02 08:00:49.028, 80, 210, 405, 7.26, 0x0000000000000001
2026/10/02 08:00:49.153, 80, 210, 405, 7.26, 0x0000000000000001
2026/10/02 08:00:49.281, 80, 210, 405, 7.26, 0x0000000000000001
2026/10/02 08:00:49.408, 80, 210, 405, 7.28, 0x0000000000000001
2026/10/02 08:00:49.534, 80, 210, 405, 7.28, 0x0000000000000001
2026/10/02 08:00:49.656, 80, 210, 405, 7.28, 0x0000000000000001
2026/10/02 08:00:49.791, 80, 210, 405, 7.31, 0x0000000000000001
2026/10/02 08:00:49.920, 80, 210, 405, 7.33, 0x0000000000000001
2026/10/02 08:00:50.049, 80, 210, 405, 7.36, 0x0000000000000001
2026/10/02 08:00:50.180, 80, 210, 405, 7.33, 0x0000000000000001
2026/10/02 08:00:50.304, 80, 210, 405, 7.33, 0x0000000000000001
2026/10/02 08:00:50.433, 80, 210, 405, 7.33, 0x0000000000000001
2026/10/02 08:00:50.563, 80, 210, 405, 7.31, 0x0000000000000001
2026/10/02 08:00:50.693, 80, 210, 405, 7.31, 0x0000000000000001
2026/10/02 08:00:50.822, 80, 210, 405, 7.31, 0x0000000000000001
2026/10/02 08:00:50.961, 80, 210, 405, 7.34, 0x0000000000000001
2026/10/02 08:00:51.097, 80, 210, 405, 7.29, 0x0000000000000001
2026/10/02 08:00:51.222, 80, 210, 405, 7.29, 0x0000000000000001
2026/10/02 08:00:51.353, 80, 210, 405, 7.29, 0x0000000000000001
2026/10/02 08:00:51.481, 80, 210, 405, 7.29, 0x0000000000000001
2026/10/02 08:00:51.605, 80, 210, 405, 7.29, 0x0000000000000001
2026/10/02 08:00:51.732, 80, 210, 405, 7.29, 0x0000000000000001
2026/10/02 08:00:51.865, 80, 210, 405, 7.36, 0x0000000000000001
2026/10/02 08:00:52.024, 80, 210, 405, 7.37, 0x0000000000000001
2026/10/02 08:00:52.192, 80, 210, 405, 7.42, 0x0000000000000001
2026/10/02 08:00:52.324, 80, 210, 405, 7.42, 0x0000000000000001
2026/10/02 08:00:52.447, 80, 270, 405, 7.41, 0x0000000000000001
2026/10/02 08:00:52.582, 80, 270, 405, 7.50, 0x0000000000000001
2026/10/02 08:00:52.739, 80, 270, 405, 7.60, 0x0000000000000001
2026/10/02 08:00:52.896, 80, 405, 405, 7.72, 0x0000000000000001
2026/10/02 08:00:53.019, 80, 405, 405, 7.69, 0x0000000000000001
2026/10/02 08:00:53.145, 80, 405, 405, 7.66, 0x0000000000000001
2026/10/02 08:00:53.271, 80, 405, 405, 7.63, 0x0000000000000001
2026/10/02 08:00:53.402, 80, 405, 405, 7.66, 0x0000000000000001
2026/10/02 08:00:53.539, 80, 405, 405, 7.67, 0x0000000000000001
2026/10/02 08:00:53.673, 80, 405, 405, 7.69, 0x0000000000000001
2026/10/02 08:00:53.891, 80, 405, 405, 7.73, 0x0000000000000001
2026/10/02 08:00:54.046, 80, 405, 405, 8.03, 0x0000000000000001
2026/10/02 08:00:54.171, 80, 405, 405, 10.34, 0x0000000000000001
2026/10/02 08:00:54.294, 80, 405, 405, 11.49, 0x0000000000000001
2026/10/02 08:00:54.415, 81, 1890, 8001, 12.65, 0x0000000000000001
2026/10/02 08:00:54.540, 81, 1890, 8001, 13.81, 0x0000000000000001
2026/10/02 08:00:54.668, 81, 1890, 8001, 16.12, 0x0000000000000001
2026/10/02 08:00:54.789, 81, 1890, 8001, 17.42, 0x0000000000000001
2026/10/02 08:00:54.911, 82, 1890, 8001, 18.30, 0x0000000000000001
2026/10/02 08:00:55.051, 82, 1890, 8001, 19.43, 0x0000000000000001
2026/10/02 08:00:55.180, 82, 1890, 8001, 20.23, 0x0000000000000001
2026/10/02 08:00:55.298, 82, 1890, 8001, 20.32, 0x0000000000000001
2026/10/02 08:00:55.421, 82, 1890, 8001, 20.36, 0x0000000000000001
2026/10/02 08:00:55.541, 82, 1890, 8001, 20.36, 0x0000000000000001
2026/10/02 08:00:55.661, 82, 1890, 8001, 20.25, 0x0000000000000001
2026/10/02 08:00:55.794, 82, 1890, 8001, 19.75, 0x0000000000000001
2026/10/02 08:00:55.920, 81, 645, 6001, 19.05, 0x0000000000000001
2026/10/02 08:00:56.041, 81, 645, 6001, 18.41, 0x0000000000000001
2026/10/02 08:00:56.168, 81, 645, 6001, 17.14, 0x0000000000000001
2026/10/02 08:00:56.291, 81, 645, 6001, 16.42, 0x0000000000000001
2026/10/02 08:00:56.423, 81, 525, 6001, 15.62, 0x0000000000000001
2026/10/02 08:00:56.551, 81, 525, 6001, 14.88, 0x0000000000000001
2026/10/02 08:00:56.680, 81, 525, 6001, 12.90, 0x0000000000000001
2026/10/02 08:00:56.802, 81, 525, 6001, 12.70, 0x0000000000000001
2026/10/02 08:00:56.932, 81, 450, 6001, 12.69, 0x0000000000000001
2026/10/02 08:00:57.059, 81, 450, 6001, 12.62, 0x0000000000000001
2026/10/02 08:00:57.191, 81, 450, 6001, 12.50, 0x0000000000000001
2026/10/02 08:00:57.329, 81, 450, 6001, 12.51, 0x0000000000000001
2026/10/02 08:00:57.462, 81, 360, 6001, 12.44, 0x0000000000000001
2026/10/02 08:00:57.592, 81, 360, 6001, 12.46, 0x0000000000000001
2026/10/02 08:00:57.722, 81, 360, 6001, 12.47, 0x0000000000000001
2026/10/02 08:00:57.841, 81, 300, 810, 12.27, 0x0000000000000001
2026/10/02 08:00:57.979, 80, 300, 810, 11.81, 0x0000000000000001
2026/10/02 08:00:58.102, 80, 300, 810, 11.45, 0x0000000000000001
2026/10/02 08:00:58.238, 80, 300, 810, 11.34, 0x0000000000000001
2026/10/02 08:00:58.358, 80, 240, 810, 10.81, 0x0000000000000001
2026/10/02 08:00:58.479, 80, 240, 810, 10.54, 0x0000000000000001
2026/10/02 08:00:58.600, 80, 240, 810, 10.30, 0x0000000000000001
2026/10/02 08:00:58.726, 80, 240, 810, 10.07, 0x0000000000000001
2026/10/02 08:00:58.863, 80, 210, 810, 9.86, 0x0000000000000001
2026/10/02 08:00:59.000, 80, 210, 810, 9.89, 0x0000000000000001
2026/10/02 08:00:59.123, 80, 210, 810, 9.86, 0x0000000000000001
2026/10/02 08:00:59.254, 80, 210, 810, 9.85, 0x0000000000000001
2026/10/02 08:00:59.379, 80, 210, 810, 9.84, 0x0000000000000001
2026/10/02 08:00:59.506, 80, 210, 810, 9.86, 0x0000000000000001
2026/10/02 08:00:59.625, 80, 210, 810, 9.89, 0x0000000000000001
2026/10/02 08:00:59.745, 80, 210, 810, 9.91, 0x0000000000000001
2026/10/02 08:00:59.865, 80, 210, 810, 9.86, 0x0000000000000001
2026/10/02 08:00:59.991, 80, 210, 810, 9.87, 0x0000000000000001
2026/10/02 08:01:00.121, 80, 210, 810, 9.85, 0x0000000000000001
2026/10/02 08:01:00.260, 80, 210, 810, 9.85, 0x0000000000000001
2026/10/02 08:01:00.393, 80, 210, 810, 9.86, 0x0000000000000001
2026/10/02 08:01:00.516, 80, 210, 810, 9.85, 0x0000000000000001
2026/10/02 08:01:00.649, 80, 210, 810, 9.82, 0x0000000000000001
2026/10/02 08:01:00.773, 80, 210, 810, 9.57, 0x0000000000000001
2026/10/02 08:01:00.902, 80, 210, 405, 9.27, 0x0000000000000001
2026/10/02 08:01:01.028, 80, 210, 405, 9.13, 0x0000000000000001
2026/10/02 08:01:01.176, 80, 210, 405, 8.65, 0x0000000000000001
2026/10/02 08:01:01.305, 80, 210, 405, 8.42, 0x0000000000000001
2026/10/02 08:01:01.443, 80, 210, 405, 8.20, 0x0000000000000001
2026/10/02 08:01:01.568, 80, 210, 405, 7.76, 0x0000000000000001
2026/10/02 08:01:01.692, 80, 210, 405, 7.56, 0x0000000000000001
2026/10/02 08:01:01.819, 80, 210, 405, 7.36, 0x0000000000000001
2026/10/02 08:01:01.952, 80, 210, 405, 7.37, 0x0000000000000001
2026/10/02 08:01:02.083, 80, 210, 405, 7.39, 0x0000000000000001
2026/10/02 08:01:02.218, 80, 210, 405, 7.38, 0x0000000000000001
2026/10/02 08:01:02.342, 80, 210, 405, 7.38, 0x0000000000000001
2026/10/02 08:01:02.477, 80, 210, 405, 7.37, 0x0000000000000001
2026/10/02 08:01:02.602, 80, 210, 405, 7.38, 0x0000000000000001
2026/10/02 08:01:02.733, 80, 210, 405, 7.38, 0x0000000000000001
2026/10/02 08:01:02.863, 80, 210, 405, 7.37, 0x0000000000000001
2026/10/02 08:01:02.987, 80, 210, 405, 7.40, 0x0000000000000001
2026/10/02 08:01:03.116, 80, 210, 405, 7.37, 0x0000000000000001
2026/10/02 08:01:03.244, 80, 210, 405, 7.36, 0x0000000000000001
2026/10/02 08:01:03.378, 80, 210, 405, 7.37, 0x0000000000000001
2026/10/02 08:01:03.505, 80, 210, 405, 7.43, 0x0000000000000001
2026/10/02 08:01:03.632, 80, 210, 405, 7.38, 0x0000000000000001
2026/10/02 08:01:03.758, 80, 210, 405, 7.26, 0x0000000000000001
2026/10/02 08:01:03.882, 80, 210, 405, 7.24, 0x0000000000000001
2026/10/02 08:01:04.010, 80, 210, 405, 7.25, 0x0000000000000001
2026/10/02 08:01:04.132, 80, 210, 405, 7.22, 0x0000000000000001
2026/10/02 08:01:04.264, 80, 210, 405, 7.20, 0x0000000000000001
2026/10/02 08:01:04.397, 80, 210, 405, 7.19, 0x0000000000000001
2026/10/02 08:01:04.523, 80, 210, 405, 7.18, 0x0000000000000001
2026/10/02 08:01:04.663, 80, 210, 405, 7.15, 0x0000000000000001
2026/10/02 08:01:04.803, 80, 210, 405, 7.21, 0x0000000000000001
2026/10/02 08:01:04.934, 80, 210, 405, 7.25, 0x0000000000000001
2026/10/02 08:01:05.079, 80, 210, 405, 7.23, 0x0000000000000001
2026/10/02 08:01:05.210, 80, 210, 405, 7.17, 0x0000000000000001
2026/10/02 08:01:05.346, 80, 210, 405, 7.12, 0x0000000000000001
2026/10/02 08:01:05.471, 80, 210, 405, 7.03, 0x0000000000000001
2026/10/02 08:01:05.595, 80, 210, 405, 6.98, 0x0000000000000001
2026/10/02 08:01:05.723, 80, 210, 405, 6.93, 0x0000000000000001
2026/10/02 08:01:05.847, 80, 210, 405, 6.85, 0x0000000000000001
2026/10/02 08:01:05.971, 80, 210, 405, 6.85, 0x0000000000000001
2026/10/02 08:01:06.096, 80, 210, 405, 6.82, 0x0000000000000001
2026/10/02 08:01:06.230, 80, 210, 405, 6.88, 0x0000000000000001
2026/10/02 08:01:06.354, 80, 210, 405, 6.99, 0x0000000000000001
2026/10/02 08:01:06.481, 80, 210, 405, 7.03, 0x0000000000000001
2026/10/02 08:01:06.606, 80, 210, 405, 7.07, 0x0000000000000001
2026/10/02 08:01:06.757, 80, 210, 405, 7.19, 0x0000000000000001
2026/10/02 08:01:06.881, 80, 210, 405, 7.24, 0x0000000000000001
2026/10/02 08:01:07.005, 80, 210, 405, 7.31, 0x0000000000000001
2026/10/02 08:01:07.129, 80, 210, 405, 7.30, 0x0000000000000001
2026/10/02 08:01:07.263, 80, 210, 405, 7.29, 0x0000000000000001
2026/10/02 08:01:07.400, 80, 210, 405, 7.31, 0x0000000000000001
2026/10/02 08:01:07.558, 80, 210, 405, 7.31, 0x0000000000000001
2026/10/02 08:01:07.688, 80, 210, 405, 7.31, 0x0000000000000001
2026/10/02 08:01:07.812, 80, 210, 405, 7.30, 0x0000000000000001
2026/10/02 08:01:07.950, 80, 210, 405, 7.30, 0x0000000000000001
2026/10/02 08:01:08.077, 80, 210, 405, 7.32, 0x0000000000000001
2026/10/02 08:01:08.230, 80, 210, 405, 7.32, 0x0000000000000001
2026/10/02 08:01:08.367, 80, 210, 405, 7.33, 0x0000000000000001
2026/10/02 08:01:08.497, 80, 210, 405, 7.31, 0x0000000000000001
2026/10/02 08:01:08.628, 80, 210, 405, 7.34, 0x0000000000000001
2026/10/02 08:01:08.788, 80, 210, 405, 7.55, 0x0000000000000001
2026/10/02 08:01:08.999, 80, 285, 405, 8.39, 0x0000000000000001
2026/10/02 08:01:09.123, 80, 285, 405, 9.70, 0x0000000000000001
2026/10/02 08:01:09.243, 80, 285, 405, 10.89, 0x0000000000000001
2026/10/02 08:01:09.363, 80, 285, 405, 13.27, 0x0000000000000001
2026/10/02 08:01:09.486, 81, 1890, 8001, 14.58, 0x0000000000000001
2026/10/02 08:01:09.605, 81, 1890, 8001, 15.99, 0x0000000000000001
2026/10/02 08:01:09.724, 81, 1890, 8001, 17.56, 0x0000000000000001
2026/10/02 08:01:09.842, 81, 1890, 8001, 18.49, 0x0000000000000001
2026/10/02 08:01:09.977, 82, 1890, 8001, 20.73, 0x0000000000000001
2026/10/02 08:01:10.102, 82, 1890, 8001, 21.31, 0x0000000000000001
2026/10/02 08:01:10.228, 82, 1890, 8001, 21.41, 0x0000000000000001
2026/10/02 08:01:10.351, 82, 1890, 8001, 21.50, 0x0000000000000001
2026/10/02 08:01:10.476, 82, 1890, 8001, 21.50, 0x0000000000000001
2026/10/02 08:01:10.593, 82, 1890, 8001, 21.36, 0x0000000000000001
2026/10/02 08:01:10.709, 82, 1890, 8001, 21.17, 0x0000000000000001
2026/10/02 08:01:10.832, 82, 1890, 8001, 20.40, 0x0000000000000001
2026/10/02 08:01:10.955, 81, 705, 6001, 19.05, 0x0000000000000001
2026/10/02 08:01:11.083, 81, 705, 6001, 18.31, 0x0000000000000001
2026/10/02 08:01:11.207, 81, 705, 6001, 17.51, 0x0000000000000001
2026/10/02 08:01:11.335, 81, 705, 6001, 16.60, 0x0000000000000001
2026/10/02 08:01:11.463, 81, 630, 6001, 14.76, 0x0000000000000001
2026/10/02 08:01:11.619, 81, 630, 6001, 14.12, 0x0000000000000001
2026/10/02 08:01:11.748, 81, 630, 6001, 13.30, 0x0000000000000001
2026/10/02 08:01:11.869, 81, 630, 6001, 13.00, 0x0000000000000001
2026/10/02 08:01:11.999, 81, 525, 6001, 12.97, 0x0000000000000001
2026/10/02 08:01:12.142, 81, 525, 6001, 12.89, 0x0000000000000001
2026/10/02 08:01:12.271, 81, 525, 6001, 12.76, 0x0000000000000001
2026/10/02 08:01:12.391, 81, 435, 6001, 12.70, 0x0000000000000001
2026/10/02 08:01:12.523, 80, 435, 6001, 12.49, 0x0000000000000001
2026/10/02 08:01:12.642, 80, 435, 6001, 12.49, 0x0000000000000001
2026/10/02 08:01:12.760, 80, 435, 6001, 12.36, 0x0000000000000001
2026/10/02 08:01:12.882, 80, 435, 6001, 12.39, 0x0000000000000001
2026/10/02 08:01:13.001, 81, 345, 6001, 12.47, 0x0000000000000001
2026/10/02 08:01:13.125, 81, 345, 6001, 12.45, 0x0000000000000001
2026/10/02 08:01:13.243, 81, 345, 6001, 12.45, 0x0000000000000001
2026/10/02 08:01:13.361, 81, 345, 6001, 12.25, 0x0000000000000001
2026/10/02 08:01:13.492, 80, 285, 810, 12.02, 0x0000000000000001
2026/10/02 08:01:13.623, 80, 285, 810, 11.79, 0x0000000000000001
2026/10/02 08:01:13.755, 80, 285, 810, 11.33, 0x0000000000000001
2026/10/02 08:01:13.876, 80, 285, 810, 11.10, 0x0000000000000001
2026/10/02 08:01:14.007, 80, 225, 810, 10.90, 0x0000000000000001
2026/10/02 08:01:14.132, 80, 225, 810, 10.64, 0x0000000000000001
2026/10/02 08:01:14.269, 80, 225, 810, 10.17, 0x0000000000000001
2026/10/02 08:01:14.390, 80, 225, 810, 9.94, 0x0000000000000001
2026/10/02 08:01:14.510, 80, 210, 810, 9.90, 0x0000000000000001
2026/10/02 08:01:14.630, 80, 210, 810, 9.89, 0x0000000000000001
2026/10/02 08:01:14.749, 80, 210, 810, 9.89, 0x0000000000000001
2026/10/02 08:01:14.873, 80, 210, 810, 9.88, 0x0000000000000001
2026/10/02 08:01:15.001, 80, 210, 810, 10.03, 0x0000000000000001
2026/10/02 08:01:15.139, 80, 210, 810, 10.17, 0x0000000000000001
2026/10/02 08:01:15.265, 80, 210, 810, 12.10, 0x0000000000000001
2026/10/02 08:01:15.382, 80, 210, 810, 13.07, 0x0000000000000001
2026/10/02 08:01:15.502, 81, 1890, 8001, 14.02, 0x0000000000000001
2026/10/02 08:01:15.621, 81, 1890, 8001, 14.93, 0x0000000000000001
2026/10/02 08:01:15.757, 81, 1890, 8001, 16.76, 0x0000000000000001
2026/10/02 08:01:15.877, 81, 1890, 8001, 17.73, 0x0000000000000001
2026/10/02 08:01:15.999, 82, 1890, 8001, 18.72, 0x0000000000000001
2026/10/02 08:01:16.125, 82, 1890, 8001, 19.54, 0x0000000000000001
2026/10/02 08:01:16.241, 82, 1890, 8001, 20.37, 0x0000000000000001
2026/10/02 08:01:16.374, 82, 1890, 8001, 20.33, 0x0000000000000001
2026/10/02 08:01:16.493, 82, 1890, 8001, 20.34, 0x0000000000000001
2026/10/02 08:01:16.610, 82, 1890, 8001, 20.38, 0x0000000000000001
2026/10/02 08:01:16.726, 82, 1890, 8001, 20.45, 0x0000000000000001
2026/10/02 08:01:16.844, 82, 1890, 8001, 20.53, 0x0000000000000001
2026/10/02 08:01:16.972, 82, 480, 810, 19.81, 0x0000000000000001
2026/10/02 08:01:17.101, 82, 480, 810, 18.86, 0x0000000000000001
2026/10/02 08:01:17.228, 82, 480, 810, 17.91, 0x0000000000000001
2026/10/02 08:01:17.357, 82, 480, 810, 16.02, 0x0000000000000001
2026/10/02 08:01:17.487, 81, 405, 810, 15.09, 0x0000000000000001
2026/10/02 08:01:17.612, 81, 405, 810, 14.14, 0x0000000000000001
2026/10/02 08:01:17.739, 81, 405, 810, 13.18, 0x0000000000000001
2026/10/02 08:01:17.866, 81, 405, 810, 11.27, 0x0000000000000001
2026/10/02 08:01:18.011, 81, 315, 810, 10.18, 0x0000000000000001
2026/10/02 08:01:18.133, 81, 315, 810, 10.15, 0x0000000000000001
2026/10/02 08:01:18.265, 81, 315, 810, 10.22, 0x0000000000000001
2026/10/02 08:01:18.430, 81, 300, 810, 10.37, 0x0000000000000001
2026/10/02 08:01:18.553, 81, 300, 810, 10.44, 0x0000000000000001
2026/10/02 08:01:18.680, 81, 300, 810, 10.47, 0x0000000000000001
2026/10/02 08:01:18.818, 81, 300, 810, 10.52, 0x0000000000000001
2026/10/02 08:01:18.956, 81, 480, 810, 10.60, 0x0000000000000001
2026/10/02 08:01:19.083, 81, 480, 810, 10.55, 0x0000000000000001
2026/10/02 08:01:19.202, 81, 480, 810, 10.53, 0x0000000000000001
2026/10/02 08:01:19.329, 81, 480, 810, 10.50, 0x0000000000000001
2026/10/02 08:01:19.455, 81, 480, 810, 10.20, 0x0000000000000001
2026/10/02 08:01:19.590, 80, 480, 810, 10.10, 0x0000000000000001
2026/10/02 08:01:19.712, 80, 480, 810, 9.98, 0x0000000000000001
2026/10/02 08:01:19.842, 80, 480, 810, 9.84, 0x0000000000000001
2026/10/02 08:01:19.972, 80, 480, 810, 9.68, 0x0000000000000001
2026/10/02 08:01:20.099, 80, 480, 810, 9.67, 0x0000000000000001
2026/10/02 08:01:20.231, 80, 480, 810, 9.65, 0x0000000000000001
2026/10/02 08:01:20.351, 80, 480, 810, 9.63, 0x0000000000000001
2026/10/02 08:01:20.480, 80, 480, 810, 9.74, 0x0000000000000001
2026/10/02 08:01:20.633, 80, 480, 810, 9.88, 0x0000000000000001
2026/10/02 08:01:20.771, 80, 480, 810, 10.10, 0x0000000000000001
2026/10/02 08:01:20.901, 80, 480, 810, 10.21, 0x0000000000000001
2026/10/02 08:01:21.027, 80, 495, 810, 10.24, 0x0000000000000001
2026/10/02 08:01:21.149, 81, 495, 810, 10.27, 0x0000000000000001
2026/10/02 08:01:21.272, 81, 495, 810, 10.34, 0x0000000000000001
2026/10/02 08:01:21.393, 81, 495, 810, 10.46, 0x0000000000000001
2026/10/02 08:01:21.522, 81, 495, 810, 10.44, 0x0000000000000001
2026/10/02 08:01:21.657, 80, 495, 810, 10.31, 0x0000000000000001
2026/10/02 08:01:21.781, 80, 495, 810, 10.21, 0x0000000000000001
2026/10/02 08:01:21.902, 80, 495, 810, 10.13, 0x0000000000000001
2026/10/02 08:01:22.025, 80, 495, 810, 10.04, 0x0000000000000001
2026/10/02 08:01:22.146, 80, 495, 810, 10.01, 0x0000000000000001
2026/10/02 08:01:22.274, 80, 495, 810, 10.01, 0x0000000000000001
2026/10/02 08:01:22.395, 80, 495, 810, 9.95, 0x0000000000000001
2026/10/02 08:01:22.519, 80, 495, 810, 9.90, 0x0000000000000001
2026/10/02 08:01:22.647, 80, 495, 810, 9.61, 0x0000000000000001
2026/10/02 08:01:22.781, 80, 495, 810, 9.06, 0x0000000000000001
2026/10/02 08:01:22.914, 80, 495, 810, 8.80, 0x0000000000000001
2026/10/02 08:01:23.042, 80, 210, 405, 8.52, 0x0000000000000001
2026/10/02 08:01:23.170, 80, 210, 405, 8.04, 0x0000000000000001
2026/10/02 08:01:23.295, 80, 210, 405, 7.70, 0x0000000000000001
2026/10/02 08:01:23.432, 80, 210, 405, 7.47, 0x0000000000000001
2026/10/02 08:01:23.560, 80, 210, 405, 7.01, 0x0000000000000001
2026/10/02 08:01:23.685, 80, 210, 405, 6.99, 0x0000000000000001
2026/10/02 08:01:23.822, 80, 210, 405, 7.00, 0x0000000000000001
2026/10/02 08:01:23.948, 80, 210, 405, 6.92, 0x0000000000000001
2026/10/02 08:01:24.074, 80, 210, 405, 6.93, 0x0000000000000001
2026/10/02 08:01:24.210, 80, 210, 405, 6.93, 0x0000000000000001
2026/10/02 08:01:24.343, 80, 210, 405, 6.88, 0x0000000000000001
2026/10/02 08:01:24.471, 80, 210, 405, 6.92, 0x0000000000000001
2026/10/02 08:01:24.598, 80, 210, 405, 6.91, 0x0000000000000001
2026/10/02 08:01:24.724, 80, 210, 405, 6.91, 0x0000000000000001
2026/10/02 08:01:24.851, 80, 210, 405, 6.88, 0x0000000000000001
2026/10/02 08:01:24.983, 80, 210, 405, 6.94, 0x0000000000000001
2026/10/02 08:01:25.114, 80, 210, 405, 6.97, 0x0000000000000001
2026/10/02 08:01:25.245, 80, 210, 405, 6.99, 0x0000000000000001
2026/10/02 08:01:25.376, 80, 210, 405, 7.11, 0x0000000000000001
2026/10/02 08:01:25.506, 80, 210, 405, 7.07, 0x0000000000000001
2026/10/02 08:01:25.633, 80, 210, 405, 7.05, 0x0000000000000001
2026/10/02 08:01:25.759, 80, 210, 405, 7.01, 0x0000000000000001
2026/10/02 08:01:25.896, 80, 210, 405, 7.04, 0x0000000000000001
2026/10/02 08:01:26.030, 80, 210, 405, 7.02, 0x0000000000000001
2026/10/02 08:01:26.157, 80, 210, 405, 7.00, 0x0000000000000001
2026/10/02 08:01:26.285, 80, 210, 405, 7.01, 0x0000000000000001
2026/10/02 08:01:26.413, 80, 210, 405, 7.01, 0x0000000000000001
2026/10/02 08:01:26.540, 80, 210, 405, 6.96, 0x0000000000000001
2026/10/02 08:01:26.691, 80, 210, 405, 7.05, 0x0000000000000001
2026/10/02 08:01:26.817, 80, 210, 405, 7.04, 0x0000000000000001
2026/10/02 08:01:26.944, 80, 210, 405, 7.05, 0x0000000000000001
2026/10/02 08:01:27.074, 80, 210, 405, 7.04, 0x0000000000000001
2026/10/02 08:01:27.202, 80, 210, 405, 7.04, 0x0000000000000001
2026/10/02 08:01:27.330, 80, 210, 405, 7.02, 0x0000000000000001
2026/10/02 08:01:27.457, 80, 210, 405, 7.05, 0x0000000000000001
2026/10/02 08:01:27.583, 80, 210, 405, 7.05, 0x0000000000000001
2026/10/02 08:01:27.710, 80, 210, 405, 7.02, 0x0000000000000001
2026/10/02 08:01:27.836, 80, 210, 405, 7.05, 0x0000000000000001
2026/10/02 08:01:27.973, 80, 210, 405, 7.11, 0x0000000000000001
2026/10/02 08:01:28.101, 80, 210, 405, 7.08, 0x0000000000000001
2026/10/02 08:01:28.228, 80, 210, 405, 7.06, 0x0000000000000001
2026/10/02 08:01:28.354, 80, 210, 405, 7.07, 0x0000000000000001
2026/10/02 08:01:28.488, 80, 210, 405, 7.08, 0x0000000000000001
2026/10/02 08:01:28.615, 80, 210, 405, 7.03, 0x0000000000000001
2026/10/02 08:01:28.740, 80, 210, 405, 7.03, 0x0000000000000001
2026/10/02 08:01:28.870, 80, 210, 405, 7.06, 0x0000000000000001
2026/10/02 08:01:28.997, 80, 210, 405, 7.03, 0x0000000000000001
2026/10/02 08:01:29.123, 80, 210, 405, 7.15, 0x0000000000000001
2026/10/02 08:01:29.259, 80, 210, 405, 7.23, 0x0000000000000001
2026/10/02 08:01:29.396, 80, 210, 405, 7.25, 0x0000000000000001
2026/10/02 08:01:29.524, 80, 210, 405, 7.23, 0x0000000000000001
2026/10/02 08:01:29.651, 80, 210, 405, 7.23, 0x0000000000000001
2026/10/02 08:01:29.778, 80, 210, 405, 7.23, 0x0000000000000001
2026/10/02 08:01:29.903, 80, 210, 405, 7.22, 0x0000000000000001
2026/10/02 08:01:30.051, 80, 210, 405, 7.19, 0x0000000000000001
2026/10/02 08:01:30.178, 80, 210, 405, 7.26, 0x0000000000000001
2026/10/02 08:01:30.305, 80, 210, 405, 8.16, 0x0000000000000001
2026/10/02 08:01:30.424, 80, 210, 405, 9.38, 0x0000000000000001
2026/10/02 08:01:30.545, 80, 1890, 8001, 11.88, 0x0000000000000001
2026/10/02 08:01:30.665, 80, 1890, 8001, 13.19, 0x0000000000000001
2026/10/02 08:01:30.784, 80, 1890, 8001, 14.47, 0x0000000000000001
2026/10/02 08:01:30.903, 81, 1890, 8001, 15.68, 0x0000000000000001
2026/10/02 08:01:31.023, 81, 1890, 8001, 16.93, 0x0000000000000001
2026/10/02 08:01:31.141, 81, 1890, 8001, 18.18, 0x0000000000000001
2026/10/02 08:01:31.261, 81, 1890, 8001, 20.75, 0x0000000000000001
2026/10/02 08:01:31.380, 82, 1890, 8001, 20.88, 0x0000000000000001
2026/10/02 08:01:31.499, 82, 1890, 8001, 20.89, 0x0000000000000001
2026/10/02 08:01:31.619, 82, 1890, 8001, 20.95, 0x0000000000000001
2026/10/02 08:01:31.738, 82, 1890, 8001, 21.00, 0x0000000000000001
2026/10/02 08:01:31.860, 82, 1890, 8001, 20.87, 0x0000000000000001
2026/10/02 08:01:31.978, 82, 1890, 8001, 20.89, 0x0000000000000001
2026/10/02 08:01:32.097, 82, 1890, 8001, 20.90, 0x0000000000000001
2026/10/02 08:01:32.217, 82, 1890, 8001, 20.94, 0x0000000000000001
2026/10/02 08:01:32.338, 82, 1890, 8001, 21.00, 0x0000000000000001
2026/10/02 08:01:32.461, 82, 1890, 8001, 20.98, 0x0000000000000001
2026/10/02 08:01:32.580, 82, 1890, 8001, 21.00, 0x0000000000000001
2026/10/02 08:01:32.698, 82, 1890, 8001, 20.96, 0x0000000000000001
2026/10/02 08:01:32.818, 82, 1890, 8001, 20.93, 0x0000000000000001
2026/10/02 08:01:32.937, 82, 1890, 8001, 20.99, 0x0000000000000001
2026/10/02 08:01:33.056, 82, 1890, 8001, 21.04, 0x0000000000000001
2026/10/02 08:01:33.175, 82, 1890, 8001, 21.05, 0x0000000000000001
2026/10/02 08:01:33.296, 82, 1890, 8001, 21.03, 0x0000000000000001
2026/10/02 08:01:33.417, 82, 1890, 8001, 21.07, 0x0000000000000001
2026/10/02 08:01:33.538, 82, 1890, 8001, 21.15, 0x0000000000000001
2026/10/02 08:01:33.660, 82, 1890, 8001, 21.23, 0x0000000000000001
2026/10/02 08:01:33.779, 82, 1890, 8001, 21.24, 0x0000000000000001
2026/10/02 08:01:33.898, 82, 1890, 8001, 21.26, 0x0000000000000001
2026/10/02 08:01:34.020, 82, 1890, 8001, 21.26, 0x0000000000000001
2026/10/02 08:01:34.141, 82, 1890, 8001, 20.68, 0x0000000000000001
2026/10/02 08:01:34.265, 82, 1890, 8001, 19.19, 0x0000000000000001
2026/10/02 08:01:34.402, 82, 1890, 8001, 18.44, 0x0000000000000001
2026/10/02 08:01:34.525, 82, 675, 6001, 17.65, 0x0000000000000001
2026/10/02 08:01:34.646, 82, 675, 6001, 16.08, 0x0000000000000001
2026/10/02 08:01:34.771, 81, 675, 6001, 15.32, 0x0000000000000001
2026/10/02 08:01:34.891, 81, 675, 6001, 14.53, 0x0000000000000001
2026/10/02 08:01:35.012, 81, 540, 810, 13.53, 0x0000000000000001
2026/10/02 08:01:35.132, 81, 540, 810, 12.50, 0x0000000000000001
2026/10/02 08:01:35.253, 81, 540, 810, 11.76, 0x0000000000000001
2026/10/02 08:01:35.382, 81, 540, 810, 11.50, 0x0000000000000001
2026/10/02 08:01:35.504, 81, 450, 810, 11.07, 0x0000000000000001
2026/10/02 08:01:35.627, 81, 450, 810, 10.81, 0x0000000000000001
2026/10/02 08:01:35.755, 81, 450, 810, 10.51, 0x0000000000000001
2026/10/02 08:01:35.879, 81, 450, 810, 10.25, 0x0000000000000001
2026/10/02 08:01:36.000, 81, 360, 810, 10.03, 0x0000000000000001
2026/10/02 08:01:36.120, 81, 360, 810, 10.00, 0x0000000000000001
2026/10/02 08:01:36.241, 81, 360, 810, 10.00, 0x0000000000000001
2026/10/02 08:01:36.374, 81, 360, 810, 10.02, 0x0000000000000001
2026/10/02 08:01:36.494, 81, 300, 810, 10.03, 0x0000000000000001
2026/10/02 08:01:36.614, 81, 300, 810, 10.03, 0x0000000000000001
2026/10/02 08:01:36.748, 81, 300, 810, 9.96, 0x0000000000000001
2026/10/02 08:01:36.868, 81, 300, 810, 9.96, 0x0000000000000001
2026/10/02 08:01:36.994, 81, 225, 810, 9.95, 0x0000000000000001
2026/10/02 08:01:37.133, 81, 225, 810, 9.95, 0x0000000000000001
2026/10/02 08:01:37.258, 81, 225, 810, 9.94, 0x0000000000000001
2026/10/02 08:01:37.379, 81, 225, 810, 9.95, 0x0000000000000001
2026/10/02 08:01:37.499, 81, 210, 810, 9.94, 0x0000000000000001
2026/10/02 08:01:37.620, 81, 210, 810, 9.93, 0x0000000000000001
2026/10/02 08:01:37.743, 81, 210, 810, 9.92, 0x0000000000000001
2026/10/02 08:01:37.864, 81, 210, 810, 9.91, 0x0000000000000001
2026/10/02 08:01:37.984, 81, 210, 810, 9.91, 0x0000000000000001
2026/10/02 08:01:38.104, 81, 210, 810, 9.89, 0x0000000000000001
2026/10/02 08:01:38.227, 81, 210, 810, 9.89, 0x0000000000000001
2026/10/02 08:01:38.350, 81, 210, 810, 9.88, 0x0000000000000001
2026/10/02 08:01:38.470, 81, 210, 810, 9.87, 0x0000000000000001
2026/10/02 08:01:38.594, 81, 210, 810, 9.65, 0x0000000000000001
2026/10/02 08:01:38.719, 81, 210, 810, 9.41, 0x0000000000000001
2026/10/02 08:01:38.849, 81, 210, 810, 8.96, 0x0000000000000001
2026/10/02 08:01:38.976, 81, 210, 405, 8.74, 0x0000000000000001
2026/10/02 08:01:39.100, 81, 210, 405, 8.52, 0x0000000000000001
2026/10/02 08:01:39.234, 81, 210, 405, 8.15, 0x0000000000000001
2026/10/02 08:01:39.385, 81, 210, 405, 7.73, 0x0000000000000001
2026/10/02 08:01:39.557, 81, 210, 405, 8.30, 0x0000000000000001
2026/10/02 08:01:39.676, 81, 210, 405, 9.43, 0x0000000000000001
2026/10/02 08:01:39.795, 81, 210, 405, 10.61, 0x0000000000000001
2026/10/02 08:01:39.914, 81, 210, 405, 11.72, 0x0000000000000001
2026/10/02 08:01:40.032, 81, 1890, 8001, 12.85, 0x0000000000000001
2026/10/02 08:01:40.162, 81, 1890, 8001, 15.16, 0x0000000000000001
2026/10/02 08:01:40.283, 82, 1890, 8001, 16.35, 0x0000000000000001
2026/10/02 08:01:40.401, 82, 1890, 8001, 17.71, 0x0000000000000001
2026/10/02 08:01:40.523, 82, 1890, 8001, 18.73, 0x0000000000000001
2026/10/02 08:01:40.640, 82, 1890, 8001, 20.24, 0x0000000000000001
2026/10/02 08:01:40.763, 82, 1890, 8001, 20.33, 0x0000000000000001
2026/10/02 08:01:40.879, 82, 1890, 8001, 20.33, 0x0000000000000001
2026/10/02 08:01:40.998, 82, 1890, 8001, 20.43, 0x0000000000000001
2026/10/02 08:01:41.123, 82, 1890, 8001, 20.53, 0x0000000000000001
2026/10/02 08:01:41.244, 82, 1890, 8001, 20.68, 0x0000000000000001
2026/10/02 08:01:41.366, 82, 1890, 8001, 20.21, 0x0000000000000001
2026/10/02 08:01:41.490, 82, 450, 6001, 19.51, 0x0000000000000001
2026/10/02 08:01:41.618, 82, 450, 6001, 18.80, 0x0000000000000001
2026/10/02 08:01:41.737, 82, 450, 6001, 18.08, 0x0000000000000001
2026/10/02 08:01:41.859, 82, 450, 6001, 16.65, 0x0000000000000001
2026/10/02 08:01:41.978, 82, 345, 6001, 15.98, 0x0000000000000001
2026/10/02 08:01:42.098, 82, 345, 6001, 15.30, 0x0000000000000001
2026/10/02 08:01:42.218, 81, 345, 6001, 14.59, 0x0000000000000001
2026/10/02 08:01:42.337, 81, 345, 6001, 13.83, 0x0000000000000001
2026/10/02 08:01:42.465, 81, 315, 6001, 12.81, 0x0000000000000001
2026/10/02 08:01:42.586, 81, 315, 6001, 12.77, 0x0000000000000001
2026/10/02 08:01:42.716, 81, 315, 6001, 12.78, 0x0000000000000001
2026/10/02 08:01:42.841, 81, 315, 6001, 12.54, 0x0000000000000001
2026/10/02 08:01:42.984, 81, 255, 810, 11.95, 0x0000000000000001
2026/10/02 08:01:43.128, 81, 255, 810, 11.68, 0x0000000000000001
2026/10/02 08:01:43.249, 81, 255, 810, 11.31, 0x0000000000000001
2026/10/02 08:01:43.380, 81, 255, 810, 11.06, 0x0000000000000001
2026/10/02 08:01:43.502, 81, 240, 810, 10.80, 0x0000000000000001
2026/10/02 08:01:43.628, 81, 240, 810, 10.61, 0x0000000000000001
2026/10/02 08:01:43.759, 81, 240, 810, 10.18, 0x0000000000000001
2026/10/02 08:01:43.885, 81, 240, 810, 10.19, 0x0000000000000001
2026/10/02 08:01:44.013, 81, 210, 810, 10.24, 0x0000000000000001
2026/10/02 08:01:44.134, 81, 210, 810, 10.22, 0x0000000000000001
2026/10/02 08:01:44.274, 81, 210, 810, 10.18, 0x0000000000000001
2026/10/02 08:01:44.402, 81, 210, 810, 10.17, 0x0000000000000001
2026/10/02 08:01:44.524, 81, 210, 810, 10.19, 0x0000000000000001
2026/10/02 08:01:44.647, 81, 210, 810, 10.15, 0x0000000000000001
2026/10/02 08:01:44.767, 81, 210, 810, 10.06, 0x0000000000000001
2026/10/02 08:01:44.900, 81, 210, 810, 10.00, 0x0000000000000001
2026/10/02 08:01:45.025, 81, 210, 810, 9.96, 0x0000000000000001
2026/10/02 08:01:45.147, 81, 210, 810, 10.00, 0x0000000000000001
2026/10/02 08:01:45.289, 81, 210, 810, 9.97, 0x0000000000000001
2026/10/02 08:01:45.424, 81, 210, 810, 9.99, 0x0000000000000001
2026/10/02 08:01:45.545, 81, 210, 810, 10.05, 0x0000000000000001
2026/10/02 08:01:45.676, 81, 210, 810, 10.10, 0x0000000000000001
2026/10/02 08:01:45.799, 81, 210, 810, 10.12, 0x0000000000000001
2026/10/02 08:01:45.930, 81, 210, 810, 10.19, 0x0000000000000001
2026/10/02 08:01:46.068, 81, 210, 810, 10.49, 0x0000000000000001
2026/10/02 08:01:46.199, 81, 210, 810, 10.54, 0x0000000000000001
2026/10/02 08:01:46.327, 81, 210, 810, 10.52, 0x0000000000000001
2026/10/02 08:01:46.460, 81, 210, 810, 10.45, 0x0000000000000001
2026/10/02 08:01:46.589, 81, 390, 810, 10.46, 0x0000000000000001
2026/10/02 08:01:46.724, 81, 390, 810, 10.44, 0x0000000000000001
2026/10/02 08:01:46.847, 81, 390, 810, 10.44, 0x0000000000000001
2026/10/02 08:01:46.995, 81, 390, 405, 10.24, 0x0000000000000001
2026/10/02 08:01:47.136, 81, 390, 405, 9.90, 0x0000000000000001
2026/10/02 08:01:47.279, 81, 390, 405, 9.30, 0x0000000000000001
2026/10/02 08:01:47.406, 81, 390, 405, 9.09, 0x0000000000000001
2026/10/02 08:01:47.558, 81, 390, 405, 8.66, 0x0000000000000001
2026/10/02 08:01:47.690, 81, 390, 405, 8.25, 0x0000000000000001
2026/10/02 08:01:47.841, 81, 390, 405, 7.98, 0x0000000000000001
2026/10/02 08:01:47.972, 81, 390, 405, 7.72, 0x0000000000000001
2026/10/02 08:01:48.099, 81, 390, 405, 7.64, 0x0000000000000001
2026/10/02 08:01:48.223, 81, 390, 405, 7.59, 0x0000000000000001
2026/10/02 08:01:48.350, 81, 390, 405, 7.48, 0x0000000000000001
2026/10/02 08:01:48.472, 81, 330, 405, 7.42, 0x0000000000000001
2026/10/02 08:01:48.602, 81, 330, 405, 7.35, 0x0000000000000001
2026/10/02 08:01:48.726, 81, 330, 405, 7.33, 0x0000000000000001
2026/10/02 08:01:48.856, 81, 330, 405, 7.22, 0x0000000000000001
2026/10/02 08:01:48.986, 81, 255, 405, 7.18, 0x0000000000000001
2026/10/02 08:01:49.111, 81, 255, 405, 7.17, 0x0000000000000001
2026/10/02 08:01:49.235, 81, 255, 405, 7.17, 0x0000000000000001
2026/10/02 08:01:49.366, 81, 255, 405, 7.17, 0x0000000000000001
2026/10/02 08:01:49.491, 81, 210, 405, 7.16, 0x0000000000000001
2026/10/02 08:01:49.614, 81, 210, 405, 7.15, 0x0000000000000001
2026/10/02 08:01:49.742, 81, 210, 405, 7.16, 0x0000000000000001
2026/10/02 08:01:49.865, 81, 210, 405, 7.16, 0x0000000000000001
2026/10/02 08:01:50.002, 81, 210, 405, 7.16, 0x0000000000000001
2026/10/02 08:01:50.129, 81, 210, 405, 7.16, 0x0000000000000001
2026/10/02 08:01:50.253, 81, 210, 405, 7.16, 0x0000000000000001
2026/10/02 08:01:50.387, 81, 210, 405, 7.16, 0x0000000000000001
2026/10/02 08:01:50.514, 81, 210, 405, 7.20, 0x0000000000000001
2026/10/02 08:01:50.684, 81, 210, 405, 7.34, 0x0000000000000001
2026/10/02 08:01:50.809, 81, 210, 405, 7.32, 0x0000000000000001
2026/10/02 08:01:50.942, 81, 210, 405, 7.30, 0x0000000000000001
2026/10/02 08:01:51.075, 81, 255, 405, 7.31, 0x0000000000000001
2026/10/02 08:01:51.206, 81, 255, 405, 7.33, 0x0000000000000001
2026/10/02 08:01:51.361, 81, 255, 405, 7.57, 0x0000000000000001
2026/10/02 08:01:51.505, 81, 255, 405, 7.51, 0x0000000000000001
2026/10/02 08:01:51.645, 81, 255, 405, 7.35, 0x0000000000000001
2026/10/02 08:01:51.769, 81, 255, 405, 7.37, 0x0000000000000001
2026/10/02 08:01:51.900, 81, 255, 405, 7.41, 0x0000000000000001
2026/10/02 08:01:52.034, 81, 255, 405, 7.49, 0x0000000000000001
2026/10/02 08:01:52.163, 81, 255, 405, 7.49, 0x0000000000000001
2026/10/02 08:01:52.300, 81, 255, 405, 7.50, 0x0000000000000001
2026/10/02 08:01:52.425, 81, 255, 405, 7.41, 0x0000000000000001
2026/10/02 08:01:52.555, 81, 255, 405, 7.39, 0x0000000000000001
2026/10/02 08:01:52.682, 81, 255, 405, 7.41, 0x0000000000000001
2026/10/02 08:01:52.836, 81, 255, 405, 7.53, 0x0000000000000001
2026/10/02 08:01:53.048, 81, 210, 405, 8.88, 0x0000000000000001
2026/10/02 08:01:53.171, 81, 210, 405, 9.81, 0x0000000000000001
2026/10/02 08:01:53.290, 81, 210, 405, 10.69, 0x0000000000000001
2026/10/02 08:01:53.410, 81, 210, 405, 11.65, 0x0000000000000001
2026/10/02 08:01:53.532, 81, 1350, 8001, 12.60, 0x0000000000000001
2026/10/02 08:01:53.654, 81, 1350, 8001, 14.15, 0x0000000000000001
2026/10/02 08:01:53.772, 81, 1350, 8001, 14.78, 0x0000000000000001
2026/10/02 08:01:53.891, 81, 1350, 8001, 15.46, 0x0000000000000001
2026/10/02 08:01:54.010, 81, 1350, 7001, 15.95, 0x0000000000000001
2026/10/02 08:01:54.130, 81, 1350, 7001, 16.55, 0x0000000000000001
2026/10/02 08:01:54.250, 81, 1350, 7001, 16.47, 0x0000000000000001
2026/10/02 08:01:54.369, 81, 1350, 7001, 16.56, 0x0000000000000001
2026/10/02 08:01:54.490, 81, 1350, 8001, 16.47, 0x0000000000000001
2026/10/02 08:01:54.610, 82, 1350, 8001, 16.38, 0x0000000000000001
2026/10/02 08:01:54.728, 82, 1350, 8001, 16.34, 0x0000000000000001
2026/10/02 08:01:54.850, 82, 1350, 8001, 16.66, 0x0000000000000001
2026/10/02 08:01:54.975, 82, 645, 6001, 16.54, 0x0000000000000001
2026/10/02 08:01:55.094, 81, 645, 6001, 16.32, 0x0000000000000001
2026/10/02 08:01:55.213, 81, 645, 6001, 16.05, 0x0000000000000001
2026/10/02 08:01:55.332, 81, 645, 6001, 15.54, 0x0000000000000001
2026/10/02 08:01:55.454, 81, 645, 6001, 14.53, 0x0000000000000001
2026/10/02 08:01:55.575, 81, 495, 6001, 14.18, 0x0000000000000001
2026/10/02 08:01:55.693, 81, 495, 6001, 13.82, 0x0000000000000001
2026/10/02 08:01:55.817, 81, 495, 6001, 13.45, 0x0000000000000001
2026/10/02 08:01:55.944, 81, 495, 6001, 12.75, 0x0000000000000001
2026/10/02 08:01:56.067, 81, 435, 6001, 12.71, 0x0000000000000001
2026/10/02 08:01:56.185, 81, 435, 6001, 12.69, 0x0000000000000001
2026/10/02 08:01:56.305, 81, 435, 6001, 12.67, 0x0000000000000001
2026/10/02 08:01:56.428, 81, 435, 6001, 12.65, 0x0000000000000001
2026/10/02 08:01:56.553, 81, 330, 6001, 12.60, 0x0000000000000001
2026/10/02 08:01:56.674, 81, 330, 6001, 12.52, 0x0000000000000001
2026/10/02 08:01:56.794, 81, 330, 6001, 12.52, 0x0000000000000001
2026/10/02 08:01:56.916, 81, 330, 6001, 12.50, 0x0000000000000001
2026/10/02 08:01:57.035, 81, 285, 6001, 12.49, 0x0000000000000001
2026/10/02 08:01:57.167, 81, 285, 6001, 12.34, 0x0000000000000001
2026/10/02 08:01:57.300, 81, 285, 6001, 12.08, 0x0000000000000001
2026/10/02 08:01:57.431, 81, 285, 6001, 11.84, 0x0000000000000001
2026/10/02 08:01:57.553, 81, 225, 810, 11.40, 0x0000000000000001
2026/10/02 08:01:57.673, 81, 225, 810, 11.16, 0x0000000000000001
2026/10/02 08:01:57.798, 81, 225, 810, 10.80, 0x0000000000000001
2026/10/02 08:01:57.922, 81, 225, 810, 10.57, 0x0000000000000001
2026/10/02 08:01:58.043, 81, 210, 810, 10.30, 0x0000000000000001
2026/10/02 08:01:58.163, 81, 210, 810, 10.00, 0x0000000000000001
2026/10/02 08:01:58.298, 81, 210, 810, 10.02, 0x0000000000000001
2026/10/02 08:01:58.418, 81, 210, 810, 10.00, 0x0000000000000001
2026/10/02 08:01:58.541, 81, 210, 810, 10.03, 0x0000000000000001
2026/10/02 08:01:58.677, 81, 210, 810, 10.30, 0x0000000000000001
2026/10/02 08:01:58.796, 81, 210, 810, 11.50, 0x0000000000000001
2026/10/02 08:01:58.914, 81, 210, 810, 12.71, 0x0000000000000001
2026/10/02 08:01:59.034, 82, 1890, 8001, 13.92, 0x0000000000000001
2026/10/02 08:01:59.173, 82, 1890, 8001, 16.26, 0x0000000000000001
2026/10/02 08:01:59.292, 82, 1890, 8001, 17.38, 0x0000000000000001
2026/10/02 08:01:59.410, 82, 1890, 8001, 18.35, 0x0000000000000001
2026/10/02 08:01:59.528, 82, 1890, 8001, 19.29, 0x0000000000000001
2026/10/02 08:01:59.647, 82, 1890, 8001, 21.33, 0x0000000000000001
2026/10/02 08:01:59.778, 82, 1890, 8001, 22.14, 0x0000000000000001
2026/10/02 08:01:59.895, 82, 1890, 8001, 21.97, 0x0000000000000001
2026/10/02 08:02:00.014, 82, 1890, 8001, 21.78, 0x0000000000000001
2026/10/02 08:02:00.140, 82, 1890, 8001, 21.28, 0x0000000000000001
2026/10/02 08:02:00.261, 82, 1890, 8001, 21.15, 0x0000000000000001
2026/10/02 08:02:00.389, 82, 1890, 8001, 20.91, 0x0000000000000001
2026/10/02 08:02:00.510, 82, 1890, 8001, 20.81, 0x0000000000000001
2026/10/02 08:02:00.628, 82, 1890, 8001, 21.04, 0x0000000000000001
2026/10/02 08:02:00.752, 82, 1890, 8001, 21.37, 0x0000000000000001
2026/10/02 08:02:00.869, 82, 1890, 8001, 21.40, 0x0000000000000001
2026/10/02 08:02:00.990, 83, 1890, 8001, 21.33, 0x0000000000000001
2026/10/02 08:02:01.109, 83, 1890, 8001, 21.25, 0x0000000000000001
2026/10/02 08:02:01.226, 83, 1890, 8001, 21.21, 0x0000000000000001
2026/10/02 08:02:01.346, 83, 1890, 8001, 21.13, 0x0000000000000001
2026/10/02 08:02:01.475, 82, 1890, 8001, 21.23, 0x0000000000000001
2026/10/02 08:02:01.591, 82, 1890, 8001, 21.30, 0x0000000000000001
2026/10/02 08:02:01.716, 82, 1890, 8001, 21.10, 0x0000000000000001
2026/10/02 08:02:01.832, 82, 1890, 8001, 20.90, 0x0000000000000001
2026/10/02 08:02:01.953, 82, 1890, 8001, 20.56, 0x0000000000000001
2026/10/02 08:02:02.075, 82, 1890, 8001, 20.18, 0x0000000000000001
2026/10/02 08:02:02.193, 82, 1890, 8001, 19.49, 0x0000000000000001
2026/10/02 08:02:02.312, 82, 1890, 8001, 18.79, 0x0000000000000001
2026/10/02 08:02:02.430, 83, 1890, 8001, 18.14, 0x0000000000000001
2026/10/02 08:02:02.554, 83, 540, 810, 16.59, 0x0000000000000001
2026/10/02 08:02:02.675, 83, 540, 810, 15.65, 0x0000000000000001
2026/10/02 08:02:02.797, 83, 540, 810, 14.70, 0x0000000000000001
2026/10/02 08:02:02.916, 82, 540, 810, 13.74, 0x0000000000000001
2026/10/02 08:02:03.038, 82, 450, 810, 11.81, 0x0000000000000001
2026/10/02 08:02:03.159, 82, 450, 810, 11.24, 0x0000000000000001
2026/10/02 08:02:03.278, 82, 450, 810, 10.97, 0x0000000000000001
2026/10/02 08:02:03.398, 81, 450, 810, 10.71, 0x0000000000000001
2026/10/02 08:02:03.519, 81, 345, 810, 10.45, 0x0000000000000001
2026/10/02 08:02:03.645, 81, 345, 810, 10.10, 0x0000000000000001
2026/10/02 08:02:03.774, 81, 345, 810, 10.06, 0x0000000000000001
2026/10/02 08:02:03.894, 81, 345, 810, 10.03, 0x0000000000000001
2026/10/02 08:02:04.016, 81, 285, 810, 10.03, 0x0000000000000001
2026/10/02 08:02:04.136, 81, 285, 810, 9.97, 0x0000000000000001
2026/10/02 08:02:04.256, 81, 285, 810, 9.94, 0x0000000000000001
2026/10/02 08:02:04.376, 81, 285, 810, 9.90, 0x0000000000000001
2026/10/02 08:02:04.496, 81, 225, 810, 9.89, 0x0000000000000001
2026/10/02 08:02:04.615, 81, 225, 810, 9.86, 0x0000000000000001
2026/10/02 08:02:04.737, 81, 225, 810, 9.84, 0x0000000000000001
2026/10/02 08:02:04.857, 81, 225, 810, 9.82, 0x0000000000000001
2026/10/02 08:02:04.977, 81, 210, 810, 9.81, 0x0000000000000001
2026/10/02 08:02:05.096, 81, 210, 810, 9.79, 0x0000000000000001
2026/10/02 08:02:05.223, 81, 210, 810, 9.78, 0x0000000000000001
2026/10/02 08:02:05.349, 81, 210, 810, 9.99, 0x0000000000000001
2026/10/02 08:02:05.481, 81, 1890, 8001, 10.23, 0x0000000000000001
2026/10/02 08:02:05.607, 81, 1890, 8001, 11.28, 0x0000000000000001
2026/10/02 08:02:05.726, 81, 1890, 8001, 12.53, 0x0000000000000001
2026/10/02 08:02:05.848, 82, 1890, 8001, 15.05, 0x0000000000000001
2026/10/02 08:02:05.975, 82, 1890, 8001, 16.26, 0x0000000000000001
2026/10/02 08:02:06.093, 82, 1890, 8001, 17.45, 0x0000000000000001
2026/10/02 08:02:06.211, 82, 1890, 8001, 18.64, 0x0000000000000001
2026/10/02 08:02:06.329, 83, 1890, 8001, 19.65, 0x0000000000000001
2026/10/02 08:02:06.449, 83, 1890, 8001, 21.99, 0x0000000000000001
2026/10/02 08:02:06.576, 83, 1890, 8001, 22.96, 0x0000000000000001
2026/10/02 08:02:06.695, 83, 1890, 8001, 22.91, 0x0000000000000001
2026/10/02 08:02:06.812, 83, 1890, 8001, 22.67, 0x0000000000000001
2026/10/02 08:02:06.930, 83, 1890, 8001, 22.39, 0x0000000000000001
2026/10/02 08:02:07.051, 83, 1890, 8001, 21.82, 0x0000000000000001
2026/10/02 08:02:07.169, 83, 1890, 8001, 21.58, 0x0000000000000001
2026/10/02 08:02:07.291, 83, 1890, 8001, 21.39, 0x0000000000000001
2026/10/02 08:02:07.420, 83, 1890, 8001, 20.75, 0x0000000000000001
2026/10/02 08:02:07.548, 83, 750, 6001, 18.85, 0x0000000000000001
2026/10/02 08:02:07.668, 83, 750, 6001, 17.98, 0x0000000000000001
2026/10/02 08:02:07.798, 82, 750, 6001, 17.22, 0x0000000000000001
2026/10/02 08:02:07.935, 82, 750, 6001, 15.79, 0x0000000000000001
2026/10/02 08:02:08.064, 82, 615, 6001, 15.11, 0x0000000000000001
2026/10/02 08:02:08.188, 82, 615, 6001, 14.47, 0x0000000000000001
2026/10/02 08:02:08.320, 82, 615, 6001, 13.81, 0x0000000000000001
2026/10/02 08:02:08.439, 82, 615, 6001, 12.94, 0x0000000000000001
2026/10/02 08:02:08.579, 82, 480, 6001, 12.89, 0x0000000000000001
2026/10/02 08:02:08.708, 82, 480, 6001, 12.84, 0x0000000000000001
2026/10/02 08:02:08.841, 81, 480, 6001, 12.75, 0x0000000000000001
2026/10/02 08:02:08.981, 81, 390, 6001, 12.70, 0x0000000000000001
2026/10/02 08:02:09.109, 81, 390, 6001, 12.64, 0x0000000000000001
2026/10/02 08:02:09.232, 81, 390, 6001, 12.18, 0x0000000000000001
2026/10/02 08:02:09.368, 81, 390, 6001, 11.92, 0x0000000000000001
2026/10/02 08:02:09.493, 81, 300, 810, 11.68, 0x0000000000000001
2026/10/02 08:02:09.612, 81, 300, 810, 11.45, 0x0000000000000001
2026/10/02 08:02:09.733, 81, 300, 810, 11.00, 0x0000000000000001
2026/10/02 08:02:09.854, 81, 300, 810, 10.77, 0x0000000000000001
2026/10/02 08:02:09.975, 81, 255, 810, 10.54, 0x0000000000000001
2026/10/02 08:02:10.100, 81, 255, 810, 10.30, 0x0000000000000001
2026/10/02 08:02:10.228, 81, 255, 810, 10.06, 0x0000000000000001
2026/10/02 08:02:10.370, 81, 255, 810, 10.12, 0x0000000000000001
2026/10/02 08:02:10.498, 81, 210, 810, 10.13, 0x0000000000000001
2026/10/02 08:02:10.621, 81, 210, 810, 10.08, 0x0000000000000001
2026/10/02 08:02:10.740, 81, 210, 810, 10.02, 0x0000000000000001
2026/10/02 08:02:10.859, 81, 210, 810, 10.01, 0x0000000000000001
2026/10/02 08:02:10.979, 81, 210, 810, 10.00, 0x0000000000000001
2026/10/02 08:02:11.112, 81, 210, 810, 9.99, 0x0000000000000001
2026/10/02 08:02:11.232, 81, 210, 810, 9.97, 0x0000000000000001
2026/10/02 08:02:11.364, 81, 210, 810, 9.97, 0x0000000000000001
2026/10/02 08:02:11.503, 81, 210, 810, 9.96, 0x0000000000000001
2026/10/02 08:02:11.629, 81, 210, 810, 9.95, 0x0000000000000001
2026/10/02 08:02:11.753, 81, 210, 810, 9.96, 0x0000000000000001
2026/10/02 08:02:11.872, 81, 210, 810, 9.97, 0x0000000000000001
2026/10/02 08:02:12.002, 81, 210, 810, 9.97, 0x0000000000000001
2026/10/02 08:02:12.122, 81, 210, 810, 9.98, 0x0000000000000001
2026/10/02 08:02:12.246, 81, 210, 810, 9.53, 0x0000000000000001
2026/10/02 08:02:12.374, 81, 210, 810, 9.31, 0x0000000000000001
2026/10/02 08:02:12.509, 81, 210, 405, 9.06, 0x0000000000000001
2026/10/02 08:02:12.632, 81, 210, 405, 8.51, 0x0000000000000001
2026/10/02 08:02:12.760, 81, 210, 405, 8.20, 0x0000000000000001
2026/10/02 08:02:12.922, 81, 210, 405, 8.12, 0x0000000000000001
2026/10/02 08:02:13.044, 81, 1890, 8001, 9.88, 0x0000000000000001
2026/10/02 08:02:13.171, 81, 1890, 8001, 10.81, 0x0000000000000001
2026/10/02 08:02:13.292, 81, 1890, 8001, 11.94, 0x0000000000000001
2026/10/02 08:02:13.408, 82, 1890, 8001, 13.10, 0x0000000000000001
2026/10/02 08:02:13.532, 82, 1890, 8001, 15.62, 0x0000000000000001
2026/10/02 08:02:13.649, 82, 1890, 8001, 16.76, 0x0000000000000001
2026/10/02 08:02:13.771, 82, 1890, 8001, 17.89, 0x0000000000000001
2026/10/02 08:02:13.900, 82, 1890, 8001, 19.02, 0x0000000000000001
2026/10/02 08:02:14.022, 82, 1890, 8001, 20.28, 0x0000000000000001
2026/10/02 08:02:14.143, 82, 1890, 8001, 20.40, 0x0000000000000001
2026/10/02 08:02:14.260, 82, 1890, 8001, 20.53, 0x0000000000000001
2026/10/02 08:02:14.382, 82, 1890, 8001, 20.54, 0x0000000000000001
2026/10/02 08:02:14.505, 82, 1890, 8001, 20.55, 0x0000000000000001
2026/10/02 08:02:14.622, 82, 1890, 8001, 20.43, 0x0000000000000001
2026/10/02 08:02:14.741, 82, 1890, 8001, 20.47, 0x0000000000000001
2026/10/02 08:02:14.861, 83, 1890, 8001, 20.58, 0x0000000000000001
2026/10/02 08:02:14.982, 83, 1890, 8001, 20.65, 0x0000000000000001
2026/10/02 08:02:15.112, 83, 1890, 8001, 20.68, 0x0000000000000001
2026/10/02 08:02:15.231, 83, 1890, 8001, 20.71, 0x0000000000000001
2026/10/02 08:02:15.354, 83, 1890, 8001, 20.64, 0x0000000000000001
2026/10/02 08:02:15.471, 83, 1890, 8001, 20.71, 0x0000000000000001
2026/10/02 08:02:15.599, 83, 1890, 8001, 20.76, 0x0000000000000001
2026/10/02 08:02:15.724, 83, 1890, 8001, 20.81, 0x0000000000000001
2026/10/02 08:02:15.843, 83, 1890, 8001, 20.82, 0x0000000000000001
2026/10/02 08:02:15.961, 83, 1890, 8001, 20.81, 0x0000000000000001
2026/10/02 08:02:16.081, 83, 1890, 8001, 20.51, 0x0000000000000001
2026/10/02 08:02:16.205, 83, 1890, 8001, 19.79, 0x0000000000000001
2026/10/02 08:02:16.334, 83, 1890, 8001, 18.37, 0x0000000000000001
2026/10/02 08:02:16.457, 83, 1890, 8001, 17.64, 0x0000000000000001
2026/10/02 08:02:16.586, 83, 420, 6001, 16.92, 0x0000000000000001
2026/10/02 08:02:16.711, 83, 420, 6001, 16.19, 0x0000000000000001
2026/10/02 08:02:16.833, 82, 420, 6001, 15.45, 0x0000000000000001
2026/10/02 08:02:16.969, 82, 420, 6001, 14.00, 0x0000000000000001
2026/10/02 08:02:17.095, 82, 360, 6001, 12.80, 0x0000000000000001
2026/10/02 08:02:17.219, 82, 360, 6001, 12.84, 0x0000000000000001
2026/10/02 08:02:17.353, 81, 360, 6001, 12.97, 0x0000000000000001
2026/10/02 08:02:17.481, 81, 360, 6001, 13.14, 0x0000000000000001
2026/10/02 08:02:17.621, 81, 330, 810, 13.11, 0x0000000000000001
2026/10/02 08:02:17.759, 81, 330, 810, 12.87, 0x0000000000000001
2026/10/02 08:02:17.898, 82, 330, 810, 12.72, 0x0000000000000001
2026/10/02 08:02:18.041, 82, 555, 810, 12.27, 0x0000000000000001
2026/10/02 08:02:18.182, 82, 555, 810, 12.09, 0x0000000000000001
2026/10/02 08:02:18.307, 82, 555, 810, 11.81, 0x0000000000000001
2026/10/02 08:02:18.441, 81, 555, 810, 11.24, 0x0000000000000001
2026/10/02 08:02:18.573, 81, 555, 810, 10.85, 0x0000000000000001
2026/10/02 08:02:18.699, 81, 555, 810, 10.64, 0x0000000000000001
2026/10/02 08:02:18.819, 81, 555, 810, 10.48, 0x0000000000000001
2026/10/02 08:02:18.940, 81, 555, 810, 10.35, 0x0000000000000001
2026/10/02 08:02:19.071, 81, 555, 810, 10.32, 0x0000000000000001
2026/10/02 08:02:19.210, 81, 555, 810, 10.36, 0x0000000000000001
2026/10/02 08:02:19.330, 81, 555, 810, 10.35, 0x0000000000000001
2026/10/02 08:02:19.451, 81, 555, 810, 10.34, 0x0000000000000001
2026/10/02 08:02:19.592, 81, 285, 810, 10.35, 0x0000000000000001
2026/10/02 08:02:19.713, 81, 285, 810, 10.34, 0x0000000000000001
2026/10/02 08:02:19.844, 81, 285, 810, 10.32, 0x0000000000000001
2026/10/02 08:02:19.987, 81, 285, 810, 10.44, 0x0000000000000001
2026/10/02 08:02:20.113, 81, 255, 810, 10.54, 0x0000000000000001
2026/10/02 08:02:20.242, 81, 255, 810, 10.57, 0x0000000000000001
2026/10/02 08:02:20.375, 81, 255, 810, 10.59, 0x0000000000000001
2026/10/02 08:02:20.515, 81, 405, 810, 10.62, 0x0000000000000001
2026/10/02 08:02:20.647, 81, 405, 810, 10.67, 0x0000000000000001
2026/10/02 08:02:20.778, 81, 405, 810, 10.66, 0x0000000000000001
2026/10/02 08:02:20.901, 81, 405, 810, 10.66, 0x0000000000000001
2026/10/02 08:02:21.042, 81, 405, 810, 10.57, 0x0000000000000001
2026/10/02 08:02:21.181, 81, 405, 810, 10.48, 0x0000000000000001
2026/10/02 08:02:21.307, 81, 405, 810, 10.38, 0x0000000000000001
2026/10/02 08:02:21.432, 81, 405, 810, 10.38, 0x0000000000000001
2026/10/02 08:02:21.571, 81, 405, 810, 10.34, 0x0000000000000001
2026/10/02 08:02:21.691, 81, 405, 810, 10.24, 0x0000000000000001
2026/10/02 08:02:21.811, 81, 405, 810, 10.25, 0x0000000000000001
2026/10/02 08:02:21.932, 81, 405, 810, 10.26, 0x0000000000000001
2026/10/02 08:02:22.052, 81, 240, 810, 10.24, 0x0000000000000001
2026/10/02 08:02:22.172, 81, 240, 810, 10.22, 0x0000000000000001
2026/10/02 08:02:22.294, 81, 240, 810, 10.22, 0x0000000000000001
2026/10/02 08:02:22.422, 81, 240, 810, 10.03, 0x0000000000000001
2026/10/02 08:02:22.560, 81, 210, 405, 9.55, 0x0000000000000001
2026/10/02 08:02:22.679, 81, 210, 405, 10.41, 0x0000000000000001
2026/10/02 08:02:22.800, 81, 210, 405, 11.41, 0x0000000000000001
2026/10/02 08:02:22.924, 81, 210, 405, 12.40, 0x0000000000000001
2026/10/02 08:02:23.045, 82, 1890, 8001, 14.43, 0x0000000000000001
2026/10/02 08:02:23.161, 82, 1890, 8001, 15.49, 0x0000000000000001
2026/10/02 08:02:23.282, 82, 1890, 8001, 16.55, 0x0000000000000001
2026/10/02 08:02:23.401, 82, 1890, 8001, 17.68, 0x0000000000000001
2026/10/02 08:02:23.537, 83, 1890, 8001, 20.10, 0x0000000000000001
2026/10/02 08:02:23.663, 83, 1890, 8001, 21.47, 0x0000000000000001
2026/10/02 08:02:23.780, 83, 1890, 8001, 21.49, 0x0000000000000001
2026/10/02 08:02:23.898, 83, 1890, 8001, 21.49, 0x0000000000000001
2026/10/02 08:02:24.020, 83, 1890, 8001, 21.52, 0x0000000000000001
2026/10/02 08:02:24.138, 83, 1890, 8001, 21.39, 0x0000000000000001
2026/10/02 08:02:24.259, 83, 1890, 8001, 21.31, 0x0000000000000001
2026/10/02 08:02:24.379, 83, 1890, 8001, 21.25, 0x0000000000000001
2026/10/02 08:02:24.499, 83, 1890, 8001, 21.16, 0x0000000000000001
2026/10/02 08:02:24.617, 83, 1890, 8001, 21.10, 0x0000000000000001
2026/10/02 08:02:24.742, 83, 1890, 8001, 21.05, 0x0000000000000001
2026/10/02 08:02:24.858, 83, 1890, 8001, 21.03, 0x0000000000000001
2026/10/02 08:02:24.978, 83, 1890, 8001, 21.00, 0x0000000000000001
2026/10/02 08:02:25.100, 83, 1890, 8001, 20.92, 0x0000000000000001
2026/10/02 08:02:25.219, 83, 1890, 8001, 20.93, 0x0000000000000001
2026/10/02 08:02:25.338, 83, 1890, 8001, 20.92, 0x0000000000000001
2026/10/02 08:02:25.457, 83, 1890, 8001, 20.88, 0x0000000000000001
2026/10/02 08:02:25.578, 83, 1890, 8001, 20.89, 0x0000000000000001
2026/10/02 08:02:25.700, 83, 1890, 8001, 20.89, 0x0000000000000001
2026/10/02 08:02:25.820, 83, 1890, 8001, 20.88, 0x0000000000000001
2026/10/02 08:02:25.941, 83, 1890, 8001, 20.87, 0x0000000000000001
2026/10/02 08:02:26.060, 83, 615, 6001, 20.51, 0x0000000000000001
2026/10/02 08:02:26.181, 83, 615, 6001, 19.82, 0x0000000000000001
2026/10/02 08:02:26.304, 83, 615, 6001, 19.10, 0x0000000000000001
2026/10/02 08:02:26.427, 83, 615, 6001, 17.66, 0x0000000000000001
2026/10/02 08:02:26.555, 83, 495, 6001, 16.93, 0x0000000000000001
2026/10/02 08:02:26.681, 83, 495, 6001, 16.14, 0x0000000000000001
2026/10/02 08:02:26.802, 83, 495, 6001, 15.36, 0x0000000000000001
2026/10/02 08:02:26.921, 82, 495, 6001, 13.96, 0x0000000000000001
2026/10/02 08:02:27.048, 82, 420, 6001, 12.80, 0x0000000000000001
2026/10/02 08:02:27.177, 82, 420, 6001, 12.57, 0x0000000000000001
2026/10/02 08:02:27.312, 82, 420, 6001, 12.30, 0x0000000000000001
2026/10/02 08:02:27.449, 82, 420, 6001, 11.81, 0x0000000000000001
2026/10/02 08:02:27.578, 82, 375, 810, 11.58, 0x0000000000000001
2026/10/02 08:02:27.719, 82, 375, 810, 11.37, 0x0000000000000001
2026/10/02 08:02:27.852, 82, 375, 810, 11.08, 0x0000000000000001
2026/10/02 08:02:27.988, 82, 375, 810, 10.87, 0x0000000000000001
2026/10/02 08:02:28.119, 82, 345, 810, 10.58, 0x0000000000000001
2026/10/02 08:02:28.253, 82, 345, 810, 10.32, 0x0000000000000001
2026/10/02 08:02:28.375, 82, 345, 810, 10.29, 0x0000000000000001
2026/10/02 08:02:28.497, 81, 300, 810, 10.31, 0x0000000000000001
2026/10/02 08:02:28.629, 81, 300, 810, 10.24, 0x0000000000000001
2026/10/02 08:02:28.751, 81, 300, 810, 10.16, 0x0000000000000001
2026/10/02 08:02:28.872, 81, 300, 810, 10.09, 0x0000000000000001
2026/10/02 08:02:28.993, 81, 300, 810, 10.02, 0x0000000000000001
2026/10/02 08:02:29.113, 81, 255, 810, 9.95, 0x0000000000000001
2026/10/02 08:02:29.233, 81, 255, 810, 9.82, 0x0000000000000001
2026/10/02 08:02:29.366, 81, 255, 810, 9.80, 0x0000000000000001
2026/10/02 08:02:29.487, 81, 255, 810, 9.77, 0x0000000000000001
2026/10/02 08:02:29.608, 81, 210, 810, 9.68, 0x0000000000000001
2026/10/02 08:02:29.740, 81, 210, 810, 10.07, 0x0000000000000001
2026/10/02 08:02:29.872, 81, 210, 810, 10.27, 0x0000000000000001
2026/10/02 08:02:30.012, 82, 390, 810, 10.47, 0x0000000000000001
2026/10/02 08:02:30.148, 82, 390, 810, 10.74, 0x0000000000000001
2026/10/02 08:02:30.279, 82, 390, 810, 10.83, 0x0000000000000001
2026/10/02 08:02:30.416, 82, 390, 810, 10.97, 0x0000000000000001
2026/10/02 08:02:30.564, 82, 510, 810, 11.22, 0x0000000000000001
2026/10/02 08:02:30.692, 82, 510, 810, 11.37, 0x0000000000000001
2026/10/02 08:02:30.828, 82, 510, 810, 11.37, 0x0000000000000001
2026/10/02 08:02:30.969, 82, 510, 810, 11.32, 0x0000000000000001
2026/10/02 08:02:31.111, 81, 705, 810, 11.21, 0x0000000000000001
2026/10/02 08:02:31.242, 81, 705, 810, 11.06, 0x0000000000000001
2026/10/02 08:02:31.377, 81, 705, 810, 11.01, 0x0000000000000001
2026/10/02 08:02:31.497, 81, 705, 810, 10.90, 0x0000000000000001
2026/10/02 08:02:31.616, 81, 705, 810, 10.73, 0x0000000000000001
2026/10/02 08:02:31.737, 81, 705, 810, 10.37, 0x0000000000000001
2026/10/02 08:02:31.856, 81, 705, 810, 10.21, 0x0000000000000001
2026/10/02 08:02:31.984, 81, 705, 810, 10.11, 0x0000000000000001
2026/10/02 08:02:32.111, 81, 705, 810, 10.03, 0x0000000000000001
2026/10/02 08:02:32.240, 81, 705, 810, 9.94, 0x0000000000000001
2026/10/02 08:02:32.366, 81, 705, 810, 9.93, 0x0000000000000001
2026/10/02 08:02:32.493, 81, 705, 810, 10.04, 0x0000000000000001
2026/10/02 08:02:32.616, 81, 390, 405, 9.83, 0x0000000000000001
2026/10/02 08:02:32.748, 81, 390, 405, 9.32, 0x0000000000000001
2026/10/02 08:02:32.883, 81, 390, 405, 9.09, 0x0000000000000001
2026/10/02 08:02:33.025, 81, 330, 405, 8.62, 0x0000000000000001
2026/10/02 08:02:33.154, 81, 330, 405, 8.39, 0x0000000000000001
2026/10/02 08:02:33.279, 81, 330, 405, 8.16, 0x0000000000000001
2026/10/02 08:02:33.408, 81, 330, 405, 7.93, 0x0000000000000001
2026/10/02 08:02:33.534, 81, 255, 405, 7.43, 0x0000000000000001
2026/10/02 08:02:33.665, 81, 255, 405, 7.41, 0x0000000000000001
2026/10/02 08:02:33.803, 81, 255, 405, 7.46, 0x0000000000000001
2026/10/02 08:02:33.931, 81, 255, 405, 7.54, 0x0000000000000001
2026/10/02 08:02:34.068, 81, 240, 405, 7.58, 0x0000000000000001
2026/10/02 08:02:34.195, 81, 240, 405, 7.57, 0x0000000000000001
2026/10/02 08:02:34.328, 81, 240, 405, 7.59, 0x0000000000000001
2026/10/02 08:02:34.460, 81, 240, 405, 7.60, 0x0000000000000001
2026/10/02 08:02:34.590, 81, 210, 405, 7.60, 0x0000000000000001
2026/10/02 08:02:34.716, 81, 210, 405, 7.52, 0x0000000000000001
2026/10/02 08:02:34.840, 81, 210, 405, 7.53, 0x0000000000000001
2026/10/02 08:02:34.964, 81, 210, 405, 7.52, 0x0000000000000001
2026/10/02 08:02:35.090, 81, 210, 405, 7.52, 0x0000000000000001
2026/10/02 08:02:35.225, 81, 210, 405, 7.53, 0x0000000000000001
2026/10/02 08:02:35.360, 81, 210, 405, 7.61, 0x0000000000000001
2026/10/02 08:02:35.490, 81, 210, 405, 8.67, 0x0000000000000001
2026/10/02 08:02:35.611, 81, 1890, 8001, 10.15, 0x0000000000000001
2026/10/02 08:02:35.736, 82, 1890, 8001, 12.82, 0x0000000000000001
2026/10/02 08:02:35.853, 82, 1890, 8001, 14.05, 0x0000000000000001
2026/10/02 08:02:35.974, 82, 1890, 8001, 15.17, 0x0000000000000001
2026/10/02 08:02:36.098, 82, 1890, 8001, 16.37, 0x0000000000000001
2026/10/02 08:02:36.214, 82, 1890, 8001, 17.57, 0x0000000000000001
2026/10/02 08:02:36.340, 82, 1890, 8001, 19.92, 0x0000000000000001
2026/10/02 08:02:36.468, 82, 1890, 8001, 21.45, 0x0000000000000001
2026/10/02 08:02:36.591, 82, 1890, 8001, 21.32, 0x0000000000000001
2026/10/02 08:02:36.723, 83, 1890, 8001, 20.76, 0x0000000000000001
2026/10/02 08:02:36.851, 83, 1890, 8001, 20.67, 0x0000000000000001
2026/10/02 08:02:36.978, 83, 1890, 8001, 20.67, 0x0000000000000001
2026/10/02 08:02:37.096, 83, 1890, 8001, 20.74, 0x0000000000000001
2026/10/02 08:02:37.223, 83, 1890, 8001, 20.77, 0x0000000000000001
2026/10/02 08:02:37.353, 83, 1890, 8001, 20.80, 0x0000000000000001
2026/10/02 08:02:37.481, 83, 1890, 8001, 20.82, 0x0000000000000001
2026/10/02 08:02:37.599, 83, 1890, 8001, 20.68, 0x0000000000000001
2026/10/02 08:02:37.717, 83, 1890, 8001, 20.69, 0x0000000000000001
2026/10/02 08:02:37.836, 83, 1890, 8001, 20.73, 0x0000000000000001
2026/10/02 08:02:37.963, 83, 1890, 8001, 20.67, 0x0000000000000001
2026/10/02 08:02:38.080, 83, 1890, 8001, 20.85, 0x0000000000000001
2026/10/02 08:02:38.197, 83, 1890, 8001, 21.06, 0x0000000000000001
2026/10/02 08:02:38.314, 83, 1890, 8001, 21.33, 0x0000000000000001
2026/10/02 08:02:38.435, 83, 1890, 8001, 21.60, 0x0000000000000001
2026/10/02 08:02:38.565, 83, 1890, 8001, 21.65, 0x0000000000000001
2026/10/02 08:02:38.690, 83, 1890, 8001, 21.62, 0x0000000000000001
2026/10/02 08:02:38.815, 83, 1890, 8001, 21.67, 0x0000000000000001
2026/10/02 08:02:38.938, 83, 1890, 8001, 21.93, 0x0000000000000001
2026/10/02 08:02:39.055, 83, 765, 6001, 21.67, 0x0000000000000001
2026/10/02 08:02:39.177, 83, 765, 6001, 20.78, 0x0000000000000001
2026/10/02 08:02:39.301, 83, 765, 6001, 19.88, 0x0000000000000001
2026/10/02 08:02:39.422, 83, 765, 6001, 18.18, 0x0000000000000001
2026/10/02 08:02:39.559, 83, 630, 6001, 17.35, 0x0000000000000001
2026/10/02 08:02:39.678, 82, 630, 6001, 16.56, 0x0000000000000001
2026/10/02 08:02:39.800, 82, 630, 6001, 15.65, 0x0000000000000001
2026/10/02 08:02:39.928, 82, 630, 6001, 12.73, 0x0000000000000001
2026/10/02 08:02:40.047, 82, 540, 810, 12.05, 0x0000000000000001
2026/10/02 08:02:40.179, 82, 540, 810, 11.76, 0x0000000000000001
2026/10/02 08:02:40.311, 82, 540, 810, 11.47, 0x0000000000000001
2026/10/02 08:02:40.439, 82, 540, 810, 11.07, 0x0000000000000001
2026/10/02 08:02:40.572, 82, 435, 810, 10.61, 0x0000000000000001
2026/10/02 08:02:40.705, 82, 435, 810, 10.39, 0x0000000000000001
2026/10/02 08:02:40.832, 82, 435, 810, 10.31, 0x0000000000000001
2026/10/02 08:02:40.964, 82, 435, 810, 10.32, 0x0000000000000001
2026/10/02 08:02:41.091, 82, 390, 810, 10.33, 0x0000000000000001
2026/10/02 08:02:41.215, 82, 390, 810, 10.35, 0x0000000000000001
2026/10/02 08:02:41.352, 82, 390, 810, 10.34, 0x0000000000000001
2026/10/02 08:02:41.479, 82, 390, 810, 10.29, 0x0000000000000001
2026/10/02 08:02:41.608, 82, 315, 810, 10.20, 0x0000000000000001
2026/10/02 08:02:41.742, 81, 315, 810, 10.16, 0x0000000000000001
2026/10/02 08:02:41.870, 81, 315, 810, 10.19, 0x0000000000000001
2026/10/02 08:02:42.009, 81, 315, 810, 10.28, 0x0000000000000001
2026/10/02 08:02:42.130, 81, 270, 810, 10.30, 0x0000000000000001
2026/10/02 08:02:42.251, 82, 270, 810, 10.26, 0x0000000000000001
2026/10/02 08:02:42.378, 82, 270, 810, 10.22, 0x0000000000000001
2026/10/02 08:02:42.499, 82, 270, 810, 10.20, 0x0000000000000001
2026/10/02 08:02:42.622, 82, 300, 810, 10.15, 0x0000000000000001
2026/10/02 08:02:42.749, 81, 300, 810, 10.20, 0x0000000000000001
2026/10/02 08:02:42.883, 81, 300, 810, 10.28, 0x0000000000000001
2026/10/02 08:02:43.009, 81, 300, 810, 10.25, 0x0000000000000001
2026/10/02 08:02:43.142, 81, 300, 810, 10.13, 0x0000000000000001
2026/10/02 08:02:43.272, 81, 300, 810, 10.17, 0x0000000000000001
2026/10/02 08:02:43.449, 81, 300, 810, 11.00, 0x0000000000000001
2026/10/02 08:02:43.573, 81, 1890, 7001, 11.68, 0x0000000000000001
2026/10/02 08:02:43.701, 81, 1890, 7001, 12.39, 0x0000000000000001
2026/10/02 08:02:43.818, 82, 1890, 7001, 13.09, 0x0000000000000001
2026/10/02 08:02:43.946, 82, 1890, 7001, 14.53, 0x0000000000000001
2026/10/02 08:02:44.073, 82, 1890, 8001, 15.50, 0x0000000000000001
2026/10/02 08:02:44.199, 82, 1890, 8001, 16.50, 0x0000000000000001
2026/10/02 08:02:44.316, 83, 1890, 8001, 17.37, 0x0000000000000001
2026/10/02 08:02:44.441, 83, 1890, 8001, 19.31, 0x0000000000000001
2026/10/02 08:02:44.562, 83, 1890, 8001, 19.48, 0x0000000000000001
2026/10/02 08:02:44.680, 83, 1890, 8001, 19.79, 0x0000000000000001
2026/10/02 08:02:44.811, 83, 1890, 8001, 20.08, 0x0000000000000001
2026/10/02 08:02:44.939, 83, 1890, 8001, 20.67, 0x0000000000000001
2026/10/02 08:02:45.056, 83, 1890, 8001, 20.77, 0x0000000000000001
2026/10/02 08:02:45.180, 83, 1890, 8001, 20.82, 0x0000000000000001
2026/10/02 08:02:45.299, 83, 1890, 8001, 20.86, 0x0000000000000001
2026/10/02 08:02:45.417, 83, 1890, 8001, 20.92, 0x0000000000000001
2026/10/02 08:02:45.539, 83, 1890, 8001, 20.95, 0x0000000000000001
2026/10/02 08:02:45.657, 83, 1890, 8001, 20.96, 0x0000000000000001
2026/10/02 08:02:45.777, 83, 1890, 8001, 20.96, 0x0000000000000001
2026/10/02 08:02:45.905, 83, 1890, 8001, 20.95, 0x0000000000000001
2026/10/02 08:02:46.026, 83, 1890, 8001, 20.87, 0x0000000000000001
2026/10/02 08:02:46.149, 83, 1890, 8001, 21.01, 0x0000000000000001
2026/10/02 08:02:46.273, 83, 1890, 8001, 21.11, 0x0000000000000001
2026/10/02 08:02:46.393, 83, 1890, 8001, 21.02, 0x0000000000000001
2026/10/02 08:02:46.522, 83, 1890, 8001, 20.93, 0x0000000000000001
2026/10/02 08:02:46.659, 83, 1890, 8001, 20.90, 0x0000000000000001
2026/10/02 08:02:46.779, 83, 1890, 8001, 20.87, 0x0000000000000001
2026/10/02 08:02:46.897, 83, 1890, 8001, 20.85, 0x0000000000000001
2026/10/02 08:02:47.014, 83, 1890, 8001, 20.84, 0x0000000000000001
2026/10/02 08:02:47.138, 83, 585, 6001, 19.93, 0x0000000000000001
2026/10/02 08:02:47.259, 83, 585, 6001, 19.16, 0x0000000000000001
2026/10/02 08:02:47.381, 83, 585, 6001, 18.36, 0x0000000000000001
2026/10/02 08:02:47.502, 83, 585, 6001, 17.71, 0x0000000000000001
2026/10/02 08:02:47.624, 83, 480, 810, 15.90, 0x0000000000000001
2026/10/02 08:02:47.756, 82, 480, 810, 14.96, 0x0000000000000001
2026/10/02 08:02:47.878, 82, 480, 810, 13.98, 0x0000000000000001
2026/10/02 08:02:47.999, 82, 480, 810, 13.00, 0x0000000000000001
2026/10/02 08:02:48.120, 82, 405, 810, 12.02, 0x0000000000000001
2026/10/02 08:02:48.246, 82, 405, 810, 11.02, 0x0000000000000001
2026/10/02 08:02:48.368, 82, 405, 810, 10.65, 0x0000000000000001
2026/10/02 08:02:48.494, 82, 405, 810, 10.36, 0x0000000000000001
2026/10/02 08:02:48.615, 82, 300, 810, 10.08, 0x0000000000000001
2026/10/02 08:02:48.740, 82, 300, 810, 9.92, 0x0000000000000001
2026/10/02 08:02:48.862, 82, 300, 810, 9.84, 0x0000000000000001
2026/10/02 08:02:48.984, 82, 300, 810, 9.79, 0x0000000000000001
2026/10/02 08:02:49.104, 82, 255, 810, 9.72, 0x0000000000000001
2026/10/02 08:02:49.225, 81, 255, 810, 9.65, 0x0000000000000001
2026/10/02 08:02:49.359, 81, 255, 810, 9.62, 0x0000000000000001
2026/10/02 08:02:49.483, 81, 255, 810, 9.58, 0x0000000000000001
2026/10/02 08:02:49.604, 81, 210, 810, 9.55, 0x0000000000000001
2026/10/02 08:02:49.729, 81, 210, 810, 9.51, 0x0000000000000001
2026/10/02 08:02:49.850, 81, 210, 810, 9.52, 0x0000000000000001
2026/10/02 08:02:49.974, 81, 210, 810, 9.31, 0x0000000000000001
2026/10/02 08:02:50.099, 81, 210, 405, 9.09, 0x0000000000000001
2026/10/02 08:02:50.228, 81, 210, 405, 8.77, 0x0000000000000001
2026/10/02 08:02:50.395, 81, 210, 405, 9.72, 0x0000000000000001
2026/10/02 08:02:50.513, 81, 210, 405, 10.92, 0x0000000000000001
2026/10/02 08:02:50.634, 81, 1890, 8001, 13.30, 0x0000000000000001
2026/10/02 08:02:50.761, 83, 1890, 8001, 14.53, 0x0000000000000001
2026/10/02 08:02:50.881, 83, 1890, 8001, 15.74, 0x0000000000000001
2026/10/02 08:02:51.001, 83, 1890, 8001, 16.95, 0x0000000000000001
2026/10/02 08:02:51.130, 83, 1890, 8001, 19.83, 0x0000000000000001
2026/10/02 08:02:51.255, 83, 1890, 8001, 21.04, 0x0000000000000001
2026/10/02 08:02:51.373, 83, 1890, 8001, 22.21, 0x0000000000000001
2026/10/02 08:02:51.492, 83, 1890, 8001, 22.36, 0x0000000000000001
2026/10/02 08:02:51.621, 83, 1890, 8001, 21.98, 0x0000000000000001
2026/10/02 08:02:51.742, 83, 1890, 8001, 21.77, 0x0000000000000001
2026/10/02 08:02:51.862, 83, 1890, 8001, 21.52, 0x0000000000000001
2026/10/02 08:02:51.990, 83, 1890, 8001, 21.29, 0x0000000000000001
2026/10/02 08:02:52.112, 83, 1890, 8001, 21.02, 0x0000000000000001
2026/10/02 08:02:52.241, 83, 1890, 8001, 20.65, 0x0000000000000001
2026/10/02 08:02:52.367, 83, 1890, 8001, 20.53, 0x0000000000000001
2026/10/02 08:02:52.496, 83, 1890, 8001, 20.48, 0x0000000000000001
2026/10/02 08:02:52.623, 83, 1890, 8001, 20.42, 0x0000000000000001
2026/10/02 08:02:52.747, 83, 1890, 8001, 20.48, 0x0000000000000001
2026/10/02 08:02:52.869, 83, 1890, 8001, 20.53, 0x0000000000000001
2026/10/02 08:02:52.990, 83, 1890, 8001, 20.61, 0x0000000000000001
2026/10/02 08:02:53.108, 83, 1890, 8001, 20.68, 0x0000000000000001
2026/10/02 08:02:53.230, 83, 1890, 8001, 20.85, 0x0000000000000001
2026/10/02 08:02:53.349, 83, 1890, 8001, 20.88, 0x0000000000000001
2026/10/02 08:02:53.479, 83, 1890, 8001, 20.95, 0x0000000000000001
2026/10/02 08:02:53.601, 83, 1890, 8001, 20.97, 0x0000000000000001
2026/10/02 08:02:53.727, 83, 1890, 8001, 21.04, 0x0000000000000001
2026/10/02 08:02:53.848, 83, 1890, 8001, 21.09, 0x0000000000000001
2026/10/02 08:02:53.969, 83, 1890, 8001, 21.19, 0x0000000000000001
2026/10/02 08:02:54.112, 83, 645, 6001, 20.97, 0x0000000000000001
2026/10/02 08:02:54.233, 83, 645, 6001, 19.58, 0x0000000000000001
2026/10/02 08:02:54.365, 83, 645, 6001, 18.92, 0x0000000000000001
2026/10/02 08:02:54.493, 83, 645, 6001, 18.23, 0x0000000000000001
2026/10/02 08:02:54.613, 83, 645, 6001, 17.49, 0x0000000000000001
2026/10/02 08:02:54.743, 82, 645, 6001, 15.91, 0x0000000000000001
2026/10/02 08:02:54.873, 82, 645, 6001, 14.93, 0x0000000000000001
2026/10/02 08:02:54.993, 82, 645, 6001, 13.87, 0x0000000000000001
2026/10/02 08:02:55.119, 82, 570, 810, 11.97, 0x0000000000000001
2026/10/02 08:02:55.239, 82, 570, 810, 11.70, 0x0000000000000001
2026/10/02 08:02:55.360, 82, 570, 810, 11.18, 0x0000000000000001
2026/10/02 08:02:55.485, 82, 570, 810, 11.08, 0x0000000000000001
2026/10/02 08:02:55.605, 82, 450, 810, 10.78, 0x0000000000000001
2026/10/02 08:02:55.725, 82, 450, 810, 10.15, 0x0000000000000001
2026/10/02 08:02:55.856, 82, 450, 810, 9.98, 0x0000000000000001
2026/10/02 08:02:55.985, 82, 450, 810, 9.96, 0x0000000000000001
2026/10/02 08:02:56.119, 82, 375, 810, 10.15, 0x0000000000000001
2026/10/02 08:02:56.252, 82, 375, 810, 10.29, 0x0000000000000001
2026/10/02 08:02:56.404, 82, 375, 810, 10.41, 0x0000000000000001
2026/10/02 08:02:56.549, 82, 630, 810, 10.68, 0x0000000000000001
2026/10/02 08:02:56.691, 82, 630, 810, 10.80, 0x0000000000000001
2026/10/02 08:02:56.821, 82, 630, 810, 10.96, 0x0000000000000001
2026/10/02 08:02:56.945, 82, 630, 810, 10.90, 0x0000000000000001
2026/10/02 08:02:57.076, 82, 630, 810, 10.90, 0x0000000000000001
2026/10/02 08:02:57.199, 82, 630, 810, 10.84, 0x0000000000000001
2026/10/02 08:02:57.330, 82, 630, 810, 10.55, 0x0000000000000001
2026/10/02 08:02:57.450, 82, 630, 810, 10.39, 0x0000000000000001
2026/10/02 08:02:57.570, 82, 630, 810, 10.18, 0x0000000000000001
2026/10/02 08:02:57.699, 82, 630, 810, 10.08, 0x0000000000000001
2026/10/02 08:02:57.821, 82, 630, 810, 9.88, 0x0000000000000001
2026/10/02 08:02:57.954, 82, 630, 810, 9.82, 0x0000000000000001
2026/10/02 08:02:58.083, 82, 630, 810, 9.79, 0x0000000000000001
2026/10/02 08:02:58.209, 82, 630, 810, 9.77, 0x0000000000000001
2026/10/02 08:02:58.333, 82, 630, 810, 9.53, 0x0000000000000001
2026/10/02 08:02:58.460, 82, 630, 810, 9.33, 0x0000000000000001
2026/10/02 08:02:58.586, 82, 210, 405, 9.10, 0x0000000000000001
2026/10/02 08:02:58.721, 82, 210, 405, 8.69, 0x0000000000000001
2026/10/02 08:02:58.845, 81, 210, 405, 8.50, 0x0000000000000001
2026/10/02 08:02:58.975, 81, 210, 405, 8.30, 0x0000000000000001
2026/10/02 08:02:59.104, 81, 210, 405, 8.09, 0x0000000000000001
2026/10/02 08:02:59.234, 81, 210, 405, 7.63, 0x0000000000000001
2026/10/02 08:02:59.360, 81, 210, 405, 7.40, 0x0000000000000001
2026/10/02 08:02:59.486, 81, 210, 405, 7.39, 0x0000000000000001
2026/10/02 08:02:59.628, 81, 210, 405, 7.46, 0x0000000000000001
2026/10/02 08:02:59.757, 81, 210, 405, 7.42, 0x0000000000000001
2026/10/02 08:02:59.882, 81, 210, 405, 7.38, 0x0000000000000001
2026/10/02 08:03:00.016, 81, 210, 405, 7.34, 0x0000000000000001
2026/10/02 08:03:00.145, 81, 210, 405, 7.34, 0x0000000000000001
2026/10/02 08:03:00.281, 81, 210, 405, 7.34, 0x0000000000000001
2026/10/02 08:03:00.407, 81, 210, 405, 7.34, 0x0000000000000001
2026/10/02 08:03:00.541, 81, 210, 405, 7.34, 0x0000000000000001
2026/10/02 08:03:00.671, 81, 210, 405, 7.32, 0x0000000000000001
2026/10/02 08:03:00.801, 81, 210, 405, 7.27, 0x0000000000000001
2026/10/02 08:03:00.935, 81, 210, 405, 7.34, 0x0000000000000001
2026/10/02 08:03:01.058, 81, 210, 405, 7.36, 0x0000000000000001
2026/10/02 08:03:01.190, 81, 210, 405, 7.36, 0x0000000000000001
2026/10/02 08:03:01.317, 81, 210, 405, 7.36, 0x0000000000000001
2026/10/02 08:03:01.457, 81, 210, 405, 7.37, 0x0000000000000001
2026/10/02 08:03:01.583, 81, 210, 405, 7.37, 0x0000000000000001
2026/10/02 08:03:01.714, 81, 210, 405, 7.38, 0x0000000000000001
2026/10/02 08:03:01.852, 81, 210, 405, 7.37, 0x0000000000000001
2026/10/02 08:03:01.979, 81, 210, 405, 7.38, 0x0000000000000001
2026/10/02 08:03:02.109, 81, 210, 405, 7.38, 0x0000000000000001
2026/10/02 08:03:02.245, 81, 210, 405, 7.39, 0x0000000000000001
2026/10/02 08:03:02.383, 81, 210, 405, 7.39, 0x0000000000000001
2026/10/02 08:03:02.508, 81, 210, 405, 7.39, 0x0000000000000001
2026/10/02 08:03:02.643, 81, 210, 405, 7.39, 0x0000000000000001
2026/10/02 08:03:02.770, 81, 210, 405, 7.39, 0x0000000000000001
2026/10/02 08:03:02.894, 81, 210, 405, 7.39, 0x0000000000000001
2026/10/02 08:03:03.028, 81, 210, 405, 7.38, 0x0000000000000001
2026/10/02 08:03:03.169, 81, 210, 405, 7.39, 0x0000000000000001
2026/10/02 08:03:03.295, 81, 210, 405, 7.38, 0x0000000000000001
2026/10/02 08:03:03.423, 81, 210, 405, 7.38, 0x0000000000000001
2026/10/02 08:03:03.555, 81, 210, 405, 7.85, 0x0000000000000001
2026/10/02 08:03:03.673, 81, 210, 405, 8.98, 0x0000000000000001
2026/10/02 08:03:03.791, 81, 210, 405, 10.37, 0x0000000000000001
2026/10/02 08:03:03.913, 81, 210, 405, 13.14, 0x0000000000000001
2026/10/02 08:03:04.033, 83, 1890, 8001, 14.55, 0x0000000000000001
2026/10/02 08:03:04.153, 83, 1890, 8001, 15.97, 0x0000000000000001
2026/10/02 08:03:04.271, 83, 1890, 8001, 17.43, 0x0000000000000001
2026/10/02 08:03:04.390, 83, 1890, 8001, 18.78, 0x0000000000000001
2026/10/02 08:03:04.507, 83, 1890, 8001, 20.19, 0x0000000000000001
2026/10/02 08:03:04.627, 83, 1890, 8001, 22.78, 0x0000000000000001
2026/10/02 08:03:04.756, 83, 1890, 8001, 22.82, 0x0000000000000001
2026/10/02 08:03:04.877, 83, 1890, 8001, 22.75, 0x0000000000000001
2026/10/02 08:03:05.002, 83, 1890, 8001, 22.64, 0x0000000000000001
2026/10/02 08:03:05.132, 83, 1890, 8001, 22.28, 0x0000000000000001
2026/10/02 08:03:05.252, 83, 1890, 8001, 22.05, 0x0000000000000001
2026/10/02 08:03:05.371, 83, 1890, 8001, 21.80, 0x0000000000000001
2026/10/02 08:03:05.489, 83, 1890, 8001, 21.56, 0x0000000000000001
2026/10/02 08:03:05.607, 83, 1890, 8001, 21.34, 0x0000000000000001
2026/10/02 08:03:05.726, 83, 1890, 8001, 20.91, 0x0000000000000001
2026/10/02 08:03:05.844, 83, 1890, 8001, 20.71, 0x0000000000000001
2026/10/02 08:03:05.975, 83, 1890, 8001, 20.61, 0x0000000000000001
2026/10/02 08:03:06.091, 83, 1890, 8001, 20.56, 0x0000000000000001
2026/10/02 08:03:06.208, 83, 1890, 8001, 20.53, 0x0000000000000001
2026/10/02 08:03:06.331, 83, 1890, 8001, 20.60, 0x0000000000000001
2026/10/02 08:03:06.455, 83, 1890, 8001, 20.67, 0x0000000000000001
2026/10/02 08:03:06.580, 83, 1890, 8001, 20.73, 0x0000000000000001
2026/10/02 08:03:06.709, 83, 1890, 8001, 20.77, 0x0000000000000001
2026/10/02 08:03:06.837, 83, 1890, 8001, 20.84, 0x0000000000000001
2026/10/02 08:03:06.965, 83, 1890, 8001, 20.85, 0x0000000000000001
2026/10/02 08:03:07.086, 83, 525, 6001, 20.71, 0x0000000000000001
2026/10/02 08:03:07.211, 83, 525, 6001, 19.29, 0x0000000000000001
2026/10/02 08:03:07.339, 83, 525, 6001, 18.40, 0x0000000000000001
2026/10/02 08:03:07.468, 83, 525, 6001, 17.46, 0x0000000000000001
2026/10/02 08:03:07.590, 83, 420, 810, 16.50, 0x0000000000000001
2026/10/02 08:03:07.711, 83, 420, 810, 15.55, 0x0000000000000001
2026/10/02 08:03:07.832, 83, 420, 810, 13.61, 0x0000000000000001
2026/10/02 08:03:07.955, 82, 420, 810, 12.62, 0x0000000000000001
2026/10/02 08:03:08.080, 82, 360, 810, 11.63, 0x0000000000000001
2026/10/02 08:03:08.210, 82, 360, 810, 10.79, 0x0000000000000001
2026/10/02 08:03:08.343, 82, 360, 810, 10.24, 0x0000000000000001
2026/10/02 08:03:08.468, 82, 360, 810, 10.15, 0x0000000000000001
2026/10/02 08:03:08.593, 82, 270, 810, 10.11, 0x0000000000000001
2026/10/02 08:03:08.720, 82, 270, 810, 10.03, 0x0000000000000001
2026/10/02 08:03:08.843, 82, 270, 810, 10.00, 0x0000000000000001
2026/10/02 08:03:08.965, 82, 270, 810, 10.00, 0x0000000000000001
2026/10/02 08:03:09.086, 82, 225, 810, 9.99, 0x0000000000000001
2026/10/02 08:03:09.207, 82, 225, 810, 9.99, 0x0000000000000001
2026/10/02 08:03:09.333, 82, 225, 810, 9.98, 0x0000000000000001
2026/10/02 08:03:09.454, 81, 225, 810, 9.98, 0x0000000000000001
2026/10/02 08:03:09.575, 81, 210, 810, 9.98, 0x0000000000000001
2026/10/02 08:03:09.696, 81, 210, 810, 9.98, 0x0000000000000001
2026/10/02 08:03:09.817, 81, 210, 810, 9.98, 0x0000000000000001
2026/10/02 08:03:09.941, 81, 210, 810, 9.98, 0x0000000000000001
2026/10/02 08:03:10.061, 81, 210, 810, 9.98, 0x0000000000000001
2026/10/02 08:03:10.183, 81, 210, 810, 9.98, 0x0000000000000001
2026/10/02 08:03:10.304, 81, 210, 810, 9.98, 0x0000000000000001
2026/10/02 08:03:10.426, 81, 210, 810, 9.98, 0x0000000000000001
2026/10/02 08:03:10.554, 81, 210, 810, 9.98, 0x0000000000000001
2026/10/02 08:03:10.676, 81, 210, 810, 9.98, 0x0000000000000001
2026/10/02 08:03:10.797, 81, 210, 810, 9.98, 0x0000000000000001
2026/10/02 08:03:10.919, 81, 210, 810, 9.76, 0x0000000000000001
2026/10/02 08:03:11.046, 81, 210, 405, 9.48, 0x0000000000000001
2026/10/02 08:03:11.208, 81, 210, 405, 9.31, 0x0000000000000001
2026/10/02 08:03:11.397, 81, 210, 405, 9.08, 0x0000000000000001
2026/10/02 08:03:11.532, 81, 210, 405, 8.44, 0x0000000000000001
2026/10/02 08:03:11.661, 81, 390, 405, 8.35, 0x0000000000000001
2026/10/02 08:03:11.789, 81, 390, 405, 8.12, 0x0000000000000001
2026/10/02 08:03:11.917, 81, 390, 405, 7.89, 0x0000000000000001
2026/10/02 08:03:12.045, 81, 390, 405, 7.66, 0x0000000000000001
2026/10/02 08:03:12.175, 81, 390, 405, 7.65, 0x0000000000000001
2026/10/02 08:03:12.307, 81, 390, 405, 7.58, 0x0000000000000001
2026/10/02 08:03:12.440, 81, 390, 405, 7.52, 0x0000000000000001
2026/10/02 08:03:12.581, 81, 390, 405, 7.48, 0x0000000000000001
2026/10/02 08:03:12.712, 81, 390, 405, 7.50, 0x0000000000000001
2026/10/02 08:03:12.848, 81, 390, 405, 7.49, 0x0000000000000001
2026/10/02 08:03:12.993, 81, 390, 405, 7.47, 0x0000000000000001
2026/10/02 08:03:13.126, 81, 390, 405, 7.47, 0x0000000000000001
2026/10/02 08:03:13.277, 81, 390, 405, 7.68, 0x0000000000000001
2026/10/02 08:03:13.469, 81, 390, 405, 9.21, 0x0000000000000001
2026/10/02 08:03:13.599, 81, 390, 405, 10.25, 0x0000000000000001
2026/10/02 08:03:13.729, 81, 1560, 8001, 11.20, 0x0000000000000001
2026/10/02 08:03:13.851, 81, 1560, 8001, 12.09, 0x0000000000000001
2026/10/02 08:03:13.976, 82, 1560, 8001, 12.98, 0x0000000000000001
2026/10/02 08:03:14.106, 82, 1560, 8001, 14.77, 0x0000000000000001
2026/10/02 08:03:14.228, 82, 1560, 8001, 15.68, 0x0000000000000001
2026/10/02 08:03:14.352, 82, 1560, 8001, 16.48, 0x0000000000000001
2026/10/02 08:03:14.485, 82, 1560, 8001, 17.32, 0x0000000000000001
2026/10/02 08:03:14.611, 82, 1560, 8001, 17.58, 0x0000000000000001
2026/10/02 08:03:14.735, 82, 1560, 8001, 17.48, 0x0000000000000001
2026/10/02 08:03:14.856, 82, 1560, 8001, 17.43, 0x0000000000000001
2026/10/02 08:03:14.977, 82, 1560, 8001, 17.47, 0x0000000000000001
2026/10/02 08:03:15.100, 82, 1560, 8001, 17.57, 0x0000000000000001
2026/10/02 08:03:15.231, 82, 1560, 8001, 17.62, 0x0000000000000001
2026/10/02 08:03:15.360, 82, 1560, 8001, 17.66, 0x0000000000000001
2026/10/02 08:03:15.487, 82, 1560, 8001, 17.31, 0x0000000000000001
2026/10/02 08:03:15.617, 82, 1560, 8001, 16.45, 0x0000000000000001
2026/10/02 08:03:15.744, 82, 315, 6001, 16.00, 0x0000000000000001
2026/10/02 08:03:15.867, 82, 315, 6001, 15.57, 0x0000000000000001
2026/10/02 08:03:15.991, 82, 315, 6001, 15.19, 0x0000000000000001
2026/10/02 08:03:16.113, 82, 315, 6001, 14.71, 0x0000000000000001
2026/10/02 08:03:16.243, 82, 255, 6001, 13.79, 0x0000000000000001
2026/10/02 08:03:16.372, 82, 255, 6001, 13.37, 0x0000000000000001
2026/10/02 08:03:16.506, 82, 255, 6001, 12.96, 0x0000000000000001
2026/10/02 08:03:16.639, 82, 255, 6001, 12.84, 0x0000000000000001
2026/10/02 08:03:16.766, 82, 225, 6001, 12.80, 0x0000000000000001
2026/10/02 08:03:16.890, 82, 225, 6001, 12.74, 0x0000000000000001
2026/10/02 08:03:17.022, 82, 225, 6001, 12.70, 0x0000000000000001
2026/10/02 08:03:17.150, 82, 225, 6001, 12.73, 0x0000000000000001
2026/10/02 08:03:17.273, 82, 210, 6001, 12.68, 0x0000000000000001
2026/10/02 08:03:17.403, 82, 210, 6001, 12.60, 0x0000000000000001
2026/10/02 08:03:17.533, 82, 210, 6001, 12.47, 0x0000000000000001
2026/10/02 08:03:17.671, 82, 210, 6001, 12.34, 0x0000000000000001
2026/10/02 08:03:17.807, 82, 210, 810, 12.12, 0x0000000000000001
2026/10/02 08:03:17.932, 82, 210, 810, 11.90, 0x0000000000000001
2026/10/02 08:03:18.061, 81, 210, 810, 11.38, 0x0000000000000001
2026/10/02 08:03:18.182, 81, 210, 810, 11.09, 0x0000000000000001
2026/10/02 08:03:18.303, 81, 210, 810, 10.89, 0x0000000000000001
2026/10/02 08:03:18.426, 81, 210, 810, 10.68, 0x0000000000000001
2026/10/02 08:03:18.560, 81, 210, 810, 10.23, 0x0000000000000001
2026/10/02 08:03:18.684, 81, 210, 810, 10.00, 0x0000000000000001
2026/10/02 08:03:18.821, 81, 210, 810, 9.93, 0x0000000000000001
2026/10/02 08:03:18.954, 81, 210, 810, 9.93, 0x0000000000000001
2026/10/02 08:03:19.076, 81, 210, 810, 9.94, 0x0000000000000001
2026/10/02 08:03:19.197, 81, 210, 810, 9.94, 0x0000000000000001
2026/10/02 08:03:19.319, 81, 210, 810, 9.94, 0x0000000000000001
2026/10/02 08:03:19.446, 81, 210, 810, 9.94, 0x0000000000000001
2026/10/02 08:03:19.568, 81, 210, 810, 9.93, 0x0000000000000001
2026/10/02 08:03:19.700, 81, 210, 810, 9.94, 0x0000000000000001
2026/10/02 08:03:19.830, 81, 210, 810, 9.94, 0x0000000000000001
2026/10/02 08:03:19.960, 81, 210, 810, 9.88, 0x0000000000000001
2026/10/02 08:03:20.095, 81, 210, 810, 9.88, 0x0000000000000001
2026/10/02 08:03:20.224, 81, 210, 810, 9.86, 0x0000000000000001
2026/10/02 08:03:20.351, 81, 210, 810, 9.83, 0x0000000000000001
2026/10/02 08:03:20.477, 81, 210, 810, 9.78, 0x0000000000000001
2026/10/02 08:03:20.606, 81, 210, 810, 9.75, 0x0000000000000001
2026/10/02 08:03:20.737, 81, 210, 405, 9.50, 0x0000000000000001
2026/10/02 08:03:20.866, 81, 210, 405, 8.95, 0x0000000000000001
2026/10/02 08:03:20.997, 81, 210, 405, 8.68, 0x0000000000000001
2026/10/02 08:03:21.124, 81, 210, 405, 8.48, 0x0000000000000001
2026/10/02 08:03:21.252, 81, 210, 405, 8.25, 0x0000000000000001
2026/10/02 08:03:21.397, 81, 210, 405, 7.89, 0x0000000000000001
2026/10/02 08:03:21.544, 81, 210, 405, 7.69, 0x0000000000000001
2026/10/02 08:03:21.673, 81, 210, 405, 7.30, 0x0000000000000001
2026/10/02 08:03:21.799, 81, 210, 405, 7.33, 0x0000000000000001
2026/10/02 08:03:21.925, 81, 210, 405, 7.39, 0x0000000000000001
2026/10/02 08:03:22.055, 81, 210, 405, 7.38, 0x0000000000000001
2026/10/02 08:03:22.186, 81, 210, 405, 7.37, 0x0000000000000001
2026/10/02 08:03:22.319, 81, 210, 405, 7.38, 0x0000000000000001
2026/10/02 08:03:22.450, 81, 210, 405, 7.36, 0x0000000000000001
2026/10/02 08:03:22.575, 81, 210, 405, 7.29, 0x0000000000000001
2026/10/02 08:03:22.709, 81, 210, 405, 7.29, 0x0000000000000001
2026/10/02 08:03:22.838, 81, 210, 405, 7.30, 0x0000000000000001
2026/10/02 08:03:22.987, 81, 210, 405, 7.38, 0x0000000000000001
2026/10/02 08:03:23.126, 81, 210, 405, 7.39, 0x0000000000000001
2026/10/02 08:03:23.258, 81, 270, 405, 7.39, 0x0000000000000001
2026/10/02 08:03:23.393, 81, 270, 405, 7.41, 0x0000000000000001
2026/10/02 08:03:23.540, 81, 270, 405, 8.41, 0x0000000000000001
2026/10/02 08:03:23.666, 81, 270, 405, 9.52, 0x0000000000000001
2026/10/02 08:03:23.789, 82, 1890, 8001, 11.77, 0x0000000000000001
2026/10/02 08:03:23.917, 82, 1890, 8001, 12.94, 0x0000000000000001
2026/10/02 08:03:24.038, 82, 1890, 8001, 14.05, 0x0000000000000001
2026/10/02 08:03:24.158, 82, 1890, 8001, 15.26, 0x0000000000000001
2026/10/02 08:03:24.281, 82, 1890, 8001, 16.51, 0x0000000000000001
2026/10/02 08:03:24.406, 82, 1890, 8001, 19.00, 0x0000000000000001
2026/10/02 08:03:24.527, 82, 1890, 8001, 20.31, 0x0000000000000001
2026/10/02 08:03:24.651, 82, 1890, 8001, 20.44, 0x0000000000000001
2026/10/02 08:03:24.770, 83, 1890, 8001, 20.55, 0x0000000000000001
2026/10/02 08:03:24.890, 83, 1890, 8001, 20.74, 0x0000000000000001
2026/10/02 08:03:25.014, 83, 1890, 8001, 20.78, 0x0000000000000001
2026/10/02 08:03:25.139, 83, 1890, 8001, 20.82, 0x0000000000000001
2026/10/02 08:03:25.259, 83, 1890, 8001, 20.84, 0x0000000000000001
2026/10/02 08:03:25.385, 83, 1890, 8001, 20.85, 0x0000000000000001
2026/10/02 08:03:25.513, 83, 1890, 8001, 20.88, 0x0000000000000001
2026/10/02 08:03:25.633, 83, 1890, 8001, 20.88, 0x0000000000000001
2026/10/02 08:03:25.752, 83, 1890, 8001, 20.89, 0x0000000000000001
2026/10/02 08:03:25.871, 83, 1890, 8001, 20.88, 0x0000000000000001
2026/10/02 08:03:25.990, 83, 1890, 8001, 20.88, 0x0000000000000001
2026/10/02 08:03:26.112, 83, 1890, 8001, 20.89, 0x0000000000000001
2026/10/02 08:03:26.229, 83, 1890, 8001, 20.88, 0x0000000000000001
2026/10/02 08:03:26.346, 83, 1890, 8001, 20.87, 0x0000000000000001
2026/10/02 08:03:26.471, 83, 1890, 8001, 20.87, 0x0000000000000001
2026/10/02 08:03:26.589, 83, 1890, 8001, 20.88, 0x0000000000000001
2026/10/02 08:03:26.710, 83, 1890, 8001, 20.87, 0x0000000000000001
2026/10/02 08:03:26.828, 83, 1890, 8001, 20.88, 0x0000000000000001
2026/10/02 08:03:26.946, 83, 1890, 8001, 20.88, 0x0000000000000001
2026/10/02 08:03:27.066, 83, 1890, 8001, 20.89, 0x0000000000000001
2026/10/02 08:03:27.190, 83, 1890, 8001, 20.91, 0x0000000000000001
2026/10/02 08:03:27.325, 83, 405, 810, 19.98, 0x0000000000000001
2026/10/02 08:03:27.453, 83, 405, 810, 19.05, 0x0000000000000001
2026/10/02 08:03:27.577, 83, 405, 810, 18.10, 0x0000000000000001
2026/10/02 08:03:27.699, 82, 405, 810, 16.11, 0x0000000000000001
2026/10/02 08:03:27.824, 82, 345, 810, 15.12, 0x0000000000000001
2026/10/02 08:03:27.952, 82, 345, 810, 14.18, 0x0000000000000001
2026/10/02 08:03:28.074, 82, 345, 810, 13.14, 0x0000000000000001
2026/10/02 08:03:28.197, 82, 345, 810, 12.09, 0x0000000000000001
2026/10/02 08:03:28.346, 82, 300, 810, 10.15, 0x0000000000000001
2026/10/02 08:03:28.486, 82, 300, 810, 10.08, 0x0000000000000001
2026/10/02 08:03:28.624, 82, 300, 810, 9.90, 0x0000000000000001
2026/10/02 08:03:28.749, 82, 300, 810, 9.86, 0x0000000000000001
2026/10/02 08:03:28.872, 82, 240, 810, 9.85, 0x0000000000000001
2026/10/02 08:03:29.005, 82, 240, 810, 9.84, 0x0000000000000001
2026/10/02 08:03:29.135, 82, 240, 810, 9.90, 0x0000000000000001
2026/10/02 08:03:29.255, 81, 240, 810, 9.88, 0x0000000000000001
2026/10/02 08:03:29.380, 81, 210, 810, 9.82, 0x0000000000000001
2026/10/02 08:03:29.506, 81, 210, 810, 9.77, 0x0000000000000001
2026/10/02 08:03:29.627, 81, 210, 810, 9.77, 0x0000000000000001
2026/10/02 08:03:29.755, 81, 210, 810, 9.56, 0x0000000000000001
2026/10/02 08:03:29.883, 81, 210, 405, 9.35, 0x0000000000000001
2026/10/02 08:03:30.010, 81, 210, 405, 9.10, 0x0000000000000001
2026/10/02 08:03:30.148, 81, 210, 405, 8.59, 0x0000000000000001
2026/10/02 08:03:30.273, 81, 210, 405, 8.37, 0x0000000000000001
2026/10/02 08:03:30.401, 81, 210, 405, 8.16, 0x0000000000000001
2026/10/02 08:03:30.538, 81, 210, 405, 7.70, 0x0000000000000001
2026/10/02 08:03:30.670, 81, 210, 405, 7.51, 0x0000000000000001
2026/10/02 08:03:30.800, 81, 210, 405, 7.30, 0x0000000000000001
2026/10/02 08:03:30.928, 81, 210, 405, 7.33, 0x0000000000000001
2026/10/02 08:03:31.059, 81, 210, 405, 7.33, 0x0000000000000001
2026/10/02 08:03:31.237, 81, 210, 405, 7.47, 0x0000000000000001
2026/10/02 08:03:31.362, 81, 360, 405, 7.44, 0x0000000000000001
2026/10/02 08:03:31.492, 81, 360, 405, 7.44, 0x0000000000000001
2026/10/02 08:03:31.640, 81, 360, 405, 7.60, 0x0000000000000001
2026/10/02 08:03:31.772, 81, 360, 405, 7.80, 0x0000000000000001
2026/10/02 08:03:31.898, 81, 465, 810, 8.00, 0x0000000000000001
2026/10/02 08:03:32.033, 81, 465, 810, 8.56, 0x0000000000000001
2026/10/02 08:03:32.158, 81, 465, 810, 8.68, 0x0000000000000001
2026/10/02 08:03:32.303, 81, 465, 810, 9.00, 0x0000000000000001
2026/10/02 08:03:32.443, 81, 465, 810, 9.35, 0x0000000000000001
2026/10/02 08:03:32.580, 81, 465, 810, 9.58, 0x0000000000000001
2026/10/02 08:03:32.714, 81, 465, 810, 9.92, 0x0000000000000001
2026/10/02 08:03:32.840, 81, 465, 810, 9.90, 0x0000000000000001
2026/10/02 08:03:32.962, 81, 465, 810, 9.95, 0x0000000000000001
2026/10/02 08:03:33.086, 81, 465, 810, 9.94, 0x0000000000000001
2026/10/02 08:03:33.211, 81, 465, 810, 9.91, 0x0000000000000001
2026/10/02 08:03:33.331, 81, 465, 810, 9.82, 0x0000000000000001
2026/10/02 08:03:33.457, 81, 465, 810, 9.81, 0x0000000000000001
2026/10/02 08:03:33.585, 81, 465, 810, 9.58, 0x0000000000000001
2026/10/02 08:03:33.708, 81, 465, 810, 9.10, 0x0000000000000001
2026/10/02 08:03:33.843, 81, 210, 405, 8.77, 0x0000000000000001
2026/10/02 08:03:33.970, 81, 210, 405, 8.64, 0x0000000000000001
2026/10/02 08:03:34.094, 81, 210, 405, 8.41, 0x0000000000000001
2026/10/02 08:03:34.218, 81, 210, 405, 7.96, 0x0000000000000001
2026/10/02 08:03:34.342, 81, 210, 405, 7.73, 0x0000000000000001
2026/10/02 08:03:34.467, 81, 210, 405, 7.50, 0x0000000000000001
2026/10/02 08:03:34.591, 81, 210, 405, 7.27, 0x0000000000000001
2026/10/02 08:03:34.717, 81, 210, 405, 7.25, 0x0000000000000001
2026/10/02 08:03:34.841, 81, 210, 405, 7.25, 0x0000000000000001
2026/10/02 08:03:34.965, 81, 210, 405, 7.24, 0x0000000000000001
2026/10/02 08:03:35.091, 81, 210, 405, 7.23, 0x0000000000000001
2026/10/02 08:03:35.215, 81, 210, 405, 7.22, 0x0000000000000001
2026/10/02 08:03:35.339, 81, 210, 405, 7.22, 0x0000000000000001
2026/10/02 08:03:35.464, 81, 210, 405, 7.22, 0x0000000000000001
2026/10/02 08:03:35.589, 81, 210, 405, 7.22, 0x0000000000000001
2026/10/02 08:03:35.713, 81, 210, 405, 7.25, 0x0000000000000001
2026/10/02 08:03:35.865, 81, 210, 405, 7.25, 0x0000000000000001
2026/10/02 08:03:36.002, 81, 210, 405, 7.97, 0x0000000000000001
2026/10/02 08:03:36.130, 81, 210, 405, 10.77, 0x0000000000000001
2026/10/02 08:03:36.248, 81, 210, 405, 12.07, 0x0000000000000001
2026/10/02 08:03:36.365, 81, 1890, 8001, 13.27, 0x0000000000000001
2026/10/02 08:03:36.482, 82, 1890, 8001, 14.47, 0x0000000000000001
2026/10/02 08:03:36.604, 82, 1890, 8001, 15.62, 0x0000000000000001
2026/10/02 08:03:36.726, 82, 1890, 8001, 18.01, 0x0000000000000001
2026/10/02 08:03:36.847, 82, 1890, 8001, 19.30, 0x0000000000000001
2026/10/02 08:03:36.967, 83, 1890, 8001, 20.51, 0x0000000000000001
2026/10/02 08:03:37.086, 83, 1890, 8001, 21.14, 0x0000000000000001
2026/10/02 08:03:37.207, 83, 1890, 8001, 20.96, 0x0000000000000001
2026/10/02 08:03:37.341, 83, 1890, 8001, 20.76, 0x0000000000000001
2026/10/02 08:03:37.461, 83, 1890, 8001, 20.77, 0x0000000000000001
2026/10/02 08:03:37.582, 83, 1890, 8001, 20.75, 0x0000000000000001
2026/10/02 08:03:37.707, 83, 1890, 8001, 20.73, 0x0000000000000001
2026/10/02 08:03:37.825, 83, 1890, 8001, 20.57, 0x0000000000000001
2026/10/02 08:03:37.951, 83, 1890, 8001, 20.47, 0x0000000000000001
2026/10/02 08:03:38.069, 83, 1890, 8001, 20.36, 0x0000000000000001
2026/10/02 08:03:38.189, 83, 1890, 8001, 20.26, 0x0000000000000001
2026/10/02 08:03:38.317, 83, 1890, 8001, 20.06, 0x0000000000000001
2026/10/02 08:03:38.451, 83, 1890, 8001, 19.95, 0x0000000000000001
2026/10/02 08:03:38.575, 83, 1890, 8001, 19.91, 0x0000000000000001
2026/10/02 08:03:38.697, 83, 1890, 8001, 19.91, 0x0000000000000001
2026/10/02 08:03:38.829, 83, 1890, 8001, 19.99, 0x0000000000000001
2026/10/02 08:03:38.945, 83, 1890, 8001, 20.02, 0x0000000000000001
2026/10/02 08:03:39.064, 83, 1890, 8001, 20.04, 0x0000000000000001
2026/10/02 08:03:39.183, 83, 1890, 8001, 20.06, 0x0000000000000001
2026/10/02 08:03:39.304, 83, 495, 6001, 20.06, 0x0000000000000001
2026/10/02 08:03:39.432, 82, 495, 6001, 18.77, 0x0000000000000001
2026/10/02 08:03:39.554, 82, 495, 6001, 18.08, 0x0000000000000001
2026/10/02 08:03:39.685, 82, 495, 6001, 17.41, 0x0000000000000001
2026/10/02 08:03:39.805, 82, 405, 6001, 16.73, 0x0000000000000001
2026/10/02 08:03:39.930, 82, 405, 6001, 15.19, 0x0000000000000001
2026/10/02 08:03:40.051, 82, 405, 6001, 14.26, 0x0000000000000001
2026/10/02 08:03:40.173, 82, 405, 6001, 13.38, 0x0000000000000001
2026/10/02 08:03:40.298, 82, 405, 6001, 12.53, 0x0000000000000001
2026/10/02 08:03:40.432, 82, 330, 810, 11.41, 0x0000000000000001
2026/10/02 08:03:40.559, 82, 330, 810, 11.18, 0x0000000000000001
2026/10/02 08:03:40.683, 82, 330, 810, 10.94, 0x0000000000000001
2026/10/02 08:03:40.804, 82, 300, 810, 10.71, 0x0000000000000001
2026/10/02 08:03:40.925, 81, 300, 810, 10.24, 0x0000000000000001
2026/10/02 08:03:41.047, 81, 300, 810, 10.19, 0x0000000000000001
2026/10/02 08:03:41.175, 81, 300, 810, 10.22, 0x0000000000000001
2026/10/02 08:03:41.296, 81, 300, 810, 10.19, 0x0000000000000001
2026/10/02 08:03:41.417, 81, 225, 810, 10.08, 0x0000000000000001
2026/10/02 08:03:41.558, 81, 225, 810, 10.06, 0x0000000000000001
2026/10/02 08:03:41.685, 81, 225, 810, 10.05, 0x0000000000000001
2026/10/02 08:03:41.804, 81, 210, 810, 10.05, 0x0000000000000001
2026/10/02 08:03:41.934, 81, 210, 810, 10.04, 0x0000000000000001
2026/10/02 08:03:42.054, 81, 210, 810, 10.03, 0x0000000000000001
2026/10/02 08:03:42.174, 81, 210, 810, 10.03, 0x0000000000000001
2026/10/02 08:03:42.296, 81, 210, 810, 9.98, 0x0000000000000001
2026/10/02 08:03:42.418, 81, 210, 810, 9.88, 0x0000000000000001
2026/10/02 08:03:42.538, 81, 210, 810, 9.86, 0x0000000000000001
2026/10/02 08:03:42.657, 81, 210, 810, 9.84, 0x0000000000000001
2026/10/02 08:03:42.790, 81, 210, 810, 9.81, 0x0000000000000001
2026/10/02 08:03:42.917, 81, 210, 810, 9.78, 0x0000000000000001
2026/10/02 08:03:43.081, 81, 210, 810, 9.37, 0x0000000000000001
2026/10/02 08:03:43.268, 81, 210, 810, 10.12, 0x0000000000000001
2026/10/02 08:03:43.392, 82, 1890, 8001, 11.32, 0x0000000000000001
2026/10/02 08:03:43.511, 82, 1890, 8001, 13.58, 0x0000000000000001
2026/10/02 08:03:43.630, 82, 1890, 8001, 14.53, 0x0000000000000001
2026/10/02 08:03:43.756, 82, 1890, 8001, 15.54, 0x0000000000000001
2026/10/02 08:03:43.876, 83, 1890, 8001, 16.55, 0x0000000000000001
2026/10/02 08:03:43.998, 83, 1890, 8001, 17.59, 0x0000000000000001
2026/10/02 08:03:44.126, 83, 1890, 8001, 20.07, 0x0000000000000001
2026/10/02 08:03:44.243, 83, 1890, 8001, 21.19, 0x0000000000000001
2026/10/02 08:03:44.365, 83, 1890, 8001, 21.28, 0x0000000000000001
2026/10/02 08:03:44.486, 83, 1890, 8001, 21.11, 0x0000000000000001
2026/10/02 08:03:44.606, 83, 1890, 8001, 21.00, 0x0000000000000001
2026/10/02 08:03:44.740, 83, 1890, 8001, 20.96, 0x0000000000000001
2026/10/02 08:03:44.867, 83, 1890, 8001, 20.93, 0x0000000000000001
2026/10/02 08:03:44.984, 83, 1890, 8001, 20.95, 0x0000000000000001
2026/10/02 08:03:45.103, 83, 1890, 8001, 20.93, 0x0000000000000001
2026/10/02 08:03:45.226, 83, 1890, 8001, 20.90, 0x0000000000000001
2026/10/02 08:03:45.346, 83, 1890, 8001, 20.91, 0x0000000000000001
2026/10/02 08:03:45.467, 83, 1890, 8001, 20.93, 0x0000000000000001
2026/10/02 08:03:45.585, 83, 1890, 8001, 20.96, 0x0000000000000001
2026/10/02 08:03:45.704, 83, 1890, 8001, 20.95, 0x0000000000000001
2026/10/02 08:03:45.826, 83, 1890, 8001, 21.10, 0x0000000000000001
2026/10/02 08:03:45.945, 83, 1890, 8001, 21.23, 0x0000000000000001
2026/10/02 08:03:46.063, 83, 1890, 8001, 21.27, 0x0000000000000001
2026/10/02 08:03:46.191, 83, 1890, 8001, 21.32, 0x0000000000000001
2026/10/02 08:03:46.310, 83, 1890, 8001, 20.71, 0x0000000000000001
2026/10/02 08:03:46.433, 83, 735, 6001, 20.01, 0x0000000000000001
2026/10/02 08:03:46.567, 83, 735, 6001, 19.29, 0x0000000000000001
2026/10/02 08:03:46.689, 83, 735, 6001, 18.55, 0x0000000000000001
2026/10/02 08:03:46.817, 82, 645, 6001, 17.09, 0x0000000000000001
2026/10/02 08:03:46.951, 82, 645, 6001, 16.30, 0x0000000000000001
2026/10/02 08:03:47.078, 82, 645, 6001, 15.45, 0x0000000000000001
2026/10/02 08:03:47.201, 82, 645, 6001, 13.96, 0x0000000000000001
2026/10/02 08:03:47.321, 82, 510, 6001, 12.98, 0x0000000000000001
2026/10/02 08:03:47.442, 82, 510, 6001, 12.95, 0x0000000000000001
2026/10/02 08:03:47.567, 82, 510, 6001, 12.85, 0x0000000000000001
2026/10/02 08:03:47.691, 82, 510, 6001, 12.84, 0x0000000000000001
2026/10/02 08:03:47.813, 82, 435, 6001, 13.03, 0x0000000000000001
2026/10/02 08:03:47.936, 82, 435, 6001, 12.98, 0x0000000000000001
2026/10/02 08:03:48.056, 82, 435, 6001, 12.95, 0x0000000000000001
2026/10/02 08:03:48.180, 82, 435, 6001, 12.93, 0x0000000000000001
2026/10/02 08:03:48.301, 82, 435, 6001, 12.94, 0x0000000000000001
2026/10/02 08:03:48.429, 82, 375, 810, 12.51, 0x0000000000000001
2026/10/02 08:03:48.554, 82, 375, 810, 12.28, 0x0000000000000001
2026/10/02 08:03:48.679, 82, 375, 810, 12.03, 0x0000000000000001
2026/10/02 08:03:48.802, 82, 375, 810, 11.65, 0x0000000000000001
2026/10/02 08:03:48.938, 82, 330, 810, 11.15, 0x0000000000000001
2026/10/02 08:03:49.064, 82, 330, 810, 10.95, 0x0000000000000001
2026/10/02 08:03:49.201, 82, 330, 810, 10.72, 0x0000000000000001
2026/10/02 08:03:49.334, 81, 255, 810, 10.27, 0x0000000000000001
2026/10/02 08:03:49.458, 81, 255, 810, 10.23, 0x0000000000000001
2026/10/02 08:03:49.579, 81, 255, 810, 10.22, 0x0000000000000001
2026/10/02 08:03:49.699, 81, 255, 810, 10.22, 0x0000000000000001
2026/10/02 08:03:49.834, 81, 225, 810, 10.19, 0x0000000000000001
2026/10/02 08:03:49.959, 81, 225, 810, 10.18, 0x0000000000000001
2026/10/02 08:03:50.081, 81, 225, 810, 10.18, 0x0000000000000001
2026/10/02 08:03:50.203, 81, 225, 810, 10.17, 0x0000000000000001
2026/10/02 08:03:50.341, 81, 210, 810, 10.16, 0x0000000000000001
2026/10/02 08:03:50.466, 81, 210, 810, 10.16, 0x0000000000000001
2026/10/02 08:03:50.592, 81, 210, 810, 10.15, 0x0000000000000001
2026/10/02 08:03:50.722, 81, 210, 810, 10.15, 0x0000000000000001
2026/10/02 08:03:50.845, 81, 210, 810, 10.15, 0x0000000000000001
2026/10/02 08:03:50.971, 81, 210, 810, 10.15, 0x0000000000000001
2026/10/02 08:03:51.093, 81, 210, 810, 10.16, 0x0000000000000001
2026/10/02 08:03:51.214, 81, 210, 810, 10.17, 0x0000000000000001
2026/10/02 08:03:51.339, 81, 210, 810, 10.17, 0x0000000000000001
2026/10/02 08:03:51.467, 81, 210, 810, 10.18, 0x0000000000000001
2026/10/02 08:03:51.598, 81, 210, 810, 10.19, 0x0000000000000001
2026/10/02 08:03:51.718, 81, 210, 810, 10.19, 0x0000000000000001
2026/10/02 08:03:51.841, 81, 210, 810, 10.19, 0x0000000000000001
2026/10/02 08:03:51.975, 81, 210, 810, 9.99, 0x0000000000000001
2026/10/02 08:03:52.125, 81, 210, 810, 9.66, 0x0000000000000001
2026/10/02 08:03:52.281, 81, 210, 810, 9.47, 0x0000000000000001
2026/10/02 08:03:52.414, 81, 435, 810, 9.44, 0x0000000000000001
2026/10/02 08:03:52.547, 81, 435, 810, 9.51, 0x0000000000000001
2026/10/02 08:03:52.673, 81, 435, 810, 9.44, 0x0000000000000001
2026/10/02 08:03:52.795, 81, 435, 810, 9.48, 0x0000000000000001
2026/10/02 08:03:52.922, 81, 435, 810, 9.47, 0x0000000000000001
2026/10/02 08:03:53.045, 81, 435, 810, 9.66, 0x0000000000000001
2026/10/02 08:03:53.170, 81, 435, 810, 9.82, 0x0000000000000001
2026/10/02 08:03:53.303, 81, 435, 810, 9.97, 0x0000000000000001
2026/10/02 08:03:53.434, 81, 435, 810, 10.12, 0x0000000000000001
2026/10/02 08:03:53.556, 81, 435, 810, 10.09, 0x0000000000000001
2026/10/02 08:03:53.687, 81, 435, 810, 10.13, 0x0000000000000001
2026/10/02 08:03:53.822, 81, 435, 810, 10.22, 0x0000000000000001
2026/10/02 08:03:53.952, 81, 435, 810, 10.26, 0x0000000000000001
2026/10/02 08:03:54.085, 81, 435, 810, 10.26, 0x0000000000000001
2026/10/02 08:03:54.230, 81, 435, 810, 9.85, 0x0000000000000001
2026/10/02 08:03:54.355, 81, 285, 405, 9.64, 0x0000000000000001
2026/10/02 08:03:54.500, 81, 285, 405, 9.43, 0x0000000000000001
2026/10/02 08:03:54.638, 81, 285, 405, 9.03, 0x0000000000000001
2026/10/02 08:03:54.801, 81, 285, 405, 8.64, 0x0000000000000001
2026/10/02 08:03:54.945, 81, 270, 405, 8.34, 0x0000000000000001
2026/10/02 08:03:55.068, 81, 270, 405, 8.09, 0x0000000000000001
2026/10/02 08:03:55.195, 81, 270, 405, 7.88, 0x0000000000000001
2026/10/02 08:03:55.361, 81, 495, 810, 8.18, 0x0000000000000001
2026/10/02 08:03:55.497, 81, 495, 810, 8.36, 0x0000000000000001
2026/10/02 08:03:55.620, 81, 495, 810, 8.75, 0x0000000000000001
2026/10/02 08:03:55.749, 81, 495, 810, 8.94, 0x0000000000000001
2026/10/02 08:03:55.876, 81, 495, 810, 9.12, 0x0000000000000001
2026/10/02 08:03:56.005, 81, 495, 810, 9.34, 0x0000000000000001
2026/10/02 08:03:56.133, 81, 495, 810, 9.73, 0x0000000000000001
2026/10/02 08:03:56.265, 81, 495, 810, 9.95, 0x0000000000000001
2026/10/02 08:03:56.401, 81, 495, 810, 10.15, 0x0000000000000001
2026/10/02 08:03:56.543, 81, 495, 810, 10.19, 0x0000000000000001
2026/10/02 08:03:56.671, 81, 495, 810, 10.19, 0x0000000000000001
2026/10/02 08:03:56.797, 81, 495, 810, 10.19, 0x0000000000000001
2026/10/02 08:03:56.922, 81, 495, 810, 10.19, 0x0000000000000001
2026/10/02 08:03:57.057, 81, 495, 810, 10.19, 0x0000000000000001
2026/10/02 08:03:57.206, 81, 495, 810, 9.87, 0x0000000000000001
2026/10/02 08:03:57.380, 81, 510, 810, 9.88, 0x0000000000000001
2026/10/02 08:03:57.523, 81, 510, 810, 10.20, 0x0000000000000001
2026/10/02 08:03:57.658, 81, 510, 810, 10.70, 0x0000000000000001
2026/10/02 08:03:57.781, 81, 1095, 6001, 11.18, 0x0000000000000001
2026/10/02 08:03:57.910, 81, 1095, 6001, 11.61, 0x0000000000000001
2026/10/02 08:03:58.037, 81, 1095, 6001, 12.13, 0x0000000000000001
2026/10/02 08:03:58.156, 82, 1095, 6001, 12.58, 0x0000000000000001
2026/10/02 08:03:58.277, 82, 1095, 7001, 12.94, 0x0000000000000001
2026/10/02 08:03:58.396, 82, 1095, 7001, 13.32, 0x0000000000000001
2026/10/02 08:03:58.517, 82, 1095, 7001, 13.45, 0x0000000000000001
2026/10/02 08:03:58.638, 81, 1095, 7001, 13.80, 0x0000000000000001
2026/10/02 08:03:58.763, 81, 1095, 8001, 14.06, 0x0000000000000001
2026/10/02 08:03:58.886, 81, 1095, 8001, 14.21, 0x0000000000000001
2026/10/02 08:03:59.007, 81, 1095, 8001, 14.31, 0x0000000000000001
2026/10/02 08:03:59.128, 82, 1095, 8001, 14.97, 0x0000000000000001
2026/10/02 08:03:59.256, 82, 1095, 8001, 15.17, 0x0000000000000001
2026/10/02 08:03:59.377, 82, 1095, 8001, 15.13, 0x0000000000000001
2026/10/02 08:03:59.500, 82, 1095, 8001, 15.03, 0x0000000000000001
2026/10/02 08:03:59.627, 82, 360, 6001, 14.79, 0x0000000000000001
2026/10/02 08:03:59.755, 82, 360, 6001, 14.52, 0x0000000000000001
2026/10/02 08:03:59.877, 82, 360, 6001, 13.98, 0x0000000000000001
2026/10/02 08:04:00.001, 82, 360, 6001, 13.71, 0x0000000000000001
2026/10/02 08:04:00.124, 82, 270, 6001, 13.42, 0x0000000000000001
2026/10/02 08:04:00.250, 82, 270, 6001, 13.14, 0x0000000000000001
2026/10/02 08:04:00.385, 82, 270, 6001, 12.82, 0x0000000000000001
2026/10/02 08:04:00.516, 82, 270, 6001, 12.78, 0x0000000000000001
2026/10/02 08:04:00.639, 81, 225, 6001, 12.73, 0x0000000000000001
2026/10/02 08:04:00.761, 81, 225, 6001, 12.46, 0x0000000000000001
2026/10/02 08:04:00.881, 81, 225, 6001, 12.00, 0x0000000000000001
2026/10/02 08:04:01.001, 81, 225, 6001, 11.75, 0x0000000000000001
2026/10/02 08:04:01.132, 81, 210, 810, 11.49, 0x0000000000000001
2026/10/02 08:04:01.256, 81, 210, 810, 11.23, 0x0000000000000001
2026/10/02 08:04:01.383, 81, 210, 810, 10.74, 0x0000000000000001
2026/10/02 08:04:01.509, 81, 210, 810, 10.51, 0x0000000000000001
2026/10/02 08:04:01.629, 81, 210, 810, 10.27, 0x0000000000000001
2026/10/02 08:04:01.750, 81, 210, 810, 10.04, 0x0000000000000001
2026/10/02 08:04:01.874, 81, 210, 810, 10.01, 0x0000000000000001
2026/10/02 08:04:02.004, 81, 210, 810, 10.07, 0x0000000000000001
2026/10/02 08:04:02.126, 81, 210, 810, 10.09, 0x0000000000000001
2026/10/02 08:04:02.264, 81, 210, 810, 10.09, 0x0000000000000001
2026/10/02 08:04:02.385, 81, 210, 810, 10.11, 0x0000000000000001
2026/10/02 08:04:02.506, 81, 210, 810, 10.10, 0x0000000000000001
2026/10/02 08:04:02.628, 81, 210, 810, 10.10, 0x0000000000000001
2026/10/02 08:04:02.761, 81, 210, 810, 10.14, 0x0000000000000001
2026/10/02 08:04:02.883, 81, 210, 810, 10.18, 0x0000000000000001
2026/10/02 08:04:03.010, 81, 210, 810, 10.18, 0x0000000000000001
2026/10/02 08:04:03.155, 81, 210, 810, 10.20, 0x0000000000000001
2026/10/02 08:04:03.282, 81, 210, 810, 10.24, 0x0000000000000001
2026/10/02 08:04:03.410, 81, 210, 810, 10.23, 0x0000000000000001
2026/10/02 08:04:03.531, 81, 210, 810, 10.22, 0x0000000000000001
2026/10/02 08:04:03.652, 81, 210, 810, 10.21, 0x0000000000000001
2026/10/02 08:04:03.775, 81, 210, 810, 10.19, 0x0000000000000001
2026/10/02 08:04:03.901, 81, 210, 810, 10.14, 0x0000000000000001
2026/10/02 08:04:04.023, 81, 210, 810, 10.09, 0x0000000000000001
2026/10/02 08:04:04.144, 81, 210, 810, 10.04, 0x0000000000000001
2026/10/02 08:04:04.265, 81, 210, 810, 10.00, 0x0000000000000001
2026/10/02 08:04:04.391, 81, 210, 810, 9.72, 0x0000000000000001
2026/10/02 08:04:04.526, 81, 210, 810, 10.21, 0x0000000000000001
2026/10/02 08:04:04.656, 82, 1890, 8001, 11.27, 0x0000000000000001
2026/10/02 08:04:04.774, 82, 1890, 8001, 12.31, 0x0000000000000001
2026/10/02 08:04:04.897, 82, 1890, 8001, 14.40, 0x0000000000000001
2026/10/02 08:04:05.015, 82, 1890, 8001, 15.38, 0x0000000000000001
2026/10/02 08:04:05.137, 83, 1890, 8001, 16.36, 0x0000000000000001
2026/10/02 08:04:05.257, 83, 1890, 8001, 17.34, 0x0000000000000001
2026/10/02 08:04:05.379, 83, 1890, 8001, 19.50, 0x0000000000000001
2026/10/02 08:04:05.506, 83, 1890, 8001, 20.98, 0x0000000000000001
2026/10/02 08:04:05.637, 83, 1890, 8001, 20.94, 0x0000000000000001
2026/10/02 08:04:05.755, 83, 1890, 8001, 20.87, 0x0000000000000001
2026/10/02 08:04:05.872, 83, 1890, 8001, 20.81, 0x0000000000000001
2026/10/02 08:04:05.996, 83, 1890, 8001, 20.68, 0x0000000000000001
2026/10/02 08:04:06.117, 83, 1890, 8001, 20.70, 0x0000000000000001
2026/10/02 08:04:06.239, 83, 1890, 8001, 20.73, 0x0000000000000001
2026/10/02 08:04:06.360, 83, 1890, 8001, 20.76, 0x0000000000000001
2026/10/02 08:04:06.483, 83, 1890, 8001, 20.79, 0x0000000000000001
2026/10/02 08:04:06.616, 83, 1890, 8001, 20.80, 0x0000000000000001
2026/10/02 08:04:06.733, 83, 1890, 8001, 20.78, 0x0000000000000001
2026/10/02 08:04:06.858, 83, 1890, 8001, 20.72, 0x0000000000000001
2026/10/02 08:04:06.982, 83, 1890, 8001, 20.67, 0x0000000000000001
2026/10/02 08:04:07.114, 83, 1890, 8001, 20.69, 0x0000000000000001
2026/10/02 08:04:07.234, 83, 1890, 8001, 20.67, 0x0000000000000001
2026/10/02 08:04:07.356, 83, 1890, 8001, 20.65, 0x0000000000000001
2026/10/02 08:04:07.475, 83, 1890, 8001, 20.63, 0x0000000000000001
2026/10/02 08:04:07.597, 83, 1890, 8001, 20.63, 0x0000000000000001
2026/10/02 08:04:07.721, 83, 1890, 8001, 20.63, 0x0000000000000001
2026/10/02 08:04:07.844, 83, 1890, 8001, 20.65, 0x0000000000000001
2026/10/02 08:04:07.969, 83, 1890, 8001, 20.74, 0x0000000000000001
2026/10/02 08:04:08.093, 83, 1890, 8001, 20.26, 0x0000000000000001
2026/10/02 08:04:08.214, 83, 480, 6001, 19.65, 0x0000000000000001
2026/10/02 08:04:08.340, 83, 480, 6001, 18.99, 0x0000000000000001
2026/10/02 08:04:08.472, 83, 480, 6001, 18.24, 0x0000000000000001
2026/10/02 08:04:08.595, 83, 480, 6001, 16.79, 0x0000000000000001
2026/10/02 08:04:08.714, 83, 390, 6001, 16.07, 0x0000000000000001
2026/10/02 08:04:08.833, 83, 390, 6001, 15.31, 0x0000000000000001
2026/10/02 08:04:08.959, 83, 390, 6001, 14.55, 0x0000000000000001
2026/10/02 08:04:09.086, 82, 390, 6001, 12.83, 0x0000000000000001
2026/10/02 08:04:09.216, 82, 315, 810, 12.41, 0x0000000000000001
2026/10/02 08:04:09.340, 82, 315, 810, 12.02, 0x0000000000000001
2026/10/02 08:04:09.467, 82, 315, 810, 11.74, 0x0000000000000001
2026/10/02 08:04:09.589, 82, 315, 810, 11.36, 0x0000000000000001
2026/10/02 08:04:09.710, 82, 270, 810, 11.08, 0x0000000000000001
2026/10/02 08:04:09.831, 82, 270, 810, 10.80, 0x0000000000000001
2026/10/02 08:04:09.955, 82, 270, 810, 10.57, 0x0000000000000001
2026/10/02 08:04:10.078, 82, 270, 810, 10.33, 0x0000000000000001
2026/10/02 08:04:10.200, 82, 225, 810, 10.00, 0x0000000000000001
2026/10/02 08:04:10.323, 82, 225, 810, 9.98, 0x0000000000000001
2026/10/02 08:04:10.452, 82, 225, 810, 9.97, 0x0000000000000001
2026/10/02 08:04:10.575, 81, 225, 810, 9.91, 0x0000000000000001
2026/10/02 08:04:10.700, 81, 210, 810, 9.77, 0x0000000000000001
2026/10/02 08:04:10.820, 81, 210, 810, 9.78, 0x0000000000000001
2026/10/02 08:04:10.941, 81, 210, 810, 9.79, 0x0000000000000001
2026/10/02 08:04:11.061, 81, 210, 810, 9.80, 0x0000000000000001
2026/10/02 08:04:11.187, 81, 210, 810, 10.61, 0x0000000000000001
2026/10/02 08:04:11.325, 81, 210, 810, 11.98, 0x0000000000000001
2026/10/02 08:04:11.450, 81, 210, 810, 13.30, 0x0000000000000001
2026/10/02 08:04:11.574, 81, 210, 810, 14.45, 0x0000000000000001
2026/10/02 08:04:11.702, 81, 1890, 8001, 16.43, 0x0000000000000001
2026/10/02 08:04:11.819, 81, 1890, 8001, 17.39, 0x0000000000000001
2026/10/02 08:04:11.945, 81, 1890, 8001, 18.39, 0x0000000000000001
2026/10/02 08:04:12.064, 83, 1890, 8001, 19.45, 0x0000000000000001
2026/10/02 08:04:12.185, 83, 1890, 8001, 21.54, 0x0000000000000001
2026/10/02 08:04:12.317, 83, 1890, 8001, 21.79, 0x0000000000000001
2026/10/02 08:04:12.435, 83, 1890, 8001, 21.53, 0x0000000000000001
2026/10/02 08:04:12.555, 83, 1890, 8001, 21.28, 0x0000000000000001
2026/10/02 08:04:12.677, 83, 1890, 8001, 21.20, 0x0000000000000001
2026/10/02 08:04:12.797, 83, 1890, 8001, 21.36, 0x0000000000000001
2026/10/02 08:04:12.925, 83, 1890, 8001, 21.50, 0x0000000000000001
2026/10/02 08:04:13.048, 83, 1890, 8001, 21.58, 0x0000000000000001
2026/10/02 08:04:13.172, 83, 1890, 8001, 21.56, 0x0000000000000001
2026/10/02 08:04:13.294, 83, 1890, 8001, 21.46, 0x0000000000000001
2026/10/02 08:04:13.414, 83, 1890, 8001, 21.35, 0x0000000000000001
2026/10/02 08:04:13.536, 83, 1890, 8001, 21.26, 0x0000000000000001
2026/10/02 08:04:13.658, 83, 1890, 8001, 21.18, 0x0000000000000001
2026/10/02 08:04:13.780, 83, 1890, 8001, 21.00, 0x0000000000000001
2026/10/02 08:04:13.905, 83, 1890, 8001, 20.93, 0x0000000000000001
2026/10/02 08:04:14.025, 83, 1890, 8001, 20.84, 0x0000000000000001
2026/10/02 08:04:14.145, 83, 1890, 8001, 20.71, 0x0000000000000001
2026/10/02 08:04:14.271, 83, 1890, 8001, 20.59, 0x0000000000000001
2026/10/02 08:04:14.395, 83, 1890, 8001, 20.51, 0x0000000000000001
2026/10/02 08:04:14.513, 83, 1890, 8001, 20.48, 0x0000000000000001
2026/10/02 08:04:14.640, 83, 1890, 8001, 20.48, 0x0000000000000001
2026/10/02 08:04:14.759, 83, 1890, 8001, 20.47, 0x0000000000000001
2026/10/02 08:04:14.883, 83, 1890, 8001, 20.42, 0x0000000000000001
2026/10/02 08:04:15.003, 83, 1890, 8001, 20.40, 0x0000000000000001
2026/10/02 08:04:15.135, 83, 540, 810, 19.66, 0x0000000000000001
2026/10/02 08:04:15.265, 83, 540, 810, 18.76, 0x0000000000000001
2026/10/02 08:04:15.396, 83, 540, 810, 16.94, 0x0000000000000001
2026/10/02 08:04:15.519, 83, 540, 810, 16.05, 0x0000000000000001
2026/10/02 08:04:15.649, 83, 405, 810, 15.13, 0x0000000000000001
2026/10/02 08:04:15.773, 83, 405, 810, 14.20, 0x0000000000000001
2026/10/02 08:04:15.896, 83, 405, 810, 12.29, 0x0000000000000001
2026/10/02 08:04:16.025, 82, 405, 810, 11.35, 0x0000000000000001
2026/10/02 08:04:16.153, 82, 345, 810, 10.40, 0x0000000000000001
2026/10/02 08:04:16.280, 82, 345, 810, 10.15, 0x0000000000000001
2026/10/02 08:04:16.406, 82, 345, 810, 10.08, 0x0000000000000001
2026/10/02 08:04:16.532, 82, 345, 810, 10.05, 0x0000000000000001
2026/10/02 08:04:16.652, 82, 270, 810, 9.98, 0x0000000000000001
2026/10/02 08:04:16.772, 82, 270, 810, 9.98, 0x0000000000000001
2026/10/02 08:04:16.901, 82, 270, 810, 9.93, 0x0000000000000001
2026/10/02 08:04:17.023, 82, 270, 810, 9.92, 0x0000000000000001
2026/10/02 08:04:17.152, 82, 225, 810, 9.91, 0x0000000000000001
2026/10/02 08:04:17.276, 82, 225, 810, 9.90, 0x0000000000000001
2026/10/02 08:04:17.397, 82, 225, 810, 9.87, 0x0000000000000001
2026/10/02 08:04:17.533, 82, 225, 810, 9.88, 0x0000000000000001
2026/10/02 08:04:17.657, 82, 210, 810, 9.87, 0x0000000000000001
2026/10/02 08:04:17.777, 82, 210, 810, 9.87, 0x0000000000000001
2026/10/02 08:04:17.900, 82, 210, 810, 9.86, 0x0000000000000001
2026/10/02 08:04:18.027, 82, 210, 810, 9.87, 0x0000000000000001
2026/10/02 08:04:18.152, 82, 210, 405, 9.66, 0x0000000000000001
2026/10/02 08:04:18.290, 82, 210, 405, 9.20, 0x0000000000000001
2026/10/02 08:04:18.427, 82, 210, 405, 8.98, 0x0000000000000001
2026/10/02 08:04:18.551, 81, 210, 405, 8.76, 0x0000000000000001
2026/10/02 08:04:18.678, 81, 210, 405, 8.53, 0x0000000000000001
2026/10/02 08:04:18.806, 81, 210, 405, 8.08, 0x0000000000000001
2026/10/02 08:04:18.936, 81, 210, 405, 7.86, 0x0000000000000001
2026/10/02 08:04:19.068, 81, 210, 405, 7.63, 0x0000000000000001
2026/10/02 08:04:19.196, 81, 210, 405, 7.38, 0x0000000000000001
2026/10/02 08:04:19.320, 81, 210, 405, 7.38, 0x0000000000000001
2026/10/02 08:04:19.452, 81, 210, 405, 7.39, 0x0000000000000001
2026/10/02 08:04:19.576, 81, 210, 405, 7.39, 0x0000000000000001
2026/10/02 08:04:19.708, 81, 210, 405, 7.39, 0x0000000000000001
2026/10/02 08:04:19.850, 81, 210, 405, 7.39, 0x0000000000000001
2026/10/02 08:04:19.977, 81, 210, 405, 7.40, 0x0000000000000001
2026/10/02 08:04:20.104, 81, 210, 405, 7.40, 0x0000000000000001
2026/10/02 08:04:20.227, 81, 210, 405, 7.40, 0x0000000000000001
2026/10/02 08:04:20.354, 81, 210, 405, 7.40, 0x0000000000000001
2026/10/02 08:04:20.477, 81, 210, 405, 7.40, 0x0000000000000001
2026/10/02 08:04:20.603, 81, 210, 405, 7.39, 0x0000000000000001
2026/10/02 08:04:20.729, 81, 210, 405, 7.39, 0x0000000000000001
2026/10/02 08:04:20.855, 81, 210, 405, 7.39, 0x0000000000000001
2026/10/02 08:04:20.980, 81, 210, 405, 7.39, 0x0000000000000001
2026/10/02 08:04:21.116, 81, 210, 405, 7.39, 0x0000000000000001
2026/10/02 08:04:21.246, 81, 210, 405, 7.39, 0x0000000000000001
2026/10/02 08:04:21.371, 81, 210, 405, 7.40, 0x0000000000000001
2026/10/02 08:04:21.495, 81, 210, 405, 7.37, 0x0000000000000001
2026/10/02 08:04:21.619, 81, 210, 405, 7.35, 0x0000000000000001
2026/10/02 08:04:21.754, 81, 210, 405, 7.36, 0x0000000000000001
2026/10/02 08:04:21.878, 81, 210, 405, 7.35, 0x0000000000000001
2026/10/02 08:04:22.003, 81, 210, 405, 7.33, 0x0000000000000001
2026/10/02 08:04:22.132, 81, 210, 405, 7.33, 0x0000000000000001
2026/10/02 08:04:22.264, 81, 210, 405, 7.32, 0x0000000000000001
2026/10/02 08:04:22.389, 81, 210, 405, 7.31, 0x0000000000000001
2026/10/02 08:04:22.517, 81, 210, 405, 7.33, 0x0000000000000001
2026/10/02 08:04:22.646, 81, 210, 405, 7.35, 0x0000000000000001
2026/10/02 08:04:22.780, 81, 210, 405, 7.36, 0x0000000000000001
2026/10/02 08:04:22.916, 81, 210, 405, 7.38, 0x0000000000000001
2026/10/02 08:04:23.048, 81, 210, 405, 7.39, 0x0000000000000001
2026/10/02 08:04:23.172, 81, 210, 405, 7.39, 0x0000000000000001
2026/10/02 08:04:23.298, 81, 210, 405, 7.40, 0x0000000000000001
2026/10/02 08:04:23.432, 81, 210, 405, 7.40, 0x0000000000000001
2026/10/02 08:04:23.560, 81, 210, 405, 7.40, 0x0000000000000001
2026/10/02 08:04:23.684, 81, 210, 405, 7.39, 0x0000000000000001
2026/10/02 08:04:23.818, 81, 210, 405, 7.38, 0x0000000000000001
2026/10/02 08:04:23.945, 81, 210, 405, 7.38, 0x0000000000000001
2026/10/02 08:04:24.074, 81, 210, 405, 7.38, 0x0000000000000001
2026/10/02 08:04:24.198, 81, 210, 405, 7.38, 0x0000000000000001
2026/10/02 08:04:24.323, 81, 210, 405, 7.37, 0x0000000000000001
2026/10/02 08:04:24.453, 81, 210, 405, 7.38, 0x0000000000000001
2026/10/02 08:04:24.576, 81, 210, 405, 7.37, 0x0000000000000001
2026/10/02 08:04:24.701, 81, 210, 405, 7.37, 0x0000000000000001
2026/10/02 08:04:24.833, 81, 210, 405, 7.37, 0x0000000000000001
2026/10/02 08:04:24.966, 81, 210, 405, 7.38, 0x0000000000000001
2026/10/02 08:04:25.090, 81, 210, 405, 7.39, 0x0000000000000001
2026/10/02 08:04:25.221, 81, 210, 405, 7.40, 0x0000000000000001
2026/10/02 08:04:25.347, 81, 210, 405, 7.40, 0x0000000000000001
2026/10/02 08:04:25.482, 81, 210, 405, 7.41, 0x0000000000000001
2026/10/02 08:04:25.608, 81, 210, 405, 7.41, 0x0000000000000001
2026/10/02 08:04:25.731, 81, 210, 405, 7.41, 0x0000000000000001
2026/10/02 08:04:25.856, 81, 210, 405, 7.41, 0x0000000000000001
2026/10/02 08:04:25.984, 81, 210, 405, 7.41, 0x0000000000000001
2026/10/02 08:04:26.117, 81, 210, 405, 7.41, 0x0000000000000001
2026/10/02 08:04:26.250, 81, 210, 405, 7.41, 0x0000000000000001
2026/10/02 08:04:26.373, 81, 210, 405, 7.42, 0x0000000000000001
2026/10/02 08:04:26.503, 81, 210, 405, 7.41, 0x0000000000000001
2026/10/02 08:04:26.627, 81, 210, 405, 7.41, 0x0000000000000001
2026/10/02 08:04:26.751, 81, 210, 405, 7.41, 0x0000000000000001
2026/10/02 08:04:26.875, 81, 210, 405, 7.41, 0x0000000000000001
2026/10/02 08:04:27.000, 81, 210, 405, 7.41, 0x0000000000000001
2026/10/02 08:04:27.134, 81, 210, 405, 7.41, 0x0000000000000001
2026/10/02 08:04:27.276, 81, 210, 405, 7.41, 0x0000000000000001
2026/10/02 08:04:27.408, 81, 210, 405, 7.40, 0x0000000000000001
2026/10/02 08:04:27.539, 81, 210, 405, 7.39, 0x0000000000000001
2026/10/02 08:04:27.669, 81, 210, 405, 7.38, 0x0000000000000001
2026/10/02 08:04:27.797, 81, 210, 405, 7.35, 0x0000000000000001
2026/10/02 08:04:27.927, 81, 210, 405, 7.34, 0x0000000000000001
2026/10/02 08:04:28.051, 81, 210, 405, 7.33, 0x0000000000000001
2026/10/02 08:04:28.187, 81, 210, 405, 7.32, 0x0000000000000001
2026/10/02 08:04:28.316, 81, 210, 405, 7.32, 0x0000000000000001
2026/10/02 08:04:28.440, 81, 210, 405, 7.31, 0x0000000000000001
2026/10/02 08:04:28.564, 81, 210, 405, 7.32, 0x0000000000000001
2026/10/02 08:04:28.689, 81, 210, 405, 7.34, 0x0000000000000001
2026/10/02 08:04:28.823, 81, 210, 405, 7.35, 0x0000000000000001
2026/10/02 08:04:28.947, 81, 210, 405, 7.36, 0x0000000000000001
2026/10/02 08:04:29.082, 81, 210, 405, 7.37, 0x0000000000000001
2026/10/02 08:04:29.208, 81, 210, 405, 7.38, 0x0000000000000001
2026/10/02 08:04:29.336, 81, 210, 405, 7.38, 0x0000000000000001
2026/10/02 08:04:29.475, 81, 210, 405, 7.38, 0x0000000000000001
2026/10/02 08:04:29.610, 81, 210, 405, 7.36, 0x0000000000000001
2026/10/02 08:04:29.738, 81, 210, 405, 7.33, 0x0000000000000001
2026/10/02 08:04:29.863, 81, 210, 405, 7.30, 0x0000000000000001
2026/10/02 08:04:29.988, 81, 210, 405, 7.24, 0x0000000000000001
2026/10/02 08:04:30.121, 81, 210, 405, 7.26, 0x0000000000000001
2026/10/02 08:04:30.248, 81, 210, 405, 7.24, 0x0000000000000001
2026/10/02 08:04:30.373, 81, 210, 405, 7.23, 0x0000000000000001
2026/10/02 08:04:30.497, 81, 210, 405, 7.20, 0x0000000000000001
2026/10/02 08:04:30.621, 81, 210, 405, 7.19, 0x0000000000000001
2026/10/02 08:04:30.754, 81, 210, 405, 7.16, 0x0000000000000001
2026/10/02 08:04:30.881, 81, 210, 405, 7.19, 0x0000000000000001
2026/10/02 08:04:31.051, 81, 210, 405, 7.69, 0x0000000000000001
2026/10/02 08:04:31.178, 81, 1890, 8001, 9.25, 0x0000000000000001
2026/10/02 08:04:31.298, 81, 1890, 8001, 12.32, 0x0000000000000001
2026/10/02 08:04:31.417, 82, 1890, 8001, 13.85, 0x0000000000000001
2026/10/02 08:04:31.536, 82, 1890, 8001, 15.39, 0x0000000000000001
2026/10/02 08:04:31.656, 82, 1890, 8001, 16.85, 0x0000000000000001
2026/10/02 08:04:31.780, 82, 1890, 8001, 18.29, 0x0000000000000001
2026/10/02 08:04:31.903, 83, 1890, 8001, 20.74, 0x0000000000000001
2026/10/02 08:04:32.023, 83, 1890, 8001, 22.08, 0x0000000000000001
2026/10/02 08:04:32.142, 83, 1890, 8001, 22.93, 0x0000000000000001
2026/10/02 08:04:32.259, 83, 1890, 8001, 22.69, 0x0000000000000001
2026/10/02 08:04:32.376, 83, 1890, 8001, 22.39, 0x0000000000000001
2026/10/02 08:04:32.500, 83, 1890, 8001, 22.01, 0x0000000000000001
2026/10/02 08:04:32.622, 83, 1890, 8001, 21.66, 0x0000000000000001
2026/10/02 08:04:32.739, 83, 1890, 8001, 21.35, 0x0000000000000001
2026/10/02 08:04:32.860, 83, 1890, 8001, 21.16, 0x0000000000000001
2026/10/02 08:04:32.979, 83, 1890, 8001, 21.04, 0x0000000000000001
2026/10/02 08:04:33.102, 83, 1890, 8001, 20.79, 0x0000000000000001
2026/10/02 08:04:33.222, 83, 1890, 8001, 20.57, 0x0000000000000001
2026/10/02 08:04:33.341, 83, 1890, 8001, 20.39, 0x0000000000000001
2026/10/02 08:04:33.464, 83, 1890, 8001, 20.23, 0x0000000000000001
2026/10/02 08:04:33.582, 83, 1890, 8001, 19.93, 0x0000000000000001
2026/10/02 08:04:33.706, 83, 1890, 8001, 20.09, 0x0000000000000001
2026/10/02 08:04:33.824, 83, 1890, 8001, 20.14, 0x0000000000000001
2026/10/02 08:04:33.939, 83, 1890, 8001, 20.19, 0x0000000000000001
2026/10/02 08:04:34.060, 83, 1890, 8001, 20.26, 0x0000000000000001
2026/10/02 08:04:34.181, 83, 630, 6001, 19.94, 0x0000000000000001
2026/10/02 08:04:34.306, 82, 630, 6001, 18.50, 0x0000000000000001
2026/10/02 08:04:34.435, 82, 630, 6001, 17.76, 0x0000000000000001
2026/10/02 08:04:34.565, 82, 630, 6001, 17.03, 0x0000000000000001
2026/10/02 08:04:34.697, 82, 810, 810, 15.58, 0x0000000000000001
2026/10/02 08:04:34.829, 82, 810, 810, 14.65, 0x0000000000000001
2026/10/02 08:04:34.961, 82, 810, 810, 13.35, 0x0000000000000001
2026/10/02 08:04:35.085, 82, 810, 810, 12.46, 0x0000000000000001
2026/10/02 08:04:35.222, 82, 1170, 6001, 12.58, 0x0000000000000001
2026/10/02 08:04:35.341, 82, 1170, 6001, 12.74, 0x0000000000000001
2026/10/02 08:04:35.462, 82, 1170, 6001, 12.75, 0x0000000000000001
2026/10/02 08:04:35.580, 82, 1170, 6001, 12.89, 0x0000000000000001
2026/10/02 08:04:35.703, 82, 1170, 7001, 13.17, 0x0000000000000001
2026/10/02 08:04:35.820, 82, 1170, 7001, 13.31, 0x0000000000000001
2026/10/02 08:04:35.940, 82, 1170, 7001, 13.48, 0x0000000000000001
2026/10/02 08:04:36.062, 82, 1170, 7001, 13.55, 0x0000000000000001
2026/10/02 08:04:36.179, 82, 1170, 8001, 13.68, 0x0000000000000001
2026/10/02 08:04:36.302, 82, 1170, 8001, 14.25, 0x0000000000000001
2026/10/02 08:04:36.423, 82, 1170, 8001, 14.53, 0x0000000000000001
2026/10/02 08:04:36.541, 82, 1170, 8001, 14.79, 0x0000000000000001
2026/10/02 08:04:36.662, 82, 1170, 8001, 15.05, 0x0000000000000001
2026/10/02 08:04:36.781, 82, 420, 810, 14.50, 0x0000000000000001
2026/10/02 08:04:36.926, 82, 420, 810, 14.26, 0x0000000000000001
2026/10/02 08:04:37.052, 82, 420, 810, 13.93, 0x0000000000000001
2026/10/02 08:04:37.176, 82, 420, 810, 13.57, 0x0000000000000001
2026/10/02 08:04:37.302, 82, 375, 810, 12.41, 0x0000000000000001
2026/10/02 08:04:37.426, 82, 375, 810, 11.38, 0x0000000000000001
2026/10/02 08:04:37.551, 82, 375, 810, 10.79, 0x0000000000000001
2026/10/02 08:04:37.671, 82, 375, 810, 10.70, 0x0000000000000001
2026/10/02 08:04:37.792, 81, 300, 810, 10.05, 0x0000000000000001
2026/10/02 08:04:37.935, 81, 300, 810, 10.03, 0x0000000000000001
2026/10/02 08:04:38.055, 81, 300, 810, 9.93, 0x0000000000000001
2026/10/02 08:04:38.181, 81, 300, 810, 9.86, 0x0000000000000001
2026/10/02 08:04:38.311, 81, 255, 810, 9.83, 0x0000000000000001
2026/10/02 08:04:38.432, 81, 255, 810, 9.81, 0x0000000000000001
2026/10/02 08:04:38.560, 81, 255, 810, 9.80, 0x0000000000000001
2026/10/02 08:04:38.679, 81, 255, 810, 9.79, 0x0000000000000001
2026/10/02 08:04:38.802, 81, 210, 810, 9.78, 0x0000000000000001
2026/10/02 08:04:38.933, 81, 210, 810, 9.77, 0x0000000000000001
2026/10/02 08:04:39.053, 81, 210, 810, 9.80, 0x0000000000000001
2026/10/02 08:04:39.188, 81, 210, 810, 10.00, 0x0000000000000001
2026/10/02 08:04:39.318, 81, 225, 810, 10.00, 0x0000000000000001
2026/10/02 08:04:39.442, 81, 225, 810, 10.02, 0x0000000000000001
2026/10/02 08:04:39.567, 81, 225, 810, 10.07, 0x0000000000000001
2026/10/02 08:04:39.687, 81, 225, 810, 9.87, 0x0000000000000001
2026/10/02 08:04:39.812, 81, 225, 405, 9.63, 0x0000000000000001
2026/10/02 08:04:39.938, 81, 225, 405, 9.44, 0x0000000000000001
2026/10/02 08:04:40.061, 81, 225, 405, 9.21, 0x0000000000000001
2026/10/02 08:04:40.190, 81, 225, 405, 8.64, 0x0000000000000001
2026/10/02 08:04:40.314, 81, 225, 405, 8.33, 0x0000000000000001
2026/10/02 08:04:40.441, 81, 225, 405, 8.11, 0x0000000000000001
2026/10/02 08:04:40.578, 81, 225, 405, 7.85, 0x0000000000000001
2026/10/02 08:04:40.745, 81, 225, 405, 7.48, 0x0000000000000001
2026/10/02 08:04:40.930, 81, 225, 405, 8.45, 0x0000000000000001
2026/10/02 08:04:41.054, 81, 225, 405, 9.81, 0x0000000000000001
2026/10/02 08:04:41.174, 81, 225, 405, 11.06, 0x0000000000000001
2026/10/02 08:04:41.294, 81, 1890, 8001, 13.50, 0x0000000000000001
2026/10/02 08:04:41.413, 82, 1890, 8001, 14.69, 0x0000000000000001
2026/10/02 08:04:41.535, 82, 1890, 8001, 15.84, 0x0000000000000001
2026/10/02 08:04:41.652, 82, 1890, 8001, 16.97, 0x0000000000000001
2026/10/02 08:04:41.771, 82, 1890, 8001, 18.12, 0x0000000000000001
2026/10/02 08:04:41.897, 83, 1890, 8001, 20.26, 0x0000000000000001
2026/10/02 08:04:42.014, 83, 1890, 8001, 20.58, 0x0000000000000001
2026/10/02 08:04:42.132, 83, 1890, 8001, 20.49, 0x0000000000000001
2026/10/02 08:04:42.257, 83, 1890, 8001, 20.46, 0x0000000000000001
2026/10/02 08:04:42.373, 83, 1890, 8001, 20.44, 0x0000000000000001
2026/10/02 08:04:42.499, 83, 1890, 8001, 20.50, 0x0000000000000001
2026/10/02 08:04:42.617, 83, 1890, 8001, 20.57, 0x0000000000000001
2026/10/02 08:04:42.736, 83, 555, 6001, 20.05, 0x0000000000000001
2026/10/02 08:04:42.863, 82, 555, 6001, 19.43, 0x0000000000000001
2026/10/02 08:04:42.982, 82, 555, 6001, 18.08, 0x0000000000000001
2026/10/02 08:04:43.108, 82, 555, 6001, 17.37, 0x0000000000000001
2026/10/02 08:04:43.239, 82, 420, 6001, 16.60, 0x0000000000000001
2026/10/02 08:04:43.363, 82, 420, 6001, 15.37, 0x0000000000000001
2026/10/02 08:04:43.499, 82, 420, 6001, 13.76, 0x0000000000000001
2026/10/02 08:04:43.632, 82, 420, 6001, 13.65, 0x0000000000000001
2026/10/02 08:04:43.754, 82, 375, 6001, 12.86, 0x0000000000000001
2026/10/02 08:04:43.876, 82, 375, 6001, 12.70, 0x0000000000000001
2026/10/02 08:04:43.999, 82, 375, 6001, 12.11, 0x0000000000000001
2026/10/02 08:04:44.122, 82, 375, 6001, 11.80, 0x0000000000000001
2026/10/02 08:04:44.249, 82, 315, 810, 11.42, 0x0000000000000001
2026/10/02 08:04:44.390, 81, 315, 810, 11.10, 0x0000000000000001
2026/10/02 08:04:44.532, 81, 315, 810, 10.85, 0x0000000000000001
2026/10/02 08:04:44.661, 81, 315, 810, 10.46, 0x0000000000000001
2026/10/02 08:04:44.783, 81, 285, 810, 10.06, 0x0000000000000001
2026/10/02 08:04:44.916, 81, 285, 810, 10.10, 0x0000000000000001
2026/10/02 08:04:45.041, 81, 285, 810, 10.18, 0x0000000000000001
2026/10/02 08:04:45.165, 81, 285, 810, 10.19, 0x0000000000000001
2026/10/02 08:04:45.294, 81, 270, 810, 10.28, 0x0000000000000001
2026/10/02 08:04:45.433, 81, 270, 810, 10.27, 0x0000000000000001
2026/10/02 08:04:45.570, 81, 270, 810, 10.28, 0x0000000000000001
2026/10/02 08:04:45.693, 81, 270, 810, 10.26, 0x0000000000000001
2026/10/02 08:04:45.819, 81, 240, 810, 10.28, 0x0000000000000001
2026/10/02 08:04:45.943, 81, 240, 810, 10.26, 0x0000000000000001
2026/10/02 08:04:46.064, 81, 240, 810, 10.24, 0x0000000000000001
2026/10/02 08:04:46.190, 81, 240, 810, 10.06, 0x0000000000000001
2026/10/02 08:04:46.317, 81, 210, 810, 9.97, 0x0000000000000001
2026/10/02 08:04:46.438, 81, 210, 810, 9.90, 0x0000000000000001
2026/10/02 08:04:46.566, 81, 210, 810, 9.84, 0x0000000000000001
2026/10/02 08:04:46.686, 81, 210, 810, 9.74, 0x0000000000000001
2026/10/02 08:04:46.819, 81, 210, 810, 9.73, 0x0000000000000001
2026/10/02 08:04:46.945, 81, 210, 810, 9.42, 0x0000000000000001
2026/10/02 08:04:47.088, 81, 210, 810, 8.94, 0x0000000000000001
2026/10/02 08:04:47.217, 81, 210, 405, 8.77, 0x0000000000000001
2026/10/02 08:04:47.342, 81, 210, 405, 8.60, 0x0000000000000001
2026/10/02 08:04:47.481, 81, 210, 405, 8.23, 0x0000000000000001
2026/10/02 08:04:47.613, 81, 210, 405, 8.02, 0x0000000000000001
2026/10/02 08:04:47.736, 81, 210, 405, 7.65, 0x0000000000000001
2026/10/02 08:04:47.869, 81, 210, 405, 7.40, 0x0000000000000001
2026/10/02 08:04:47.999, 81, 210, 405, 7.46, 0x0000000000000001
2026/10/02 08:04:48.134, 81, 210, 405, 7.46, 0x0000000000000001
2026/10/02 08:04:48.262, 81, 210, 405, 7.47, 0x0000000000000001
2026/10/02 08:04:48.395, 81, 210, 405, 7.49, 0x0000000000000001
2026/10/02 08:04:48.525, 81, 210, 405, 7.47, 0x0000000000000001
2026/10/02 08:04:48.655, 81, 210, 405, 7.47, 0x0000000000000001
2026/10/02 08:04:48.783, 81, 210, 405, 7.47, 0x0000000000000001
2026/10/02 08:04:48.912, 81, 210, 405, 7.45, 0x0000000000000001
2026/10/02 08:04:49.049, 81, 210, 405, 7.53, 0x0000000000000001
2026/10/02 08:04:49.269, 81, 210, 405, 7.72, 0x0000000000000001
2026/10/02 08:04:49.427, 81, 210, 405, 9.46, 0x0000000000000001
2026/10/02 08:04:49.552, 81, 210, 405, 10.64, 0x0000000000000001
2026/10/02 08:04:49.680, 81, 210, 405, 11.74, 0x0000000000000001
2026/10/02 08:04:49.801, 81, 1575, 8001, 12.82, 0x0000000000000001
2026/10/02 08:04:49.934, 81, 1575, 8001, 14.80, 0x0000000000000001
2026/10/02 08:04:50.062, 82, 1575, 8001, 15.74, 0x0000000000000001
2026/10/02 08:04:50.188, 82, 1575, 8001, 16.93, 0x0000000000000001
2026/10/02 08:04:50.319, 82, 1575, 8001, 17.53, 0x0000000000000001
2026/10/02 08:04:50.441, 82, 1575, 8001, 19.11, 0x0000000000000001
2026/10/02 08:04:50.573, 82, 1575, 8001, 18.71, 0x0000000000000001
2026/10/02 08:04:50.695, 82, 1575, 8001, 18.44, 0x0000000000000001
2026/10/02 08:04:50.818, 82, 1575, 8001, 18.27, 0x0000000000000001
2026/10/02 08:04:50.947, 82, 1575, 8001, 18.11, 0x0000000000000001
2026/10/02 08:04:51.075, 82, 1575, 8001, 18.02, 0x0000000000000001
2026/10/02 08:04:51.209, 82, 1575, 8001, 18.05, 0x0000000000000001
2026/10/02 08:04:51.330, 82, 465, 6001, 18.06, 0x0000000000000001
2026/10/02 08:04:51.460, 82, 465, 6001, 17.19, 0x0000000000000001
2026/10/02 08:04:51.585, 82, 465, 6001, 16.63, 0x0000000000000001
2026/10/02 08:04:51.714, 82, 465, 6001, 16.11, 0x0000000000000001
2026/10/02 08:04:51.840, 82, 405, 6001, 15.71, 0x0000000000000001
2026/10/02 08:04:51.961, 82, 405, 6001, 15.24, 0x0000000000000001
2026/10/02 08:04:52.091, 82, 405, 6001, 14.29, 0x0000000000000001
2026/10/02 08:04:52.214, 82, 405, 6001, 13.80, 0x0000000000000001
2026/10/02 08:04:52.351, 82, 315, 6001, 13.30, 0x0000000000000001
2026/10/02 08:04:52.483, 82, 315, 6001, 12.64, 0x0000000000000001
2026/10/02 08:04:52.614, 82, 315, 6001, 12.61, 0x0000000000000001
2026/10/02 08:04:52.737, 82, 315, 6001, 12.49, 0x0000000000000001
2026/10/02 08:04:52.863, 82, 255, 6001, 12.34, 0x0000000000000001
2026/10/02 08:04:52.985, 82, 255, 6001, 12.17, 0x0000000000000001
2026/10/02 08:04:53.116, 82, 255, 6001, 11.94, 0x0000000000000001
2026/10/02 08:04:53.256, 82, 255, 6001, 11.69, 0x0000000000000001
2026/10/02 08:04:53.386, 82, 210, 810, 11.57, 0x0000000000000001
2026/10/02 08:04:53.510, 82, 210, 810, 11.14, 0x0000000000000001
2026/10/02 08:04:53.632, 81, 210, 810, 10.93, 0x0000000000000001
2026/10/02 08:04:53.762, 81, 210, 810, 10.72, 0x0000000000000001
2026/10/02 08:04:53.885, 81, 210, 810, 10.51, 0x0000000000000001
2026/10/02 08:04:54.010, 81, 210, 810, 10.09, 0x0000000000000001
2026/10/02 08:04:54.133, 81, 210, 810, 10.04, 0x0000000000000001
2026/10/02 08:04:54.255, 81, 210, 810, 10.05, 0x0000000000000001
2026/10/02 08:04:54.387, 81, 210, 810, 10.02, 0x0000000000000001
2026/10/02 08:04:54.510, 81, 210, 810, 9.99, 0x0000000000000001
2026/10/02 08:04:54.633, 81, 210, 810, 9.99, 0x0000000000000001
2026/10/02 08:04:54.755, 81, 210, 810, 9.99, 0x0000000000000001
2026/10/02 08:04:54.888, 81, 210, 810, 9.98, 0x0000000000000001
2026/10/02 08:04:55.014, 81, 210, 810, 9.99, 0x0000000000000001
2026/10/02 08:04:55.143, 81, 210, 810, 9.98, 0x0000000000000001
2026/10/02 08:04:55.277, 81, 210, 810, 9.98, 0x0000000000000001
2026/10/02 08:04:55.411, 81, 210, 810, 9.97, 0x0000000000000001
2026/10/02 08:04:55.537, 81, 210, 810, 9.95, 0x0000000000000001
2026/10/02 08:04:55.664, 81, 210, 810, 9.95, 0x0000000000000001
2026/10/02 08:04:55.788, 81, 210, 810, 9.94, 0x0000000000000001
2026/10/02 08:04:55.931, 81, 210, 810, 10.12, 0x0000000000000001
2026/10/02 08:04:56.091, 81, 210, 810, 10.31, 0x0000000000000001
2026/10/02 08:04:56.243, 81, 210, 810, 11.32, 0x0000000000000001
2026/10/02 08:04:56.363, 81, 210, 810, 12.43, 0x0000000000000001
2026/10/02 08:04:56.492, 81, 1890, 8001, 13.50, 0x0000000000000001
2026/10/02 08:04:56.622, 81, 1890, 8001, 14.55, 0x0000000000000001
2026/10/02 08:04:56.745, 82, 1890, 8001, 16.51, 0x0000000000000001
2026/10/02 08:04:56.866, 82, 1890, 8001, 17.45, 0x0000000000000001
2026/10/02 08:04:56.990, 82, 1890, 8001, 18.35, 0x0000000000000001
2026/10/02 08:04:57.111, 82, 1890, 8001, 19.17, 0x0000000000000001
2026/10/02 08:04:57.234, 83, 1890, 8001, 20.77, 0x0000000000000001
2026/10/02 08:04:57.368, 83, 1890, 8001, 20.81, 0x0000000000000001
2026/10/02 08:04:57.489, 83, 1890, 8001, 20.70, 0x0000000000000001
2026/10/02 08:04:57.608, 83, 1890, 8001, 20.66, 0x0000000000000001
2026/10/02 08:04:57.726, 83, 1890, 8001, 20.61, 0x0000000000000001
2026/10/02 08:04:57.850, 83, 1890, 8001, 20.78, 0x0000000000000001
2026/10/02 08:04:57.973, 83, 1890, 8001, 20.92, 0x0000000000000001
2026/10/02 08:04:58.105, 83, 1890, 8001, 21.07, 0x0000000000000001
2026/10/02 08:04:58.235, 83, 1890, 8001, 21.14, 0x0000000000000001
2026/10/02 08:04:58.357, 83, 1890, 8001, 21.14, 0x0000000000000001
2026/10/02 08:04:58.476, 83, 1890, 8001, 21.12, 0x0000000000000001
2026/10/02 08:04:58.597, 83, 1890, 8001, 21.12, 0x0000000000000001
2026/10/02 08:04:58.717, 83, 1890, 8001, 21.14, 0x0000000000000001
2026/10/02 08:04:58.836, 83, 1890, 8001, 21.17, 0x0000000000000001
2026/10/02 08:04:58.958, 83, 1890, 8001, 20.83, 0x0000000000000001
2026/10/02 08:04:59.082, 83, 1890, 8001, 20.70, 0x0000000000000001
2026/10/02 08:04:59.203, 83, 1890, 8001, 20.60, 0x0000000000000001
2026/10/02 08:04:59.335, 83, 1890, 8001, 20.31, 0x0000000000000001
2026/10/02 08:04:59.467, 83, 555, 6001, 18.96, 0x0000000000000001
2026/10/02 08:04:59.598, 83, 555, 6001, 18.23, 0x0000000000000001
2026/10/02 08:04:59.733, 82, 555, 6001, 17.45, 0x0000000000000001
2026/10/02 08:04:59.859, 82, 555, 6001, 16.24, 0x0000000000000001
2026/10/02 08:04:59.998, 82, 480, 6001, 15.26, 0x0000000000000001
2026/10/02 08:05:00.130, 82, 480, 6001, 14.55, 0x0000000000000001
2026/10/02 08:05:00.251, 82, 480, 6001, 13.68, 0x0000000000000001
2026/10/02 08:05:00.379, 82, 480, 6001, 13.19, 0x0000000000000001
2026/10/02 08:05:00.520, 82, 420, 6001, 13.18, 0x0000000000000001
2026/10/02 08:05:00.655, 82, 420, 6001, 13.55, 0x0000000000000001
2026/10/02 08:05:00.788, 82, 420, 6001, 13.53, 0x0000000000000001
2026/10/02 08:05:00.918, 82, 420, 6001, 13.33, 0x0000000000000001
2026/10/02 08:05:01.038, 82, 420, 6001, 13.25, 0x0000000000000001
2026/10/02 08:05:01.159, 82, 420, 6001, 13.07, 0x0000000000000001
2026/10/02 08:05:01.286, 82, 420, 6001, 12.98, 0x0000000000000001
2026/10/02 08:05:01.413, 82, 420, 810, 13.02, 0x0000000000000001
2026/10/02 08:05:01.539, 82, 420, 810, 12.87, 0x0000000000000001
2026/10/02 08:05:01.660, 82, 420, 810, 12.41, 0x0000000000000001
2026/10/02 08:05:01.794, 82, 420, 810, 12.10, 0x0000000000000001
2026/10/02 08:05:01.921, 82, 510, 810, 11.81, 0x0000000000000001
2026/10/02 08:05:02.042, 82, 510, 810, 11.52, 0x0000000000000001
2026/10/02 08:05:02.165, 82, 510, 810, 10.93, 0x0000000000000001
2026/10/02 08:05:02.305, 82, 510, 810, 10.79, 0x0000000000000001
2026/10/02 08:05:02.429, 82, 510, 810, 10.71, 0x0000000000000001
2026/10/02 08:05:02.554, 82, 510, 810, 10.45, 0x0000000000000001
2026/10/02 08:05:02.677, 82, 510, 810, 10.36, 0x0000000000000001
2026/10/02 08:05:02.803, 82, 510, 810, 10.34, 0x0000000000000001
2026/10/02 08:05:02.941, 82, 510, 810, 10.27, 0x0000000000000001
2026/10/02 08:05:03.063, 82, 510, 810, 10.37, 0x0000000000000001
2026/10/02 08:05:03.193, 82, 510, 810, 10.40, 0x0000000000000001
2026/10/02 08:05:03.327, 82, 510, 810, 10.52, 0x0000000000000001
2026/10/02 08:05:03.473, 82, 540, 810, 10.53, 0x0000000000000001
2026/10/02 08:05:03.616, 82, 540, 810, 10.74, 0x0000000000000001
2026/10/02 08:05:03.762, 82, 540, 810, 10.75, 0x0000000000000001
2026/10/02 08:05:03.919, 82, 540, 810, 10.78, 0x0000000000000001
2026/10/02 08:05:04.046, 82, 540, 810, 10.83, 0x0000000000000001
2026/10/02 08:05:04.177, 82, 540, 810, 10.82, 0x0000000000000001
2026/10/02 08:05:04.300, 82, 540, 810, 10.77, 0x0000000000000001
2026/10/02 08:05:04.428, 82, 540, 810, 10.65, 0x0000000000000001
2026/10/02 08:05:04.555, 82, 540, 810, 10.60, 0x0000000000000001
2026/10/02 08:05:04.694, 82, 540, 810, 10.53, 0x0000000000000001
2026/10/02 08:05:04.827, 82, 540, 810, 10.50, 0x0000000000000001
2026/10/02 08:05:04.956, 82, 540, 810, 10.51, 0x0000000000000001
2026/10/02 08:05:05.082, 82, 540, 810, 10.29, 0x0000000000000001
2026/10/02 08:05:05.206, 82, 540, 810, 10.23, 0x0000000000000001
2026/10/02 08:05:05.331, 82, 540, 810, 10.17, 0x0000000000000001
2026/10/02 08:05:05.466, 82, 330, 810, 10.18, 0x0000000000000001
2026/10/02 08:05:05.589, 82, 330, 810, 10.21, 0x0000000000000001
2026/10/02 08:05:05.719, 82, 330, 810, 9.98, 0x0000000000000001
2026/10/02 08:05:05.858, 82, 330, 810, 9.66, 0x0000000000000001
2026/10/02 08:05:06.011, 82, 315, 405, 9.26, 0x0000000000000001
2026/10/02 08:05:06.149, 82, 315, 405, 8.96, 0x0000000000000001
2026/10/02 08:05:06.326, 82, 315, 405, 8.66, 0x0000000000000001
2026/10/02 08:05:06.495, 82, 345, 405, 9.28, 0x0000000000000001
2026/10/02 08:05:06.619, 82, 345, 405, 10.66, 0x0000000000000001
2026/10/02 08:05:06.738, 82, 345, 405, 12.02, 0x0000000000000001
2026/10/02 08:05:06.858, 82, 345, 405, 13.52, 0x0000000000000001
2026/10/02 08:05:06.980, 83, 1890, 8001, 16.45, 0x0000000000000001
2026/10/02 08:05:07.106, 83, 1890, 8001, 17.66, 0x0000000000000001
2026/10/02 08:05:07.230, 83, 1890, 8001, 18.94, 0x0000000000000001
2026/10/02 08:05:07.351, 83, 1890, 8001, 20.34, 0x0000000000000001
2026/10/02 08:05:07.475, 83, 1890, 8001, 22.39, 0x0000000000000001
2026/10/02 08:05:07.606, 83, 1890, 8001, 22.75, 0x0000000000000001
2026/10/02 08:05:07.725, 83, 1890, 8001, 22.31, 0x0000000000000001
2026/10/02 08:05:07.845, 83, 1890, 8001, 21.86, 0x0000000000000001
2026/10/02 08:05:07.962, 83, 1890, 8001, 21.48, 0x0000000000000001
2026/10/02 08:05:08.084, 83, 1890, 8001, 21.08, 0x0000000000000001
2026/10/02 08:05:08.209, 83, 1890, 8001, 20.92, 0x0000000000000001
2026/10/02 08:05:08.333, 83, 1890, 8001, 20.21, 0x0000000000000001
2026/10/02 08:05:08.457, 82, 705, 6001, 19.51, 0x0000000000000001
2026/10/02 08:05:08.583, 82, 705, 6001, 18.24, 0x0000000000000001
2026/10/02 08:05:08.740, 82, 705, 6001, 17.57, 0x0000000000000001
2026/10/02 08:05:08.861, 82, 705, 6001, 16.86, 0x0000000000000001
2026/10/02 08:05:08.985, 82, 630, 6001, 15.48, 0x0000000000000001
2026/10/02 08:05:09.115, 82, 630, 6001, 14.19, 0x0000000000000001
2026/10/02 08:05:09.252, 82, 630, 6001, 13.48, 0x0000000000000001
2026/10/02 08:05:09.372, 82, 630, 6001, 13.27, 0x0000000000000001
2026/10/02 08:05:09.500, 82, 510, 6001, 13.20, 0x0000000000000001
2026/10/02 08:05:09.618, 82, 510, 6001, 13.06, 0x0000000000000001
2026/10/02 08:05:09.737, 82, 510, 6001, 12.84, 0x0000000000000001
2026/10/02 08:05:09.866, 82, 510, 6001, 13.13, 0x0000000000000001
2026/10/02 08:05:09.989, 82, 450, 6001, 13.10, 0x0000000000000001
2026/10/02 08:05:10.110, 82, 450, 6001, 13.09, 0x0000000000000001
2026/10/02 08:05:10.230, 82, 450, 6001, 12.99, 0x0000000000000001
2026/10/02 08:05:10.362, 82, 450, 6001, 13.01, 0x0000000000000001
2026/10/02 08:05:10.499, 82, 390, 6001, 13.25, 0x0000000000000001
2026/10/02 08:05:10.627, 82, 390, 6001, 13.53, 0x0000000000000001
2026/10/02 08:05:10.765, 82, 390, 6001, 13.87, 0x0000000000000001
2026/10/02 08:05:10.919, 82, 525, 6001, 13.83, 0x0000000000000001
2026/10/02 08:05:11.037, 82, 525, 6001, 13.61, 0x0000000000000001
2026/10/02 08:05:11.165, 82, 525, 6001, 13.59, 0x0000000000000001
2026/10/02 08:05:11.297, 82, 525, 6001, 13.67, 0x0000000000000001
2026/10/02 08:05:11.421, 82, 525, 6001, 13.67, 0x0000000000000001
2026/10/02 08:05:11.541, 82, 525, 6001, 13.56, 0x0000000000000001
2026/10/02 08:05:11.661, 82, 525, 6001, 13.03, 0x0000000000000001
2026/10/02 08:05:11.779, 82, 525, 6001, 12.78, 0x0000000000000001
2026/10/02 08:05:11.901, 82, 525, 6001, 12.53, 0x0000000000000001
2026/10/02 08:05:12.022, 82, 525, 6001, 12.39, 0x0000000000000001
2026/10/02 08:05:12.149, 82, 525, 6001, 12.36, 0x0000000000000001
2026/10/02 08:05:12.285, 82, 525, 6001, 12.17, 0x0000000000000001
2026/10/02 08:05:12.406, 82, 210, 810, 11.86, 0x0000000000000001
2026/10/02 08:05:12.526, 82, 210, 810, 11.56, 0x0000000000000001
2026/10/02 08:05:12.648, 82, 210, 810, 11.09, 0x0000000000000001
2026/10/02 08:05:12.767, 82, 210, 810, 10.86, 0x0000000000000001
2026/10/02 08:05:12.889, 82, 210, 810, 10.63, 0x0000000000000001
2026/10/02 08:05:13.010, 82, 210, 810, 10.40, 0x0000000000000001
2026/10/02 08:05:13.131, 82, 210, 810, 10.16, 0x0000000000000001
2026/10/02 08:05:13.251, 82, 210, 810, 9.69, 0x0000000000000001
2026/10/02 08:05:13.372, 82, 210, 810, 9.64, 0x0000000000000001
2026/10/02 08:05:13.501, 82, 210, 810, 9.63, 0x0000000000000001
2026/10/02 08:05:13.622, 82, 210, 810, 9.62, 0x0000000000000001
2026/10/02 08:05:13.741, 82, 210, 810, 9.62, 0x0000000000000001
2026/10/02 08:05:13.861, 82, 210, 810, 9.63, 0x0000000000000001
2026/10/02 08:05:13.981, 82, 210, 810, 9.62, 0x0000000000000001
2026/10/02 08:05:14.102, 82, 210, 810, 9.62, 0x0000000000000001
2026/10/02 08:05:14.223, 82, 210, 810, 9.63, 0x0000000000000001
2026/10/02 08:05:14.348, 82, 210, 810, 9.63, 0x0000000000000001
2026/10/02 08:05:14.473, 82, 210, 810, 9.63, 0x0000000000000001
2026/10/02 08:05:14.595, 82, 210, 810, 9.62, 0x0000000000000001
2026/10/02 08:05:14.727, 82, 210, 810, 9.15, 0x0000000000000001
2026/10/02 08:05:14.858, 82, 210, 810, 8.82, 0x0000000000000001
2026/10/02 08:05:14.983, 81, 210, 405, 8.67, 0x0000000000000001
2026/10/02 08:05:15.107, 81, 210, 405, 8.43, 0x0000000000000001
2026/10/02 08:05:15.235, 81, 210, 405, 7.93, 0x0000000000000001
2026/10/02 08:05:15.362, 81, 210, 405, 7.69, 0x0000000000000001
2026/10/02 08:05:15.495, 81, 210, 405, 7.23, 0x0000000000000001
2026/10/02 08:05:15.628, 81, 210, 405, 6.96, 0x0000000000000001
2026/10/02 08:05:15.758, 81, 210, 405, 6.95, 0x0000000000000001
2026/10/02 08:05:15.882, 81, 210, 405, 6.95, 0x0000000000000001
2026/10/02 08:05:16.021, 81, 210, 405, 6.94, 0x0000000000000001
2026/10/02 08:05:16.144, 81, 210, 405, 6.94, 0x0000000000000001
2026/10/02 08:05:16.271, 81, 210, 405, 6.94, 0x0000000000000001
2026/10/02 08:05:16.395, 81, 210, 405, 6.94, 0x0000000000000001
2026/10/02 08:05:16.527, 81, 210, 405, 6.94, 0x0000000000000001
2026/10/02 08:05:16.658, 81, 210, 405, 6.94, 0x0000000000000001
2026/10/02 08:05:16.793, 81, 210, 405, 6.94, 0x0000000000000001
2026/10/02 08:05:16.916, 81, 210, 405, 6.93, 0x0000000000000001
2026/10/02 08:05:17.052, 81, 210, 405, 6.93, 0x0000000000000001
2026/10/02 08:05:17.185, 81, 210, 405, 6.93, 0x0000000000000001
2026/10/02 08:05:17.313, 81, 210, 405, 6.92, 0x0000000000000001
2026/10/02 08:05:17.451, 81, 210, 405, 6.93, 0x0000000000000001
2026/10/02 08:05:17.582, 81, 210, 405, 6.93, 0x0000000000000001
2026/10/02 08:05:17.706, 81, 210, 405, 6.93, 0x0000000000000001
2026/10/02 08:05:17.829, 81, 210, 405, 6.93, 0x0000000000000001
2026/10/02 08:05:17.960, 81, 210, 405, 6.94, 0x0000000000000001
2026/10/02 08:05:18.093, 81, 210, 405, 6.94, 0x0000000000000001
2026/10/02 08:05:18.225, 81, 210, 405, 6.95, 0x0000000000000001
2026/10/02 08:05:18.367, 81, 210, 405, 7.04, 0x0000000000000001
2026/10/02 08:05:18.520, 81, 210, 405, 7.22, 0x0000000000000001
2026/10/02 08:05:18.650, 81, 210, 405, 7.24, 0x0000000000000001
2026/10/02 08:05:18.783, 81, 210, 405, 7.31, 0x0000000000000001
2026/10/02 08:05:18.906, 81, 270, 405, 7.33, 0x0000000000000001
2026/10/02 08:05:19.032, 81, 270, 405, 7.36, 0x0000000000000001
2026/10/02 08:05:19.167, 81, 270, 405, 7.42, 0x0000000000000001
2026/10/02 08:05:19.295, 81, 270, 405, 7.44, 0x0000000000000001
2026/10/02 08:05:19.427, 81, 270, 405, 7.39, 0x0000000000000001
2026/10/02 08:05:19.558, 81, 270, 405, 7.28, 0x0000000000000001
2026/10/02 08:05:19.687, 81, 270, 405, 7.28, 0x0000000000000001
2026/10/02 08:05:19.822, 81, 270, 405, 7.28, 0x0000000000000001
2026/10/02 08:05:19.945, 81, 270, 405, 7.28, 0x0000000000000001
2026/10/02 08:05:20.077, 81, 270, 405, 7.35, 0x0000000000000001
2026/10/02 08:05:20.254, 81, 270, 405, 7.54, 0x0000000000000001
2026/10/02 08:05:20.403, 81, 465, 810, 7.80, 0x0000000000000001
2026/10/02 08:05:20.533, 81, 465, 810, 8.22, 0x0000000000000001
2026/10/02 08:05:20.663, 81, 465, 810, 8.58, 0x0000000000000001
2026/10/02 08:05:20.798, 81, 465, 810, 8.85, 0x0000000000000001
2026/10/02 08:05:20.919, 81, 465, 810, 9.17, 0x0000000000000001
2026/10/02 08:05:21.041, 81, 465, 810, 9.40, 0x0000000000000001
2026/10/02 08:05:21.163, 81, 465, 810, 9.67, 0x0000000000000001
2026/10/02 08:05:21.298, 81, 465, 810, 9.76, 0x0000000000000001
2026/10/02 08:05:21.425, 81, 465, 810, 9.99, 0x0000000000000001
2026/10/02 08:05:21.560, 81, 465, 810, 10.05, 0x0000000000000001
2026/10/02 08:05:21.693, 81, 465, 810, 10.05, 0x0000000000000001
2026/10/02 08:05:21.815, 81, 465, 810, 10.03, 0x0000000000000001
2026/10/02 08:05:21.954, 81, 465, 810, 10.08, 0x0000000000000001
2026/10/02 08:05:22.089, 81, 465, 810, 10.11, 0x0000000000000001
2026/10/02 08:05:22.220, 81, 465, 810, 9.69, 0x0000000000000001
2026/10/02 08:05:22.375, 81, 315, 405, 9.34, 0x0000000000000001
2026/10/02 08:05:22.553, 81, 315, 405, 9.92, 0x0000000000000001
2026/10/02 08:05:22.676, 81, 315, 405, 10.68, 0x0000000000000001
2026/10/02 08:05:22.796, 81, 1890, 7001, 11.51, 0x0000000000000001
2026/10/02 08:05:22.915, 82, 1890, 7001, 12.30, 0x0000000000000001
2026/10/02 08:05:23.037, 82, 1890, 7001, 13.83, 0x0000000000000001
2026/10/02 08:05:23.159, 82, 1890, 7001, 14.81, 0x0000000000000001
2026/10/02 08:05:23.289, 82, 1890, 7001, 16.01, 0x0000000000000001
2026/10/02 08:05:23.412, 83, 1890, 8001, 17.37, 0x0000000000000001
2026/10/02 08:05:23.536, 83, 1890, 8001, 20.00, 0x0000000000000001
2026/10/02 08:05:23.661, 83, 1890, 8001, 20.19, 0x0000000000000001
2026/10/02 08:05:23.783, 83, 1890, 8001, 20.52, 0x0000000000000001
2026/10/02 08:05:23.905, 83, 1890, 8001, 20.74, 0x0000000000000001
2026/10/02 08:05:24.027, 83, 1890, 8001, 21.04, 0x0000000000000001
2026/10/02 08:05:24.156, 83, 1890, 8001, 21.72, 0x0000000000000001
2026/10/02 08:05:24.280, 83, 1890, 8001, 21.81, 0x0000000000000001
2026/10/02 08:05:24.406, 83, 1890, 8001, 21.97, 0x0000000000000001
2026/10/02 08:05:24.531, 83, 1890, 8001, 22.15, 0x0000000000000001
2026/10/02 08:05:24.653, 83, 1890, 8001, 22.29, 0x0000000000000001
2026/10/02 08:05:24.790, 83, 1890, 8001, 22.23, 0x0000000000000001
2026/10/02 08:05:24.935, 83, 1890, 8001, 22.05, 0x0000000000000001
2026/10/02 08:05:25.060, 83, 1890, 8001, 22.01, 0x0000000000000001
2026/10/02 08:05:25.185, 83, 1890, 8001, 22.11, 0x0000000000000001
2026/10/02 08:05:25.304, 83, 1890, 8001, 21.96, 0x0000000000000001
2026/10/02 08:05:25.428, 83, 1890, 8001, 21.81, 0x0000000000000001
2026/10/02 08:05:25.550, 83, 1890, 8001, 21.43, 0x0000000000000001
2026/10/02 08:05:25.673, 83, 1890, 8001, 21.35, 0x0000000000000001
2026/10/02 08:05:25.789, 83, 1890, 8001, 21.28, 0x0000000000000001
2026/10/02 08:05:25.905, 83, 1890, 8001, 21.28, 0x0000000000000001
2026/10/02 08:05:26.022, 83, 1890, 8001, 21.49, 0x0000000000000001
2026/10/02 08:05:26.154, 83, 1890, 8001, 21.44, 0x0000000000000001
2026/10/02 08:05:26.275, 83, 1890, 8001, 20.73, 0x0000000000000001
2026/10/02 08:05:26.402, 83, 825, 6001, 20.22, 0x0000000000000001
2026/10/02 08:05:26.526, 83, 825, 6001, 18.85, 0x0000000000000001
2026/10/02 08:05:26.644, 83, 825, 6001, 17.99, 0x0000000000000001
2026/10/02 08:05:26.771, 83, 825, 6001, 17.13, 0x0000000000000001
2026/10/02 08:05:26.896, 82, 720, 6001, 15.78, 0x0000000000000001
2026/10/02 08:05:27.019, 82, 720, 6001, 14.40, 0x0000000000000001
2026/10/02 08:05:27.143, 82, 720, 6001, 13.63, 0x0000000000000001
2026/10/02 08:05:27.272, 82, 615, 6001, 13.63, 0x0000000000000001
2026/10/02 08:05:27.396, 82, 615, 6001, 13.27, 0x0000000000000001
2026/10/02 08:05:27.531, 82, 615, 6001, 13.26, 0x0000000000000001
2026/10/02 08:05:27.650, 82, 615, 6001, 13.25, 0x0000000000000001
2026/10/02 08:05:27.771, 82, 540, 6001, 13.17, 0x0000000000000001
2026/10/02 08:05:27.903, 82, 540, 6001, 13.07, 0x0000000000000001
2026/10/02 08:05:28.032, 82, 540, 6001, 13.04, 0x0000000000000001
2026/10/02 08:05:28.151, 82, 540, 6001, 12.97, 0x0000000000000001
2026/10/02 08:05:28.277, 82, 420, 810, 12.52, 0x0000000000000001
2026/10/02 08:05:28.410, 82, 420, 810, 12.28, 0x0000000000000001
2026/10/02 08:05:28.529, 82, 420, 810, 11.97, 0x0000000000000001
2026/10/02 08:05:28.650, 82, 420, 810, 11.65, 0x0000000000000001
2026/10/02 08:05:28.771, 82, 345, 810, 11.21, 0x0000000000000001
2026/10/02 08:05:28.905, 82, 345, 810, 10.98, 0x0000000000000001
2026/10/02 08:05:29.025, 82, 345, 810, 10.75, 0x0000000000000001
2026/10/02 08:05:29.144, 82, 345, 810, 10.51, 0x0000000000000001
2026/10/02 08:05:29.281, 82, 270, 810, 10.03, 0x0000000000000001
2026/10/02 08:05:29.409, 82, 270, 810, 9.97, 0x0000000000000001
2026/10/02 08:05:29.539, 82, 270, 810, 9.95, 0x0000000000000001
2026/10/02 08:05:29.668, 82, 270, 810, 9.94, 0x0000000000000001
2026/10/02 08:05:29.791, 82, 225, 810, 9.93, 0x0000000000000001
2026/10/02 08:05:29.911, 82, 225, 810, 9.93, 0x0000000000000001
2026/10/02 08:05:30.038, 82, 225, 810, 9.91, 0x0000000000000001
2026/10/02 08:05:30.169, 82, 225, 810, 9.91, 0x0000000000000001
2026/10/02 08:05:30.296, 82, 210, 810, 9.90, 0x0000000000000001
2026/10/02 08:05:30.415, 82, 210, 810, 9.90, 0x0000000000000001
2026/10/02 08:05:30.538, 82, 210, 810, 9.90, 0x0000000000000001
2026/10/02 08:05:30.660, 82, 210, 810, 9.89, 0x0000000000000001
2026/10/02 08:05:30.783, 82, 210, 810, 9.89, 0x0000000000000001
2026/10/02 08:05:30.915, 82, 210, 810, 9.89, 0x0000000000000001
2026/10/02 08:05:31.035, 82, 210, 810, 9.89, 0x0000000000000001
2026/10/02 08:05:31.165, 82, 210, 810, 9.89, 0x0000000000000001
2026/10/02 08:05:31.286, 82, 210, 810, 9.88, 0x0000000000000001
2026/10/02 08:05:31.424, 82, 210, 810, 9.92, 0x0000000000000001
2026/10/02 08:05:31.552, 82, 210, 810, 9.95, 0x0000000000000001
2026/10/02 08:05:31.682, 82, 210, 810, 10.00, 0x0000000000000001
2026/10/02 08:05:31.806, 82, 210, 810, 10.03, 0x0000000000000001
2026/10/02 08:05:31.943, 82, 210, 810, 9.82, 0x0000000000000001
2026/10/02 08:05:32.079, 82, 210, 810, 9.57, 0x0000000000000001
2026/10/02 08:05:32.213, 82, 210, 810, 9.14, 0x0000000000000001
2026/10/02 08:05:32.341, 82, 210, 405, 8.87, 0x0000000000000001
2026/10/02 08:05:32.472, 82, 210, 405, 8.63, 0x0000000000000001
2026/10/02 08:05:32.596, 82, 210, 405, 8.03, 0x0000000000000001
2026/10/02 08:05:32.729, 82, 210, 405, 7.56, 0x0000000000000001
2026/10/02 08:05:32.858, 82, 1890, 8001, 8.39, 0x0000000000000001
2026/10/02 08:05:32.977, 82, 1890, 8001, 9.34, 0x0000000000000001
2026/10/02 08:05:33.100, 82, 1890, 8001, 11.58, 0x0000000000000001
2026/10/02 08:05:33.227, 82, 1890, 8001, 12.81, 0x0000000000000001
2026/10/02 08:05:33.344, 82, 1890, 8001, 14.09, 0x0000000000000001
2026/10/02 08:05:33.474, 83, 1890, 8001, 15.30, 0x0000000000000001
2026/10/02 08:05:33.598, 83, 1890, 8001, 17.81, 0x0000000000000001
2026/10/02 08:05:33.722, 83, 1890, 8001, 19.03, 0x0000000000000001
2026/10/02 08:05:33.838, 83, 1890, 8001, 20.25, 0x0000000000000001
2026/10/02 08:05:33.966, 83, 1890, 8001, 20.47, 0x0000000000000001
2026/10/02 08:05:34.084, 83, 1890, 8001, 20.59, 0x0000000000000001
2026/10/02 08:05:34.202, 83, 1890, 8001, 20.75, 0x0000000000000001
2026/10/02 08:05:34.336, 83, 1890, 8001, 20.74, 0x0000000000000001
2026/10/02 08:05:34.460, 83, 1890, 8001, 20.66, 0x0000000000000001
2026/10/02 08:05:34.576, 83, 1890, 8001, 20.70, 0x0000000000000001
2026/10/02 08:05:34.701, 83, 1890, 8001, 20.62, 0x0000000000000001
2026/10/02 08:05:34.819, 83, 1890, 8001, 20.77, 0x0000000000000001
2026/10/02 08:05:34.936, 83, 1890, 8001, 20.92, 0x0000000000000001
2026/10/02 08:05:35.064, 83, 1890, 8001, 20.96, 0x0000000000000001
2026/10/02 08:05:35.180, 83, 1890, 8001, 20.99, 0x0000000000000001
2026/10/02 08:05:35.301, 83, 1890, 8001, 20.71, 0x0000000000000001
2026/10/02 08:05:35.426, 83, 1890, 8001, 20.68, 0x0000000000000001
2026/10/02 08:05:35.543, 83, 1890, 8001, 20.71, 0x0000000000000001
2026/10/02 08:05:35.673, 83, 1890, 8001, 20.72, 0x0000000000000001
2026/10/02 08:05:35.794, 83, 1890, 8001, 20.76, 0x0000000000000001
2026/10/02 08:05:35.919, 83, 1890, 8001, 20.65, 0x0000000000000001
2026/10/02 08:05:36.046, 83, 1890, 8001, 20.56, 0x0000000000000001
2026/10/02 08:05:36.162, 83, 1890, 8001, 20.50, 0x0000000000000001
2026/10/02 08:05:36.283, 83, 480, 810, 18.71, 0x0000000000000001
2026/10/02 08:05:36.405, 82, 480, 810, 17.78, 0x0000000000000001
2026/10/02 08:05:36.527, 82, 480, 810, 16.85, 0x0000000000000001
2026/10/02 08:05:36.653, 82, 480, 810, 15.90, 0x0000000000000001
2026/10/02 08:05:36.775, 82, 405, 810, 14.95, 0x0000000000000001
2026/10/02 08:05:36.905, 82, 405, 810, 12.99, 0x0000000000000001
2026/10/02 08:05:37.026, 82, 405, 810, 12.05, 0x0000000000000001
2026/10/02 08:05:37.164, 82, 405, 810, 10.31, 0x0000000000000001
2026/10/02 08:05:37.284, 82, 330, 810, 10.25, 0x0000000000000001
2026/10/02 08:05:37.414, 82, 330, 810, 10.20, 0x0000000000000001
2026/10/02 08:05:37.539, 82, 330, 810, 10.14, 0x0000000000000001
2026/10/02 08:05:37.667, 82, 330, 810, 10.06, 0x0000000000000001
2026/10/02 08:05:37.787, 82, 285, 810, 9.92, 0x0000000000000001
2026/10/02 08:05:37.931, 82, 285, 810, 9.89, 0x0000000000000001
2026/10/02 08:05:38.050, 82, 285, 810, 9.86, 0x0000000000000001
2026/10/02 08:05:38.171, 82, 285, 810, 9.81, 0x0000000000000001
2026/10/02 08:05:38.305, 82, 225, 810, 9.67, 0x0000000000000001
2026/10/02 08:05:38.428, 82, 225, 810, 9.68, 0x0000000000000001
2026/10/02 08:05:38.548, 82, 225, 810, 9.70, 0x0000000000000001
2026/10/02 08:05:38.678, 82, 225, 810, 9.76, 0x0000000000000001
2026/10/02 08:05:38.817, 82, 210, 810, 9.80, 0x0000000000000001
2026/10/02 08:05:38.959, 82, 210, 810, 9.82, 0x0000000000000001
2026/10/02 08:05:39.079, 82, 210, 810, 9.64, 0x0000000000000001
2026/10/02 08:05:39.215, 82, 210, 810, 9.41, 0x0000000000000001
2026/10/02 08:05:39.339, 82, 210, 405, 9.17, 0x0000000000000001
2026/10/02 08:05:39.475, 82, 210, 405, 8.69, 0x0000000000000001
2026/10/02 08:05:39.607, 82, 210, 405, 8.46, 0x0000000000000001
2026/10/02 08:05:39.758, 82, 210, 405, 8.56, 0x0000000000000001
2026/10/02 08:05:39.878, 82, 1890, 8001, 10.47, 0x0000000000000001
2026/10/02 08:05:40.004, 82, 1890, 8001, 11.34, 0x0000000000000001
2026/10/02 08:05:40.137, 82, 1890, 8001, 12.25, 0x0000000000000001
2026/10/02 08:05:40.257, 82, 1890, 8001, 13.38, 0x0000000000000001
2026/10/02 08:05:40.379, 82, 1890, 8001, 15.81, 0x0000000000000001
2026/10/02 08:05:40.503, 83, 1890, 8001, 17.17, 0x0000000000000001
2026/10/02 08:05:40.636, 83, 1890, 8001, 18.34, 0x0000000000000001
2026/10/02 08:05:40.753, 83, 1890, 8001, 19.51, 0x0000000000000001
2026/10/02 08:05:40.870, 83, 1890, 8001, 20.34, 0x0000000000000001
2026/10/02 08:05:41.001, 83, 1890, 8001, 20.36, 0x0000000000000001
2026/10/02 08:05:41.121, 83, 1890, 8001, 20.47, 0x0000000000000001
2026/10/02 08:05:41.244, 83, 1890, 8001, 20.69, 0x0000000000000001
2026/10/02 08:05:41.366, 83, 1890, 8001, 20.79, 0x0000000000000001
2026/10/02 08:05:41.499, 83, 1890, 8001, 20.67, 0x0000000000000001
2026/10/02 08:05:41.626, 83, 1890, 8001, 20.47, 0x0000000000000001
2026/10/02 08:05:41.769, 83, 1890, 8001, 20.41, 0x0000000000000001
2026/10/02 08:05:41.894, 83, 1890, 8001, 20.40, 0x0000000000000001
2026/10/02 08:05:42.010, 83, 1890, 8001, 20.40, 0x0000000000000001
2026/10/02 08:05:42.130, 83, 1890, 8001, 20.40, 0x0000000000000001
2026/10/02 08:05:42.247, 83, 1890, 8001, 20.39, 0x0000000000000001
2026/10/02 08:05:42.370, 83, 1890, 8001, 20.19, 0x0000000000000001
2026/10/02 08:05:42.495, 83, 1890, 8001, 20.24, 0x0000000000000001
2026/10/02 08:05:42.622, 83, 1890, 8001, 20.33, 0x0000000000000001
2026/10/02 08:05:42.745, 83, 1890, 8001, 20.42, 0x0000000000000001
2026/10/02 08:05:42.863, 83, 1890, 8001, 20.58, 0x0000000000000001
2026/10/02 08:05:42.987, 83, 1890, 8001, 20.62, 0x0000000000000001
2026/10/02 08:05:43.108, 83, 1890, 8001, 20.67, 0x0000000000000001
2026/10/02 08:05:43.235, 83, 1890, 8001, 19.98, 0x0000000000000001
2026/10/02 08:05:43.356, 83, 465, 810, 19.08, 0x0000000000000001
2026/10/02 08:05:43.487, 82, 465, 810, 17.23, 0x0000000000000001
2026/10/02 08:05:43.626, 82, 465, 810, 16.28, 0x0000000000000001
2026/10/02 08:05:43.752, 82, 465, 810, 15.32, 0x0000000000000001
2026/10/02 08:05:43.882, 82, 390, 810, 12.64, 0x0000000000000001
2026/10/02 08:05:44.002, 82, 390, 810, 11.58, 0x0000000000000001
2026/10/02 08:05:44.128, 82, 390, 810, 11.43, 0x0000000000000001
2026/10/02 08:05:44.254, 82, 300, 810, 10.15, 0x0000000000000001
2026/10/02 08:05:44.379, 82, 300, 810, 10.08, 0x0000000000000001
2026/10/02 08:05:44.503, 82, 300, 810, 10.05, 0x0000000000000001
2026/10/02 08:05:44.624, 82, 300, 810, 10.01, 0x0000000000000001
2026/10/02 08:05:44.754, 82, 255, 810, 9.94, 0x0000000000000001
2026/10/02 08:05:44.887, 82, 255, 810, 9.96, 0x0000000000000001
2026/10/02 08:05:45.015, 82, 255, 810, 10.03, 0x0000000000000001
2026/10/02 08:05:45.145, 82, 255, 810, 10.00, 0x0000000000000001
2026/10/02 08:05:45.276, 82, 210, 810, 9.97, 0x0000000000000001
2026/10/02 08:05:45.396, 82, 210, 810, 9.93, 0x0000000000000001
2026/10/02 08:05:45.535, 82, 210, 810, 9.99, 0x0000000000000001
2026/10/02 08:05:45.663, 82, 210, 810, 10.04, 0x0000000000000001
2026/10/02 08:05:45.786, 82, 225, 810, 10.00, 0x0000000000000001
2026/10/02 08:05:45.908, 82, 225, 810, 9.98, 0x0000000000000001
2026/10/02 08:05:46.037, 82, 225, 810, 9.92, 0x0000000000000001
2026/10/02 08:05:46.158, 82, 225, 810, 9.80, 0x0000000000000001
2026/10/02 08:05:46.298, 82, 225, 405, 9.60, 0x0000000000000001
2026/10/02 08:05:46.423, 82, 225, 405, 9.39, 0x0000000000000001
2026/10/02 08:05:46.549, 82, 225, 405, 8.88, 0x0000000000000001
2026/10/02 08:05:46.681, 82, 225, 405, 8.63, 0x0000000000000001
2026/10/02 08:05:46.799, 82, 1890, 8001, 9.50, 0x0000000000000001
2026/10/02 08:05:46.916, 82, 1890, 8001, 10.41, 0x0000000000000001
2026/10/02 08:05:47.034, 82, 1890, 8001, 11.37, 0x0000000000000001
2026/10/02 08:05:47.153, 82, 1890, 8001, 13.25, 0x0000000000000001
2026/10/02 08:05:47.273, 82, 1890, 8001, 14.19, 0x0000000000000001
2026/10/02 08:05:47.398, 82, 1890, 8001, 15.36, 0x0000000000000001
2026/10/02 08:05:47.540, 83, 1890, 8001, 16.59, 0x0000000000000001
2026/10/02 08:05:47.665, 83, 1890, 8001, 19.03, 0x0000000000000001
2026/10/02 08:05:47.783, 83, 1890, 8001, 20.42, 0x0000000000000001
2026/10/02 08:05:47.910, 83, 1890, 8001, 20.33, 0x0000000000000001
2026/10/02 08:05:48.042, 83, 1890, 8001, 20.51, 0x0000000000000001
2026/10/02 08:05:48.160, 83, 1890, 8001, 20.57, 0x0000000000000001
2026/10/02 08:05:48.289, 83, 1890, 8001, 20.66, 0x0000000000000001
2026/10/02 08:05:48.410, 83, 1890, 8001, 20.73, 0x0000000000000001
2026/10/02 08:05:48.531, 83, 1890, 8001, 20.80, 0x0000000000000001
2026/10/02 08:05:48.666, 83, 1890, 8001, 20.94, 0x0000000000000001
2026/10/02 08:05:48.788, 83, 1890, 8001, 21.03, 0x0000000000000001
2026/10/02 08:05:48.912, 83, 1890, 8001, 21.21, 0x0000000000000001
2026/10/02 08:05:49.034, 83, 1890, 8001, 21.22, 0x0000000000000001
2026/10/02 08:05:49.154, 83, 1890, 8001, 21.17, 0x0000000000000001
2026/10/02 08:05:49.272, 83, 1890, 8001, 21.11, 0x0000000000000001
2026/10/02 08:05:49.398, 83, 1890, 8001, 21.05, 0x0000000000000001
2026/10/02 08:05:49.539, 83, 1890, 8001, 20.98, 0x0000000000000001
2026/10/02 08:05:49.663, 83, 1890, 8001, 20.87, 0x0000000000000001
2026/10/02 08:05:49.778, 83, 1890, 8001, 20.75, 0x0000000000000001
2026/10/02 08:05:49.896, 83, 1890, 8001, 20.64, 0x0000000000000001
2026/10/02 08:05:50.028, 83, 1890, 8001, 20.46, 0x0000000000000001
2026/10/02 08:05:50.160, 83, 1890, 8001, 19.63, 0x0000000000000001
2026/10/02 08:05:50.288, 83, 540, 810, 18.87, 0x0000000000000001
2026/10/02 08:05:50.425, 83, 540, 810, 18.11, 0x0000000000000001
2026/10/02 08:05:50.545, 83, 540, 810, 16.75, 0x0000000000000001
2026/10/02 08:05:50.678, 83, 540, 810, 16.07, 0x0000000000000001
2026/10/02 08:05:50.801, 83, 645, 6001, 15.35, 0x0000000000000001
2026/10/02 08:05:50.919, 83, 645, 6001, 14.60, 0x0000000000000001
2026/10/02 08:05:51.038, 82, 645, 6001, 13.86, 0x0000000000000001
2026/10/02 08:05:51.158, 82, 645, 6001, 12.32, 0x0000000000000001
2026/10/02 08:05:51.297, 82, 645, 6001, 12.48, 0x0000000000000001
2026/10/02 08:05:51.414, 82, 645, 6001, 12.48, 0x0000000000000001
2026/10/02 08:05:51.540, 82, 645, 6001, 12.56, 0x0000000000000001
2026/10/02 08:05:51.677, 82, 645, 6001, 12.72, 0x0000000000000001
2026/10/02 08:05:51.803, 82, 645, 6001, 12.85, 0x0000000000000001
2026/10/02 08:05:51.925, 82, 645, 6001, 12.92, 0x0000000000000001
2026/10/02 08:05:52.056, 82, 645, 6001, 12.90, 0x0000000000000001
2026/10/02 08:05:52.178, 82, 645, 6001, 12.89, 0x0000000000000001
2026/10/02 08:05:52.303, 82, 390, 6001, 12.90, 0x0000000000000001
2026/10/02 08:05:52.434, 82, 390, 6001, 12.96, 0x0000000000000001
2026/10/02 08:05:52.579, 82, 390, 6001, 13.28, 0x0000000000000001
2026/10/02 08:05:52.723, 82, 390, 6001, 13.30, 0x0000000000000001
2026/10/02 08:05:52.846, 82, 375, 6001, 13.29, 0x0000000000000001
2026/10/02 08:05:52.984, 82, 375, 6001, 13.05, 0x0000000000000001
2026/10/02 08:05:53.111, 82, 375, 6001, 13.06, 0x0000000000000001
2026/10/02 08:05:53.236, 82, 375, 6001, 13.06, 0x0000000000000001
2026/10/02 08:05:53.362, 82, 375, 6001, 13.07, 0x0000000000000001
2026/10/02 08:05:53.511, 82, 375, 6001, 13.34, 0x0000000000000001
2026/10/02 08:05:53.654, 82, 375, 6001, 13.33, 0x0000000000000001
2026/10/02 08:05:53.779, 82, 375, 6001, 13.21, 0x0000000000000001
2026/10/02 08:05:53.902, 82, 375, 6001, 12.96, 0x0000000000000001
2026/10/02 08:05:54.023, 82, 375, 6001, 12.93, 0x0000000000000001
2026/10/02 08:05:54.155, 82, 375, 6001, 13.10, 0x0000000000000001
2026/10/02 08:05:54.289, 82, 375, 6001, 13.24, 0x0000000000000001
2026/10/02 08:05:54.428, 82, 375, 6001, 13.58, 0x0000000000000001
2026/10/02 08:05:54.566, 82, 375, 6001, 13.56, 0x0000000000000001
2026/10/02 08:05:54.690, 82, 375, 6001, 13.61, 0x0000000000000001
2026/10/02 08:05:54.831, 82, 375, 6001, 13.73, 0x0000000000000001
2026/10/02 08:05:54.968, 82, 375, 6001, 13.92, 0x0000000000000001
2026/10/02 08:05:55.092, 82, 375, 6001, 13.96, 0x0000000000000001
2026/10/02 08:05:55.217, 82, 375, 6001, 14.08, 0x0000000000000001
2026/10/02 08:05:55.351, 82, 375, 6001, 13.91, 0x0000000000000001
2026/10/02 08:05:55.476, 82, 375, 6001, 13.73, 0x0000000000000001
2026/10/02 08:05:55.605, 82, 375, 6001, 13.66, 0x0000000000000001
2026/10/02 08:05:55.731, 82, 375, 6001, 13.64, 0x0000000000000001
2026/10/02 08:05:55.857, 82, 330, 6001, 13.47, 0x0000000000000001
2026/10/02 08:05:55.999, 82, 330, 6001, 13.06, 0x0000000000000001
2026/10/02 08:05:56.131, 82, 330, 6001, 12.34, 0x0000000000000001
2026/10/02 08:05:56.255, 82, 330, 6001, 11.89, 0x0000000000000001
2026/10/02 08:05:56.415, 82, 270, 810, 11.78, 0x0000000000000001
2026/10/02 08:05:56.544, 82, 270, 810, 11.27, 0x0000000000000001
2026/10/02 08:05:56.669, 82, 270, 810, 10.93, 0x0000000000000001
2026/10/02 08:05:56.798, 82, 270, 810, 10.46, 0x0000000000000001
2026/10/02 08:05:56.925, 82, 240, 810, 9.90, 0x0000000000000001
2026/10/02 08:05:57.062, 82, 240, 810, 9.92, 0x0000000000000001
2026/10/02 08:05:57.195, 82, 240, 810, 9.90, 0x0000000000000001
2026/10/02 08:05:57.317, 82, 240, 810, 9.91, 0x0000000000000001
2026/10/02 08:05:57.438, 82, 210, 810, 9.89, 0x0000000000000001
2026/10/02 08:05:57.566, 82, 210, 810, 9.89, 0x0000000000000001
2026/10/02 08:05:57.706, 82, 210, 810, 9.95, 0x0000000000000001
2026/10/02 08:05:57.829, 82, 210, 810, 9.95, 0x0000000000000001
2026/10/02 08:05:57.958, 82, 210, 810, 9.90, 0x0000000000000001
2026/10/02 08:05:58.096, 82, 210, 810, 9.85, 0x0000000000000001
2026/10/02 08:05:58.225, 82, 210, 810, 10.05, 0x0000000000000001
2026/10/02 08:05:58.361, 82, 1890, 8001, 11.04, 0x0000000000000001
2026/10/02 08:05:58.486, 82, 1890, 8001, 12.03, 0x0000000000000001
2026/10/02 08:05:58.603, 82, 1890, 8001, 12.94, 0x0000000000000001
2026/10/02 08:05:58.739, 82, 1890, 8001, 13.79, 0x0000000000000001
2026/10/02 08:05:58.861, 83, 1890, 8001, 15.97, 0x0000000000000001
2026/10/02 08:05:59.002, 83, 1890, 8001, 17.24, 0x0000000000000001
2026/10/02 08:05:59.127, 83, 1890, 8001, 18.34, 0x0000000000000001
2026/10/02 08:05:59.254, 83, 1890, 8001, 20.12, 0x0000000000000001
2026/10/02 08:05:59.380, 83, 1890, 8001, 20.90, 0x0000000000000001
2026/10/02 08:05:59.500, 83, 1890, 8001, 21.06, 0x0000000000000001
2026/10/02 08:05:59.619, 83, 1890, 8001, 21.16, 0x0000000000000001
2026/10/02 08:05:59.737, 83, 1890, 8001, 21.31, 0x0000000000000001
2026/10/02 08:05:59.860, 83, 1890, 8001, 21.18, 0x0000000000000001
2026/10/02 08:05:59.980, 83, 1890, 8001, 20.99, 0x0000000000000001
2026/10/02 08:06:00.111, 83, 1890, 8001, 20.71, 0x0000000000000001
2026/10/02 08:06:00.238, 83, 1890, 8001, 20.00, 0x0000000000000001
2026/10/02 08:06:00.364, 82, 540, 6001, 18.65, 0x0000000000000001
2026/10/02 08:06:00.491, 82, 540, 6001, 17.99, 0x0000000000000001
2026/10/02 08:06:00.616, 82, 540, 6001, 17.29, 0x0000000000000001
2026/10/02 08:06:00.735, 82, 540, 6001, 16.50, 0x0000000000000001
2026/10/02 08:06:00.859, 82, 540, 6001, 14.61, 0x0000000000000001
2026/10/02 08:06:00.996, 82, 465, 810, 13.01, 0x0000000000000001
2026/10/02 08:06:01.131, 82, 465, 810, 12.00, 0x0000000000000001
2026/10/02 08:06:01.264, 82, 465, 810, 11.36, 0x0000000000000001
2026/10/02 08:06:01.420, 82, 390, 810, 11.11, 0x0000000000000001
2026/10/02 08:06:01.547, 82, 390, 810, 10.83, 0x0000000000000001
2026/10/02 08:06:01.680, 82, 390, 810, 10.30, 0x0000000000000001
2026/10/02 08:06:01.828, 82, 390, 810, 10.24, 0x0000000000000001
2026/10/02 08:06:01.961, 82, 360, 810, 10.26, 0x0000000000000001
2026/10/02 08:06:02.089, 82, 360, 810, 10.36, 0x0000000000000001
2026/10/02 08:06:02.220, 82, 360, 810, 10.36, 0x0000000000000001
2026/10/02 08:06:02.347, 82, 360, 810, 10.34, 0x0000000000000001
2026/10/02 08:06:02.480, 82, 315, 810, 10.29, 0x0000000000000001
2026/10/02 08:06:02.605, 82, 315, 810, 10.26, 0x0000000000000001
2026/10/02 08:06:02.738, 82, 315, 810, 10.22, 0x0000000000000001
2026/10/02 08:06:02.860, 82, 315, 810, 10.18, 0x0000000000000001
2026/10/02 08:06:02.992, 82, 270, 810, 10.10, 0x0000000000000001
2026/10/02 08:06:03.123, 82, 270, 810, 10.05, 0x0000000000000001
2026/10/02 08:06:03.262, 82, 270, 810, 10.10, 0x0000000000000001
2026/10/02 08:06:03.397, 82, 225, 810, 10.06, 0x0000000000000001
2026/10/02 08:06:03.526, 82, 225, 810, 10.03, 0x0000000000000001
2026/10/02 08:06:03.649, 82, 225, 810, 10.03, 0x0000000000000001
2026/10/02 08:06:03.781, 82, 225, 810, 10.11, 0x0000000000000001
2026/10/02 08:06:03.905, 82, 210, 810, 10.06, 0x0000000000000001
2026/10/02 08:06:04.042, 82, 210, 810, 10.04, 0x0000000000000001
2026/10/02 08:06:04.168, 82, 210, 810, 10.03, 0x0000000000000001
2026/10/02 08:06:04.298, 82, 210, 810, 9.93, 0x0000000000000001
2026/10/02 08:06:04.424, 82, 210, 405, 9.67, 0x0000000000000001
2026/10/02 08:06:04.550, 82, 210, 405, 9.45, 0x0000000000000001
2026/10/02 08:06:04.684, 82, 210, 405, 8.99, 0x0000000000000001
2026/10/02 08:06:04.821, 82, 210, 405, 8.70, 0x0000000000000001
2026/10/02 08:06:04.945, 82, 210, 405, 8.42, 0x0000000000000001
2026/10/02 08:06:05.074, 82, 210, 405, 8.21, 0x0000000000000001
2026/10/02 08:06:05.225, 82, 210, 405, 7.65, 0x0000000000000001
2026/10/02 08:06:05.375, 82, 210, 405, 7.70, 0x0000000000000001
2026/10/02 08:06:05.503, 82, 1890, 8001, 9.51, 0x0000000000000001
2026/10/02 08:06:05.623, 82, 1890, 8001, 10.62, 0x0000000000000001
2026/10/02 08:06:05.744, 82, 1890, 8001, 11.74, 0x0000000000000001
2026/10/02 08:06:05.876, 82, 1890, 8001, 13.94, 0x0000000000000001
2026/10/02 08:06:06.005, 82, 1890, 8001, 15.05, 0x0000000000000001
2026/10/02 08:06:06.121, 83, 1890, 8001, 16.17, 0x0000000000000001
2026/10/02 08:06:06.244, 83, 1890, 8001, 17.43, 0x0000000000000001
2026/10/02 08:06:06.368, 83, 1890, 8001, 19.45, 0x0000000000000001
2026/10/02 08:06:06.490, 83, 1890, 8001, 19.81, 0x0000000000000001
2026/10/02 08:06:06.610, 83, 1890, 8001, 19.92, 0x0000000000000001
2026/10/02 08:06:06.729, 83, 1890, 8001, 20.10, 0x0000000000000001
2026/10/02 08:06:06.848, 83, 1890, 8001, 20.26, 0x0000000000000001
2026/10/02 08:06:06.973, 83, 1890, 8001, 20.73, 0x0000000000000001
2026/10/02 08:06:07.096, 83, 1890, 8001, 20.89, 0x0000000000000001
2026/10/02 08:06:07.219, 83, 1890, 8001, 20.42, 0x0000000000000001
2026/10/02 08:06:07.338, 83, 1890, 8001, 19.24, 0x0000000000000001
2026/10/02 08:06:07.459, 83, 735, 6001, 18.49, 0x0000000000000001
2026/10/02 08:06:07.582, 82, 735, 6001, 17.78, 0x0000000000000001
2026/10/02 08:06:07.706, 82, 735, 6001, 17.06, 0x0000000000000001
2026/10/02 08:06:07.827, 82, 735, 6001, 15.48, 0x0000000000000001
2026/10/02 08:06:07.955, 82, 630, 6001, 14.61, 0x0000000000000001
2026/10/02 08:06:08.074, 82, 630, 6001, 12.99, 0x0000000000000001
2026/10/02 08:06:08.194, 82, 630, 6001, 13.01, 0x0000000000000001
2026/10/02 08:06:08.320, 82, 630, 6001, 13.07, 0x0000000000000001
2026/10/02 08:06:08.444, 82, 525, 6001, 13.05, 0x0000000000000001
2026/10/02 08:06:08.569, 82, 525, 6001, 12.78, 0x0000000000000001
2026/10/02 08:06:08.699, 82, 525, 6001, 12.60, 0x0000000000000001
2026/10/02 08:06:08.832, 82, 525, 6001, 12.05, 0x0000000000000001
2026/10/02 08:06:08.969, 82, 420, 810, 11.77, 0x0000000000000001
2026/10/02 08:06:09.092, 82, 420, 810, 11.53, 0x0000000000000001
2026/10/02 08:06:09.214, 82, 420, 810, 11.27, 0x0000000000000001
2026/10/02 08:06:09.346, 82, 420, 810, 10.54, 0x0000000000000001
2026/10/02 08:06:09.470, 82, 360, 810, 10.31, 0x0000000000000001
2026/10/02 08:06:09.607, 82, 360, 810, 10.06, 0x0000000000000001
2026/10/02 08:06:09.732, 82, 360, 810, 9.98, 0x0000000000000001
2026/10/02 08:06:09.864, 82, 360, 810, 9.99, 0x0000000000000001
2026/10/02 08:06:09.990, 82, 285, 810, 10.02, 0x0000000000000001
2026/10/02 08:06:10.115, 82, 285, 810, 10.10, 0x0000000000000001
2026/10/02 08:06:10.242, 82, 285, 810, 10.10, 0x0000000000000001
2026/10/02 08:06:10.368, 82, 285, 810, 10.16, 0x0000000000000001
2026/10/02 08:06:10.506, 82, 255, 810, 10.26, 0x0000000000000001
2026/10/02 08:06:10.631, 82, 255, 810, 10.35, 0x0000000000000001
2026/10/02 08:06:10.755, 82, 255, 810, 10.32, 0x0000000000000001
2026/10/02 08:06:10.878, 82, 300, 810, 10.30, 0x0000000000000001
2026/10/02 08:06:11.006, 82, 300, 810, 10.26, 0x0000000000000001
2026/10/02 08:06:11.127, 82, 300, 810, 10.17, 0x0000000000000001
2026/10/02 08:06:11.248, 82, 300, 810, 10.12, 0x0000000000000001
2026/10/02 08:06:11.370, 82, 300, 810, 10.11, 0x0000000000000001
2026/10/02 08:06:11.497, 82, 300, 810, 10.05, 0x0000000000000001
2026/10/02 08:06:11.620, 82, 300, 810, 9.96, 0x0000000000000001
2026/10/02 08:06:11.751, 82, 300, 810, 9.82, 0x0000000000000001
2026/10/02 08:06:11.887, 82, 300, 810, 9.85, 0x0000000000000001
2026/10/02 08:06:12.010, 82, 300, 810, 9.86, 0x0000000000000001
2026/10/02 08:06:12.131, 82, 300, 810, 9.66, 0x0000000000000001
2026/10/02 08:06:12.301, 82, 300, 810, 9.53, 0x0000000000000001
2026/10/02 08:06:12.521, 82, 285, 405, 9.32, 0x0000000000000001
2026/10/02 08:06:12.644, 82, 285, 405, 10.88, 0x0000000000000001
2026/10/02 08:06:12.766, 82, 285, 405, 12.00, 0x0000000000000001
2026/10/02 08:06:12.887, 82, 285, 405, 13.12, 0x0000000000000001
2026/10/02 08:06:13.013, 82, 1890, 8001, 14.30, 0x0000000000000001
2026/10/02 08:06:13.138, 83, 1890, 8001, 16.79, 0x0000000000000001
2026/10/02 08:06:13.259, 83, 1890, 8001, 18.19, 0x0000000000000001
2026/10/02 08:06:13.381, 83, 1890, 8001, 19.57, 0x0000000000000001
2026/10/02 08:06:13.501, 83, 1890, 8001, 20.91, 0x0000000000000001
2026/10/02 08:06:13.620, 83, 1890, 8001, 22.71, 0x0000000000000001
2026/10/02 08:06:13.753, 83, 1890, 8001, 22.81, 0x0000000000000001
2026/10/02 08:06:13.872, 83, 1890, 8001, 22.84, 0x0000000000000001
2026/10/02 08:06:13.991, 83, 1890, 8001, 23.08, 0x0000000000000001
2026/10/02 08:06:14.114, 84, 1890, 8001, 23.04, 0x0000000000000001
2026/10/02 08:06:14.238, 84, 1890, 8001, 23.35, 0x0000000000000001
2026/10/02 08:06:14.363, 84, 1890, 8001, 22.98, 0x0000000000000001
2026/10/02 08:06:14.483, 84, 1275, 8001, 23.02, 0x0000000000000001
2026/10/02 08:06:14.602, 84, 1275, 8001, 23.36, 0x0000000000000001
2026/10/02 08:06:14.733, 84, 1275, 8001, 23.66, 0x0000000000000001
2026/10/02 08:06:14.851, 84, 1275, 8001, 24.11, 0x0000000000000001
2026/10/02 08:06:14.969, 84, 1575, 8001, 24.55, 0x0000000000000001
2026/10/02 08:06:15.086, 84, 1575, 8001, 24.77, 0x0000000000000001
2026/10/02 08:06:15.206, 84, 1575, 8001, 25.54, 0x0000000000000001
2026/10/02 08:06:15.326, 84, 1575, 8001, 25.48, 0x0000000000000001
2026/10/02 08:06:15.443, 84, 1575, 8001, 26.20, 0x0000000000000001
2026/10/02 08:06:15.560, 85, 1575, 8001, 26.52, 0x0000000000000001
2026/10/02 08:06:15.680, 85, 1575, 8001, 27.02, 0x0000000000000001
2026/10/02 08:06:15.801, 85, 1575, 8001, 27.11, 0x0000000000000001
2026/10/02 08:06:15.924, 85, 1575, 8001, 26.29, 0x0000000000000001
2026/10/02 08:06:16.045, 84, 1575, 8001, 25.43, 0x0000000000000001
2026/10/02 08:06:16.162, 84, 1575, 8001, 24.57, 0x0000000000000001
2026/10/02 08:06:16.285, 84, 1575, 8001, 22.92, 0x0000000000000001
2026/10/02 08:06:16.403, 84, 1575, 8001, 22.08, 0x0000000000000001
2026/10/02 08:06:16.523, 83, 1575, 8001, 21.29, 0x0000000000000001
2026/10/02 08:06:16.643, 83, 1575, 8001, 20.46, 0x0000000000000001
2026/10/02 08:06:16.765, 83, 1575, 8001, 17.96, 0x0000000000000001
2026/10/02 08:06:16.891, 83, 930, 6001, 16.67, 0x0000000000000001
2026/10/02 08:06:17.013, 83, 930, 6001, 16.21, 0x0000000000000001
2026/10/02 08:06:17.140, 83, 930, 6001, 15.82, 0x0000000000000001
2026/10/02 08:06:17.261, 83, 930, 6001, 15.42, 0x0000000000000001
2026/10/02 08:06:17.392, 83, 780, 6001, 14.06, 0x0000000000000001
2026/10/02 08:06:17.512, 82, 780, 6001, 13.94, 0x0000000000000001
2026/10/02 08:06:17.631, 82, 780, 6001, 12.98, 0x0000000000000001
2026/10/02 08:06:17.756, 82, 780, 6001, 12.87, 0x0000000000000001
2026/10/02 08:06:17.875, 82, 600, 6001, 12.77, 0x0000000000000001
2026/10/02 08:06:18.002, 82, 600, 6001, 12.74, 0x0000000000000001
2026/10/02 08:06:18.126, 82, 600, 6001, 12.47, 0x0000000000000001
2026/10/02 08:06:18.247, 82, 600, 6001, 12.16, 0x0000000000000001
2026/10/02 08:06:18.378, 82, 495, 810, 11.60, 0x0000000000000001
2026/10/02 08:06:18.505, 82, 495, 810, 11.34, 0x0000000000000001
2026/10/02 08:06:18.625, 82, 495, 810, 11.07, 0x0000000000000001
2026/10/02 08:06:18.746, 82, 495, 810, 10.81, 0x0000000000000001
2026/10/02 08:06:18.866, 82, 390, 810, 10.14, 0x0000000000000001
2026/10/02 08:06:18.988, 82, 390, 810, 10.12, 0x0000000000000001
2026/10/02 08:06:19.109, 82, 390, 810, 9.86, 0x0000000000000001
2026/10/02 08:06:19.235, 82, 390, 810, 9.82, 0x0000000000000001
2026/10/02 08:06:19.354, 82, 390, 810, 9.82, 0x0000000000000001
2026/10/02 08:06:19.475, 82, 330, 810, 9.81, 0x0000000000000001
2026/10/02 08:06:19.604, 82, 330, 810, 9.85, 0x0000000000000001
2026/10/02 08:06:19.723, 82, 330, 810, 9.84, 0x0000000000000001
2026/10/02 08:06:19.843, 82, 330, 810, 9.83, 0x0000000000000001
2026/10/02 08:06:19.973, 82, 255, 810, 9.80, 0x0000000000000001
2026/10/02 08:06:20.103, 82, 255, 810, 9.79, 0x0000000000000001
2026/10/02 08:06:20.223, 82, 255, 810, 9.79, 0x0000000000000001
2026/10/02 08:06:20.354, 82, 255, 810, 9.79, 0x0000000000000001
2026/10/02 08:06:20.483, 82, 225, 810, 9.81, 0x0000000000000001
2026/10/02 08:06:20.616, 82, 225, 810, 9.84, 0x0000000000000001
2026/10/02 08:06:20.754, 82, 225, 810, 9.86, 0x0000000000000001
2026/10/02 08:06:20.889, 82, 210, 810, 9.91, 0x0000000000000001
2026/10/02 08:06:21.023, 82, 210, 810, 9.97, 0x0000000000000001
2026/10/02 08:06:21.159, 82, 210, 810, 9.75, 0x0000000000000001
2026/10/02 08:06:21.297, 82, 210, 810, 9.34, 0x0000000000000001
2026/10/02 08:06:21.430, 82, 210, 405, 9.11, 0x0000000000000001
2026/10/02 08:06:21.553, 82, 210, 405, 8.87, 0x0000000000000001
2026/10/02 08:06:21.677, 82, 210, 405, 8.37, 0x0000000000000001
2026/10/02 08:06:21.804, 82, 210, 405, 8.11, 0x0000000000000001
2026/10/02 08:06:21.938, 82, 210, 405, 7.82, 0x0000000000000001
2026/10/02 08:06:22.063, 82, 210, 405, 7.31, 0x0000000000000001
2026/10/02 08:06:22.201, 82, 210, 405, 7.28, 0x0000000000000001
2026/10/02 08:06:22.325, 82, 210, 405, 7.23, 0x0000000000000001
2026/10/02 08:06:22.449, 82, 210, 405, 7.22, 0x0000000000000001
2026/10/02 08:06:22.573, 82, 210, 405, 7.21, 0x0000000000000001
2026/10/02 08:06:22.709, 82, 210, 405, 7.21, 0x0000000000000001
2026/10/02 08:06:22.842, 82, 210, 405, 7.21, 0x0000000000000001
2026/10/02 08:06:22.970, 82, 210, 405, 7.60, 0x0000000000000001
2026/10/02 08:06:23.089, 82, 210, 405, 8.81, 0x0000000000000001
2026/10/02 08:06:23.207, 82, 210, 405, 10.02, 0x0000000000000001
2026/10/02 08:06:23.325, 82, 210, 405, 11.23, 0x0000000000000001
2026/10/02 08:06:23.444, 83, 1890, 8001, 12.45, 0x0000000000000001
2026/10/02 08:06:23.565, 83, 1890, 8001, 14.86, 0x0000000000000001
2026/10/02 08:06:23.686, 83, 1890, 8001, 16.09, 0x0000000000000001
2026/10/02 08:06:23.825, 83, 1890, 8001, 17.55, 0x0000000000000001
2026/10/02 08:06:23.947, 84, 1890, 8001, 20.44, 0x0000000000000001
2026/10/02 08:06:24.086, 84, 1890, 8001, 21.35, 0x0000000000000001
2026/10/02 08:06:24.210, 84, 1890, 8001, 21.38, 0x0000000000000001
2026/10/02 08:06:24.333, 84, 1890, 8001, 21.40, 0x0000000000000001
2026/10/02 08:06:24.456, 83, 1890, 8001, 21.45, 0x0000000000000001
2026/10/02 08:06:24.586, 83, 1890, 8001, 21.46, 0x0000000000000001
2026/10/02 08:06:24.713, 83, 1890, 8001, 21.49, 0x0000000000000001
2026/10/02 08:06:24.836, 83, 1890, 8001, 21.50, 0x0000000000000001
2026/10/02 08:06:24.960, 83, 1890, 8001, 21.31, 0x0000000000000001
2026/10/02 08:06:25.086, 83, 1890, 8001, 20.91, 0x0000000000000001
2026/10/02 08:06:25.207, 83, 1890, 8001, 20.85, 0x0000000000000001
2026/10/02 08:06:25.326, 83, 1890, 8001, 20.87, 0x0000000000000001
2026/10/02 08:06:25.449, 83, 1890, 8001, 20.90, 0x0000000000000001
2026/10/02 08:06:25.570, 83, 1890, 8001, 20.91, 0x0000000000000001
2026/10/02 08:06:25.698, 83, 1890, 8001, 20.90, 0x0000000000000001
2026/10/02 08:06:25.824, 83, 1890, 8001, 20.90, 0x0000000000000001
2026/10/02 08:06:25.954, 83, 1890, 8001, 20.91, 0x0000000000000001
2026/10/02 08:06:26.077, 83, 1890, 8001, 20.87, 0x0000000000000001
2026/10/02 08:06:26.205, 83, 1890, 8001, 20.82, 0x0000000000000001
2026/10/02 08:06:26.331, 83, 1890, 8001, 20.80, 0x0000000000000001
2026/10/02 08:06:26.453, 83, 1890, 8001, 20.80, 0x0000000000000001
2026/10/02 08:06:26.578, 83, 1890, 8001, 20.79, 0x0000000000000001
2026/10/02 08:06:26.706, 83, 1890, 8001, 20.77, 0x0000000000000001
2026/10/02 08:06:26.832, 83, 1890, 8001, 20.77, 0x0000000000000001
2026/10/02 08:06:26.956, 84, 1890, 8001, 20.77, 0x0000000000000001
2026/10/02 08:06:27.080, 84, 1890, 8001, 20.79, 0x0000000000000001
2026/10/02 08:06:27.211, 84, 1890, 8001, 20.78, 0x0000000000000001
2026/10/02 08:06:27.346, 84, 1890, 8001, 19.86, 0x0000000000000001
2026/10/02 08:06:27.470, 83, 570, 810, 18.93, 0x0000000000000001
2026/10/02 08:06:27.593, 83, 570, 810, 17.98, 0x0000000000000001
2026/10/02 08:06:27.716, 83, 570, 810, 16.28, 0x0000000000000001
2026/10/02 08:06:27.839, 83, 570, 810, 15.60, 0x0000000000000001
2026/10/02 08:06:27.962, 82, 435, 6001, 14.90, 0x0000000000000001
2026/10/02 08:06:28.084, 82, 435, 6001, 14.21, 0x0000000000000001
2026/10/02 08:06:28.208, 82, 435, 6001, 13.48, 0x0000000000000001
2026/10/02 08:06:28.340, 82, 435, 6001, 12.01, 0x0000000000000001
2026/10/02 08:06:28.476, 82, 390, 810, 11.99, 0x0000000000000001
2026/10/02 08:06:28.622, 82, 390, 810, 11.96, 0x0000000000000001
2026/10/02 08:06:28.758, 82, 390, 810, 11.77, 0x0000000000000001
2026/10/02 08:06:28.881, 82, 390, 810, 11.52, 0x0000000000000001
2026/10/02 08:06:29.016, 82, 315, 810, 11.25, 0x0000000000000001
2026/10/02 08:06:29.138, 82, 315, 810, 10.67, 0x0000000000000001
2026/10/02 08:06:29.262, 82, 315, 810, 10.37, 0x0000000000000001
2026/10/02 08:06:29.387, 82, 315, 810, 10.09, 0x0000000000000001
2026/10/02 08:06:29.508, 82, 270, 810, 10.03, 0x0000000000000001
2026/10/02 08:06:29.628, 82, 270, 810, 10.01, 0x0000000000000001
2026/10/02 08:06:29.748, 82, 270, 810, 9.95, 0x0000000000000001
2026/10/02 08:06:29.868, 82, 270, 810, 9.93, 0x0000000000000001
2026/10/02 08:06:29.988, 82, 210, 810, 9.93, 0x0000000000000001
2026/10/02 08:06:30.117, 82, 210, 810, 9.91, 0x0000000000000001
2026/10/02 08:06:30.246, 82, 210, 810, 9.89, 0x0000000000000001
2026/10/02 08:06:30.365, 82, 210, 810, 9.88, 0x0000000000000001
2026/10/02 08:06:30.493, 82, 210, 810, 9.87, 0x0000000000000001
2026/10/02 08:06:30.612, 82, 210, 810, 9.86, 0x0000000000000001
2026/10/02 08:06:30.742, 82, 210, 810, 9.85, 0x0000000000000001
2026/10/02 08:06:30.868, 82, 210, 810, 9.84, 0x0000000000000001
2026/10/02 08:06:30.996, 82, 210, 810, 9.85, 0x0000000000000001
2026/10/02 08:06:31.124, 82, 210, 810, 9.84, 0x0000000000000001
2026/10/02 08:06:31.243, 82, 210, 810, 9.84, 0x0000000000000001
2026/10/02 08:06:31.373, 82, 210, 810, 9.61, 0x0000000000000001
2026/10/02 08:06:31.505, 82, 210, 405, 9.41, 0x0000000000000001
2026/10/02 08:06:31.628, 82, 210, 405, 8.93, 0x0000000000000001
2026/10/02 08:06:31.753, 82, 210, 405, 8.70, 0x0000000000000001
2026/10/02 08:06:31.878, 82, 210, 405, 8.46, 0x0000000000000001
2026/10/02 08:06:32.010, 82, 210, 405, 8.23, 0x0000000000000001
2026/10/02 08:06:32.136, 82, 210, 405, 7.76, 0x0000000000000001
2026/10/02 08:06:32.269, 82, 210, 405, 7.54, 0x0000000000000001
2026/10/02 08:06:32.396, 82, 210, 405, 7.30, 0x0000000000000001
2026/10/02 08:06:32.522, 82, 210, 405, 7.30, 0x0000000000000001
2026/10/02 08:06:32.660, 82, 210, 405, 7.36, 0x0000000000000001
2026/10/02 08:06:32.796, 82, 210, 405, 7.38, 0x0000000000000001
2026/10/02 08:06:32.933, 82, 210, 405, 7.41, 0x0000000000000001
2026/10/02 08:06:33.065, 82, 210, 405, 7.52, 0x0000000000000001
2026/10/02 08:06:33.271, 82, 210, 405, 7.67, 0x0000000000000001
2026/10/02 08:06:33.412, 82, 210, 405, 7.66, 0x0000000000000001
2026/10/02 08:06:33.551, 82, 345, 405, 7.69, 0x0000000000000001
2026/10/02 08:06:33.688, 82, 345, 405, 7.70, 0x0000000000000001
2026/10/02 08:06:33.828, 82, 345, 405, 7.72, 0x0000000000000001
2026/10/02 08:06:33.953, 82, 345, 405, 7.68, 0x0000000000000001
2026/10/02 08:06:34.079, 82, 345, 405, 7.67, 0x0000000000000001
2026/10/02 08:06:34.204, 82, 345, 405, 7.56, 0x0000000000000001
2026/10/02 08:06:34.328, 82, 345, 405, 7.45, 0x0000000000000001
2026/10/02 08:06:34.453, 82, 345, 405, 7.42, 0x0000000000000001
2026/10/02 08:06:34.580, 82, 345, 405, 7.39, 0x0000000000000001
2026/10/02 08:06:34.723, 82, 345, 405, 7.36, 0x0000000000000001
2026/10/02 08:06:34.852, 82, 345, 405, 7.37, 0x0000000000000001
2026/10/02 08:06:34.995, 82, 345, 405, 7.39, 0x0000000000000001
2026/10/02 08:06:35.135, 82, 345, 405, 7.43, 0x0000000000000001
2026/10/02 08:06:35.277, 82, 345, 405, 7.46, 0x0000000000000001
2026/10/02 08:06:35.416, 82, 345, 405, 7.49, 0x0000000000000001
2026/10/02 08:06:35.556, 82, 225, 405, 7.55, 0x0000000000000001
2026/10/02 08:06:35.694, 82, 225, 405, 7.55, 0x0000000000000001
2026/10/02 08:06:35.819, 82, 225, 405, 7.55, 0x0000000000000001
2026/10/02 08:06:35.953, 82, 225, 405, 7.46, 0x0000000000000001
2026/10/02 08:06:36.082, 82, 210, 405, 7.41, 0x0000000000000001
2026/10/02 08:06:36.208, 82, 210, 405, 7.38, 0x0000000000000001
2026/10/02 08:06:36.337, 82, 210, 405, 7.35, 0x0000000000000001
2026/10/02 08:06:36.462, 82, 210, 405, 7.28, 0x0000000000000001
2026/10/02 08:06:36.587, 82, 210, 405, 7.23, 0x0000000000000001
2026/10/02 08:06:36.718, 82, 210, 405, 7.20, 0x0000000000000001
2026/10/02 08:06:36.851, 82, 210, 405, 7.18, 0x0000000000000001
2026/10/02 08:06:36.990, 82, 210, 405, 7.18, 0x0000000000000001
2026/10/02 08:06:37.115, 82, 210, 405, 7.18, 0x0000000000000001
2026/10/02 08:06:37.244, 82, 210, 405, 7.18, 0x0000000000000001
2026/10/02 08:06:37.372, 82, 210, 405, 9.11, 0x0000000000000001
2026/10/02 08:06:37.490, 82, 1890, 8001, 10.31, 0x0000000000000001
2026/10/02 08:06:37.607, 82, 1890, 8001, 11.51, 0x0000000000000001
2026/10/02 08:06:37.730, 83, 1890, 8001, 12.72, 0x0000000000000001
2026/10/02 08:06:37.846, 83, 1890, 8001, 15.19, 0x0000000000000001
2026/10/02 08:06:37.969, 83, 1890, 8001, 16.60, 0x0000000000000001
2026/10/02 08:06:38.092, 83, 1890, 8001, 17.70, 0x0000000000000001
2026/10/02 08:06:38.211, 83, 1890, 8001, 18.92, 0x0000000000000001
2026/10/02 08:06:38.328, 83, 1890, 8001, 20.16, 0x0000000000000001
2026/10/02 08:06:38.449, 83, 1890, 8001, 20.66, 0x0000000000000001
2026/10/02 08:06:38.566, 83, 1890, 8001, 20.69, 0x0000000000000001
2026/10/02 08:06:38.687, 83, 1890, 8001, 20.72, 0x0000000000000001
2026/10/02 08:06:38.808, 83, 1890, 8001, 20.74, 0x0000000000000001
2026/10/02 08:06:38.930, 83, 1890, 8001, 20.72, 0x0000000000000001
2026/10/02 08:06:39.047, 83, 1890, 8001, 20.69, 0x0000000000000001
2026/10/02 08:06:39.166, 83, 1890, 8001, 20.67, 0x0000000000000001
2026/10/02 08:06:39.283, 83, 1890, 8001, 20.70, 0x0000000000000001
2026/10/02 08:06:39.404, 83, 1890, 8001, 18.84, 0x0000000000000001
2026/10/02 08:06:39.535, 83, 450, 810, 17.90, 0x0000000000000001
2026/10/02 08:06:39.657, 83, 450, 810, 16.96, 0x0000000000000001
2026/10/02 08:06:39.793, 83, 450, 810, 15.51, 0x0000000000000001
2026/10/02 08:06:39.923, 83, 375, 6001, 14.81, 0x0000000000000001
2026/10/02 08:06:40.043, 83, 375, 6001, 14.11, 0x0000000000000001
2026/10/02 08:06:40.174, 82, 375, 6001, 13.40, 0x0000000000000001
2026/10/02 08:06:40.298, 82, 375, 6001, 11.74, 0x0000000000000001
2026/10/02 08:06:40.420, 82, 315, 810, 11.82, 0x0000000000000001
2026/10/02 08:06:40.552, 82, 315, 810, 11.67, 0x0000000000000001
2026/10/02 08:06:40.678, 82, 315, 810, 11.63, 0x0000000000000001
2026/10/02 08:06:40.798, 82, 315, 810, 11.35, 0x0000000000000001
2026/10/02 08:06:40.933, 82, 240, 810, 11.09, 0x0000000000000001
2026/10/02 08:06:41.052, 82, 240, 810, 10.80, 0x0000000000000001
2026/10/02 08:06:41.186, 82, 240, 810, 10.52, 0x0000000000000001
2026/10/02 08:06:41.308, 82, 240, 810, 9.94, 0x0000000000000001
2026/10/02 08:06:41.433, 82, 210, 810, 9.94, 0x0000000000000001
2026/10/02 08:06:41.557, 82, 210, 810, 9.93, 0x0000000000000001
2026/10/02 08:06:41.681, 82, 210, 810, 9.91, 0x0000000000000001
2026/10/02 08:06:41.803, 82, 210, 810, 9.91, 0x0000000000000001
2026/10/02 08:06:41.936, 82, 210, 810, 9.91, 0x0000000000000001
2026/10/02 08:06:42.057, 82, 210, 810, 9.90, 0x0000000000000001
2026/10/02 08:06:42.179, 82, 210, 810, 9.90, 0x0000000000000001
2026/10/02 08:06:42.301, 82, 210, 810, 9.89, 0x0000000000000001
2026/10/02 08:06:42.424, 82, 210, 810, 9.89, 0x0000000000000001
2026/10/02 08:06:42.545, 82, 210, 810, 9.88, 0x0000000000000001
2026/10/02 08:06:42.673, 82, 210, 810, 9.89, 0x0000000000000001
2026/10/02 08:06:42.794, 82, 210, 810, 9.89, 0x0000000000000001
2026/10/02 08:06:42.922, 82, 210, 810, 9.88, 0x0000000000000001
2026/10/02 08:06:43.043, 82, 210, 810, 9.86, 0x0000000000000001
2026/10/02 08:06:43.165, 82, 210, 810, 9.85, 0x0000000000000001
2026/10/02 08:06:43.287, 82, 210, 810, 9.84, 0x0000000000000001
2026/10/02 08:06:43.415, 82, 210, 405, 9.34, 0x0000000000000001
2026/10/02 08:06:43.550, 82, 210, 405, 9.09, 0x0000000000000001
2026/10/02 08:06:43.676, 82, 210, 405, 8.83, 0x0000000000000001
2026/10/02 08:06:43.800, 82, 210, 405, 8.33, 0x0000000000000001
2026/10/02 08:06:43.929, 82, 210, 405, 8.08, 0x0000000000000001
2026/10/02 08:06:44.052, 82, 210, 405, 7.63, 0x0000000000000001
2026/10/02 08:06:44.184, 82, 210, 405, 7.59, 0x0000000000000001
2026/10/02 08:06:44.311, 82, 210, 405, 7.09, 0x0000000000000001
2026/10/02 08:06:44.443, 82, 210, 405, 7.08, 0x0000000000000001
2026/10/02 08:06:44.580, 82, 210, 405, 7.07, 0x0000000000000001
2026/10/02 08:06:44.709, 82, 210, 405, 7.04, 0x0000000000000001
2026/10/02 08:06:44.836, 82, 210, 405, 7.03, 0x0000000000000001
2026/10/02 08:06:44.963, 82, 210, 405, 7.02, 0x0000000000000001
2026/10/02 08:06:45.098, 82, 210, 405, 7.01, 0x0000000000000001
2026/10/02 08:06:45.238, 82, 210, 405, 7.00, 0x0000000000000001
2026/10/02 08:06:45.363, 82, 210, 405, 7.00, 0x0000000000000001
2026/10/02 08:06:45.498, 82, 210, 405, 7.01, 0x0000000000000001
2026/10/02 08:06:45.630, 82, 210, 405, 7.03, 0x0000000000000001
2026/10/02 08:06:45.752, 82, 210, 405, 7.04, 0x0000000000000001
2026/10/02 08:06:45.876, 82, 210, 405, 7.06, 0x0000000000000001
2026/10/02 08:06:46.012, 82, 210, 405, 7.08, 0x0000000000000001
2026/10/02 08:06:46.147, 82, 210, 405, 7.09, 0x0000000000000001
2026/10/02 08:06:46.273, 82, 210, 405, 7.09, 0x0000000000000001
2026/10/02 08:06:46.396, 82, 210, 405, 7.11, 0x0000000000000001
2026/10/02 08:06:46.520, 82, 210, 405, 7.11, 0x0000000000000001
2026/10/02 08:06:46.642, 82, 210, 405, 7.12, 0x0000000000000001
2026/10/02 08:06:46.767, 82, 210, 405, 7.14, 0x0000000000000001
2026/10/02 08:06:46.905, 82, 210, 405, 7.16, 0x0000000000000001
2026/10/02 08:06:47.036, 82, 210, 405, 7.19, 0x0000000000000001
2026/10/02 08:06:47.157, 82, 210, 405, 7.18, 0x0000000000000001
2026/10/02 08:06:47.282, 82, 210, 405, 7.18, 0x0000000000000001
2026/10/02 08:06:47.406, 82, 210, 405, 7.18, 0x0000000000000001
2026/10/02 08:06:47.531, 82, 210, 405, 7.16, 0x0000000000000001
2026/10/02 08:06:47.658, 82, 210, 405, 7.15, 0x0000000000000001
2026/10/02 08:06:47.785, 82, 210, 405, 7.14, 0x0000000000000001
2026/10/02 08:06:47.919, 82, 210, 405, 7.11, 0x0000000000000001
2026/10/02 08:06:48.054, 82, 210, 405, 7.10, 0x0000000000000001
2026/10/02 08:06:48.181, 82, 210, 405, 7.07, 0x0000000000000001
2026/10/02 08:06:48.308, 82, 210, 405, 7.07, 0x0000000000000001
2026/10/02 08:06:48.481, 82, 210, 405, 7.39, 0x0000000000000001
2026/10/02 08:06:48.662, 82, 210, 405, 8.36, 0x0000000000000001
2026/10/02 08:06:48.778, 82, 210, 405, 9.60, 0x0000000000000001
2026/10/02 08:06:48.893, 82, 1890, 8001, 10.83, 0x0000000000000001
2026/10/02 08:06:49.019, 82, 1890, 8001, 13.21, 0x0000000000000001
2026/10/02 08:06:49.139, 82, 1890, 8001, 14.59, 0x0000000000000001
2026/10/02 08:06:49.269, 83, 1890, 8001, 16.84, 0x0000000000000001
2026/10/02 08:06:49.395, 83, 1890, 8001, 19.01, 0x0000000000000001
2026/10/02 08:06:49.513, 83, 1890, 8001, 20.42, 0x0000000000000001
2026/10/02 08:06:49.637, 83, 1890, 8001, 22.99, 0x0000000000000001
2026/10/02 08:06:49.756, 84, 1890, 8001, 23.25, 0x0000000000000001
2026/10/02 08:06:49.878, 84, 1890, 8001, 23.24, 0x0000000000000001
2026/10/02 08:06:49.997, 84, 1890, 8001, 23.23, 0x0000000000000001
2026/10/02 08:06:50.116, 84, 1890, 8001, 23.26, 0x0000000000000001
2026/10/02 08:06:50.238, 83, 1890, 8001, 23.34, 0x0000000000000001
2026/10/02 08:06:50.357, 83, 1890, 8001, 22.32, 0x0000000000000001
2026/10/02 08:06:50.478, 83, 1065, 6001, 20.82, 0x0000000000000001
2026/10/02 08:06:50.599, 83, 1065, 6001, 20.16, 0x0000000000000001
2026/10/02 08:06:50.720, 83, 1065, 6001, 18.38, 0x0000000000000001
2026/10/02 08:06:50.846, 83, 1065, 6001, 17.53, 0x0000000000000001
2026/10/02 08:06:50.970, 83, 930, 6001, 16.86, 0x0000000000000001
2026/10/02 08:06:51.099, 83, 930, 6001, 16.28, 0x0000000000000001
2026/10/02 08:06:51.220, 82, 930, 6001, 14.83, 0x0000000000000001
2026/10/02 08:06:51.343, 82, 930, 6001, 13.97, 0x0000000000000001
2026/10/02 08:06:51.465, 82, 735, 6001, 13.25, 0x0000000000000001
2026/10/02 08:06:51.586, 82, 735, 6001, 13.07, 0x0000000000000001
2026/10/02 08:06:51.714, 82, 735, 6001, 13.12, 0x0000000000000001
2026/10/02 08:06:51.835, 82, 735, 6001, 13.03, 0x0000000000000001
2026/10/02 08:06:51.964, 82, 645, 6001, 12.97, 0x0000000000000001
2026/10/02 08:06:52.090, 82, 645, 6001, 12.95, 0x0000000000000001
2026/10/02 08:06:52.224, 82, 645, 6001, 12.84, 0x0000000000000001
2026/10/02 08:06:52.348, 82, 645, 6001, 12.83, 0x0000000000000001
2026/10/02 08:06:52.471, 82, 525, 6001, 12.86, 0x0000000000000001
2026/10/02 08:06:52.591, 82, 525, 6001, 12.86, 0x0000000000000001
2026/10/02 08:06:52.714, 82, 525, 6001, 12.82, 0x0000000000000001
2026/10/02 08:06:52.835, 82, 525, 6001, 12.53, 0x0000000000000001
2026/10/02 08:06:52.965, 82, 435, 810, 12.31, 0x0000000000000001
2026/10/02 08:06:53.092, 82, 435, 810, 12.02, 0x0000000000000001
2026/10/02 08:06:53.219, 82, 435, 810, 11.60, 0x0000000000000001
2026/10/02 08:06:53.347, 82, 435, 810, 11.15, 0x0000000000000001
2026/10/02 08:06:53.471, 82, 360, 810, 10.95, 0x0000000000000001
2026/10/02 08:06:53.602, 82, 360, 810, 10.53, 0x0000000000000001
2026/10/02 08:06:53.729, 82, 360, 810, 9.95, 0x0000000000000001
2026/10/02 08:06:53.871, 82, 360, 810, 9.92, 0x0000000000000001
2026/10/02 08:06:54.004, 82, 300, 810, 9.94, 0x0000000000000001
2026/10/02 08:06:54.134, 82, 300, 810, 10.01, 0x0000000000000001
2026/10/02 08:06:54.270, 82, 300, 810, 10.03, 0x0000000000000001
2026/10/02 08:06:54.392, 82, 270, 810, 10.04, 0x0000000000000001
2026/10/02 08:06:54.521, 82, 270, 810, 10.03, 0x0000000000000001
2026/10/02 08:06:54.647, 82, 270, 810, 10.04, 0x0000000000000001
2026/10/02 08:06:54.775, 82, 270, 810, 10.03, 0x0000000000000001
2026/10/02 08:06:54.904, 82, 225, 810, 10.05, 0x0000000000000001
2026/10/02 08:06:55.025, 82, 225, 810, 10.02, 0x0000000000000001
2026/10/02 08:06:55.158, 82, 225, 810, 10.03, 0x0000000000000001
2026/10/02 08:06:55.279, 82, 225, 810, 9.99, 0x0000000000000001
2026/10/02 08:06:55.407, 82, 210, 810, 9.96, 0x0000000000000001
2026/10/02 08:06:55.535, 82, 210, 810, 9.95, 0x0000000000000001
2026/10/02 08:06:55.656, 82, 210, 810, 9.93, 0x0000000000000001
2026/10/02 08:06:55.779, 82, 210, 810, 9.94, 0x0000000000000001
2026/10/02 08:06:55.908, 82, 210, 810, 9.95, 0x0000000000000001
2026/10/02 08:06:56.038, 82, 210, 810, 9.98, 0x0000000000000001
2026/10/02 08:06:56.171, 82, 210, 810, 9.98, 0x0000000000000001
2026/10/02 08:06:56.291, 82, 210, 810, 9.95, 0x0000000000000001
2026/10/02 08:06:56.421, 82, 210, 405, 9.75, 0x0000000000000001
2026/10/02 08:06:56.555, 82, 210, 405, 9.52, 0x0000000000000001
2026/10/02 08:06:56.687, 82, 210, 405, 9.29, 0x0000000000000001
2026/10/02 08:06:56.814, 82, 210, 405, 8.84, 0x0000000000000001
2026/10/02 08:06:56.942, 82, 210, 405, 8.57, 0x0000000000000001
2026/10/02 08:06:57.076, 82, 210, 405, 8.32, 0x0000000000000001
2026/10/02 08:06:57.237, 82, 210, 405, 7.87, 0x0000000000000001
2026/10/02 08:06:57.366, 82, 210, 405, 7.64, 0x0000000000000001
2026/10/02 08:06:57.509, 82, 210, 405, 7.42, 0x0000000000000001
2026/10/02 08:06:57.639, 82, 210, 405, 7.40, 0x0000000000000001
2026/10/02 08:06:57.769, 82, 210, 405, 7.40, 0x0000000000000001
2026/10/02 08:06:57.903, 82, 210, 405, 7.40, 0x0000000000000001
2026/10/02 08:06:58.031, 82, 210, 405, 7.41, 0x0000000000000001
2026/10/02 08:06:58.176, 82, 210, 405, 7.42, 0x0000000000000001
2026/10/02 08:06:58.315, 82, 210, 405, 7.39, 0x0000000000000001
2026/10/02 08:06:58.445, 82, 210, 405, 7.38, 0x0000000000000001
2026/10/02 08:06:58.576, 82, 210, 405, 7.37, 0x0000000000000001
2026/10/02 08:06:58.707, 82, 210, 405, 7.36, 0x0000000000000001
2026/10/02 08:06:58.839, 82, 210, 405, 7.37, 0x0000000000000001
2026/10/02 08:06:58.968, 81, 210, 405, 7.39, 0x0000000000000001
2026/10/02 08:06:59.109, 81, 210, 405, 7.37, 0x0000000000000001
2026/10/02 08:06:59.237, 81, 210, 405, 7.37, 0x0000000000000001
2026/10/02 08:06:59.365, 81, 210, 405, 7.36, 0x0000000000000001
2026/10/02 08:06:59.508, 81, 210, 405, 7.39, 0x0000000000000001
2026/10/02 08:06:59.636, 81, 210, 405, 7.37, 0x0000000000000001
2026/10/02 08:06:59.787, 81, 210, 405, 7.39, 0x0000000000000001
2026/10/02 08:06:59.915, 81, 210, 405, 7.36, 0x0000000000000001
2026/10/02 08:07:00.058, 81, 210, 405, 7.39, 0x0000000000000001
2026/10/02 08:07:00.195, 81, 210, 405, 7.36, 0x0000000000000001
2026/10/02 08:07:00.323, 81, 210, 405, 7.39, 0x0000000000000001
2026/10/02 08:07:00.453, 81, 210, 405, 7.38, 0x0000000000000001
2026/10/02 08:07:00.607, 81, 210, 405, 7.37, 0x0000000000000001
2026/10/02 08:07:00.743, 81, 210, 405, 7.37, 0x0000000000000001
2026/10/02 08:07:00.872, 81, 210, 405, 7.36, 0x0000000000000001
2026/10/02 08:07:01.004, 81, 210, 405, 7.38, 0x0000000000000001
2026/10/02 08:07:01.151, 81, 210, 405, 7.38, 0x0000000000000001
2026/10/02 08:07:01.292, 81, 210, 405, 7.38, 0x0000000000000001
2026/10/02 08:07:01.422, 81, 210, 405, 7.38, 0x0000000000000001
2026/10/02 08:07:01.549, 81, 210, 405, 7.37, 0x0000000000000001
2026/10/02 08:07:01.677, 81, 210, 405, 7.36, 0x0000000000000001
2026/10/02 08:07:01.803, 81, 210, 405, 7.38, 0x0000000000000001
2026/10/02 08:07:01.936, 81, 210, 405, 7.37, 0x0000000000000001
2026/10/02 08:07:02.105, 81, 210, 405, 7.41, 0x0000000000000001
2026/10/02 08:07:02.238, 81, 210, 405, 7.40, 0x0000000000000001
2026/10/02 08:07:02.373, 81, 210, 405, 7.40, 0x0000000000000001
2026/10/02 08:07:02.504, 81, 210, 405, 7.39, 0x0000000000000001
2026/10/02 08:07:02.633, 81, 210, 405, 7.41, 0x0000000000000001
2026/10/02 08:07:02.767, 81, 210, 405, 7.39, 0x0000000000000001
2026/10/02 08:07:02.925, 81, 210, 405, 8.03, 0x0000000000000001
2026/10/02 08:07:03.045, 81, 1890, 8001, 9.19, 0x0000000000000001
2026/10/02 08:07:03.165, 81, 1890, 8001, 10.34, 0x0000000000000001
2026/10/02 08:07:03.283, 82, 1890, 8001, 11.55, 0x0000000000000001
2026/10/02 08:07:03.403, 82, 1890, 8001, 13.94, 0x0000000000000001
2026/10/02 08:07:03.530, 82, 1890, 8001, 15.24, 0x0000000000000001
2026/10/02 08:07:03.655, 82, 1890, 8001, 16.58, 0x0000000000000001
2026/10/02 08:07:03.776, 83, 1890, 8001, 17.77, 0x0000000000000001
2026/10/02 08:07:03.897, 83, 1890, 8001, 19.01, 0x0000000000000001
2026/10/02 08:07:04.019, 83, 1890, 8001, 20.78, 0x0000000000000001
2026/10/02 08:07:04.137, 83, 1890, 8001, 20.88, 0x0000000000000001
2026/10/02 08:07:04.257, 83, 1890, 8001, 20.91, 0x0000000000000001
2026/10/02 08:07:04.381, 83, 1890, 8001, 20.93, 0x0000000000000001
2026/10/02 08:07:04.498, 83, 1890, 8001, 20.94, 0x0000000000000001
2026/10/02 08:07:04.618, 83, 1890, 8001, 20.89, 0x0000000000000001
2026/10/02 08:07:04.736, 83, 1890, 8001, 20.81, 0x0000000000000001
2026/10/02 08:07:04.854, 83, 1890, 8001, 20.83, 0x0000000000000001
2026/10/02 08:07:04.981, 83, 1890, 8001, 20.84, 0x0000000000000001
2026/10/02 08:07:05.103, 83, 1890, 8001, 20.87, 0x0000000000000001
2026/10/02 08:07:05.222, 83, 1890, 8001, 20.99, 0x0000000000000001
2026/10/02 08:07:05.342, 83, 1890, 8001, 21.01, 0x0000000000000001
2026/10/02 08:07:05.464, 83, 1890, 8001, 21.00, 0x0000000000000001
2026/10/02 08:07:05.585, 83, 1890, 8001, 21.00, 0x0000000000000001
2026/10/02 08:07:05.704, 83, 1890, 8001, 20.99, 0x0000000000000001
2026/10/02 08:07:05.831, 83, 1890, 8001, 20.97, 0x0000000000000001
2026/10/02 08:07:05.952, 83, 1890, 8001, 20.98, 0x0000000000000001
2026/10/02 08:07:06.072, 83, 1890, 8001, 21.01, 0x0000000000000001
2026/10/02 08:07:06.196, 83, 1890, 8001, 21.02, 0x0000000000000001
2026/10/02 08:07:06.318, 83, 1890, 8001, 20.36, 0x0000000000000001
2026/10/02 08:07:06.445, 83, 1890, 8001, 19.64, 0x0000000000000001
2026/10/02 08:07:06.572, 83, 480, 6001, 18.95, 0x0000000000000001
2026/10/02 08:07:06.693, 82, 480, 6001, 18.25, 0x0000000000000001
2026/10/02 08:07:06.819, 82, 480, 6001, 16.35, 0x0000000000000001
2026/10/02 08:07:06.953, 82, 480, 6001, 15.40, 0x0000000000000001
2026/10/02 08:07:07.077, 82, 405, 810, 14.44, 0x0000000000000001
2026/10/02 08:07:07.200, 82, 405, 810, 13.46, 0x0000000000000001
2026/10/02 08:07:07.322, 82, 405, 810, 11.51, 0x0000000000000001
2026/10/02 08:07:07.444, 82, 405, 810, 11.03, 0x0000000000000001
2026/10/02 08:07:07.568, 82, 330, 810, 10.74, 0x0000000000000001
2026/10/02 08:07:07.697, 82, 330, 810, 10.46, 0x0000000000000001
2026/10/02 08:07:07.819, 82, 330, 810, 10.17, 0x0000000000000001
2026/10/02 08:07:07.945, 82, 330, 810, 10.09, 0x0000000000000001
2026/10/02 08:07:08.069, 82, 270, 810, 10.04, 0x0000000000000001
2026/10/02 08:07:08.191, 82, 270, 810, 10.01, 0x0000000000000001
2026/10/02 08:07:08.314, 82, 270, 810, 9.97, 0x0000000000000001
2026/10/02 08:07:08.438, 82, 270, 810, 9.95, 0x0000000000000001
2026/10/02 08:07:08.584, 82, 225, 810, 10.03, 0x0000000000000001
2026/10/02 08:07:08.706, 82, 225, 810, 9.97, 0x0000000000000001
2026/10/02 08:07:08.830, 82, 225, 810, 9.93, 0x0000000000000001
2026/10/02 08:07:08.965, 82, 225, 810, 9.92, 0x0000000000000001
2026/10/02 08:07:09.096, 82, 210, 810, 9.91, 0x0000000000000001
2026/10/02 08:07:09.218, 82, 210, 810, 9.93, 0x0000000000000001
2026/10/02 08:07:09.348, 82, 210, 810, 9.90, 0x0000000000000001
2026/10/02 08:07:09.471, 82, 210, 810, 9.92, 0x0000000000000001
2026/10/02 08:07:09.593, 82, 210, 810, 9.88, 0x0000000000000001
2026/10/02 08:07:09.715, 81, 210, 810, 9.80, 0x0000000000000001
2026/10/02 08:07:09.837, 81, 210, 810, 9.89, 0x0000000000000001
2026/10/02 08:07:09.969, 81, 210, 810, 9.90, 0x0000000000000001
2026/10/02 08:07:10.101, 81, 210, 810, 9.91, 0x0000000000000001
2026/10/02 08:07:10.222, 81, 210, 810, 9.89, 0x0000000000000001
2026/10/02 08:07:10.364, 81, 210, 810, 9.69, 0x0000000000000001
2026/10/02 08:07:10.499, 81, 210, 810, 9.47, 0x0000000000000001
2026/10/02 08:07:10.627, 81, 210, 405, 8.90, 0x0000000000000001
2026/10/02 08:07:10.779, 81, 210, 405, 8.81, 0x0000000000000001
2026/10/02 08:07:10.903, 81, 210, 405, 8.34, 0x0000000000000001
2026/10/02 08:07:11.027, 81, 210, 405, 7.91, 0x0000000000000001
2026/10/02 08:07:11.154, 81, 210, 405, 7.66, 0x0000000000000001
2026/10/02 08:07:11.280, 81, 210, 405, 7.42, 0x0000000000000001
2026/10/02 08:07:11.412, 81, 210, 405, 7.40, 0x0000000000000001
2026/10/02 08:07:11.553, 81, 210, 405, 7.41, 0x0000000000000001
2026/10/02 08:07:11.686, 81, 210, 405, 7.39, 0x0000000000000001
2026/10/02 08:07:11.816, 81, 210, 405, 7.38, 0x0000000000000001
2026/10/02 08:07:11.943, 81, 210, 405, 7.38, 0x0000000000000001
2026/10/02 08:07:12.071, 81, 210, 405, 7.39, 0x0000000000000001
2026/10/02 08:07:12.199, 81, 210, 405, 7.38, 0x0000000000000001
2026/10/02 08:07:12.335, 81, 210, 405, 7.38, 0x0000000000000001
2026/10/02 08:07:12.470, 81, 210, 405, 7.39, 0x0000000000000001
2026/10/02 08:07:12.598, 81, 210, 405, 7.36, 0x0000000000000001
2026/10/02 08:07:12.724, 81, 210, 405, 7.40, 0x0000000000000001
2026/10/02 08:07:12.851, 81, 210, 405, 7.41, 0x0000000000000001
2026/10/02 08:07:12.977, 81, 210, 405, 7.42, 0x0000000000000001
2026/10/02 08:07:13.103, 81, 210, 405, 7.41, 0x0000000000000001
2026/10/02 08:07:13.238, 81, 210, 405, 7.42, 0x0000000000000001
2026/10/02 08:07:13.376, 81, 210, 405, 7.42, 0x0000000000000001
2026/10/02 08:07:13.519, 81, 210, 405, 7.42, 0x0000000000000001
2026/10/02 08:07:13.649, 81, 210, 405, 7.42, 0x0000000000000001
2026/10/02 08:07:13.787, 81, 210, 405, 7.40, 0x0000000000000001
2026/10/02 08:07:13.913, 81, 210, 405, 7.39, 0x0000000000000001
2026/10/02 08:07:14.041, 81, 210, 405, 7.40, 0x0000000000000001
2026/10/02 08:07:14.171, 81, 210, 405, 7.38, 0x0000000000000001
2026/10/02 08:07:14.301, 81, 210, 405, 7.38, 0x0000000000000001
2026/10/02 08:07:14.428, 81, 210, 405, 7.39, 0x0000000000000001
2026/10/02 08:07:14.552, 81, 210, 405, 7.39, 0x0000000000000001
2026/10/02 08:07:14.707, 81, 210, 405, 7.39, 0x0000000000000001
2026/10/02 08:07:14.833, 81, 210, 405, 7.39, 0x0000000000000001
2026/10/02 08:07:15.013, 81, 210, 405, 7.42, 0x0000000000000001
2026/10/02 08:07:15.144, 81, 210, 405, 7.43, 0x0000000000000001
2026/10/02 08:07:15.283, 81, 210, 405, 7.44, 0x0000000000000001
2026/10/02 08:07:15.417, 81, 210, 405, 7.44, 0x0000000000000001
2026/10/02 08:07:15.544, 81, 210, 405, 7.44, 0x0000000000000001
2026/10/02 08:07:15.673, 81, 210, 405, 7.44, 0x0000000000000001
2026/10/02 08:07:15.805, 81, 210, 405, 7.42, 0x0000000000000001
2026/10/02 08:07:15.933, 81, 210, 405, 7.43, 0x0000000000000001
2026/10/02 08:07:16.062, 81, 210, 405, 7.39, 0x0000000000000001
2026/10/02 08:07:16.229, 81, 210, 405, 7.39, 0x0000000000000001
2026/10/02 08:07:16.375, 81, 210, 405, 7.39, 0x0000000000000001
2026/10/02 08:07:16.535, 81, 210, 405, 7.38, 0x0000000000000001
2026/10/02 08:07:16.662, 81, 210, 405, 7.36, 0x0000000000000001
2026/10/02 08:07:16.788, 81, 210, 405, 7.36, 0x0000000000000001
2026/10/02 08:07:16.917, 81, 210, 405, 7.37, 0x0000000000000001
2026/10/02 08:07:17.043, 81, 210, 405, 7.38, 0x0000000000000001
2026/10/02 08:07:17.190, 81, 210, 405, 7.39, 0x0000000000000001
2026/10/02 08:07:17.323, 81, 210, 405, 7.38, 0x0000000000000001
2026/10/02 08:07:17.470, 81, 210, 405, 7.39, 0x0000000000000001
2026/10/02 08:07:17.596, 81, 210, 405, 7.36, 0x0000000000000001
2026/10/02 08:07:17.723, 81, 210, 405, 7.39, 0x0000000000000001
2026/10/02 08:07:17.849, 81, 210, 405, 7.37, 0x0000000000000001
2026/10/02 08:07:17.994, 81, 210, 405, 7.48, 0x0000000000000001
2026/10/02 08:07:18.150, 81, 210, 405, 7.57, 0x0000000000000001
2026/10/02 08:07:18.285, 81, 210, 405, 7.58, 0x0000000000000001
2026/10/02 08:07:18.411, 81, 210, 405, 7.56, 0x0000000000000001
2026/10/02 08:07:18.536, 81, 345, 405, 7.54, 0x0000000000000001
2026/10/02 08:07:18.709, 81, 345, 405, 7.68, 0x0000000000000001
2026/10/02 08:07:18.839, 81, 345, 405, 7.74, 0x0000000000000001
2026/10/02 08:07:18.962, 81, 510, 810, 8.10, 0x0000000000000001
2026/10/02 08:07:19.084, 81, 510, 810, 8.25, 0x0000000000000001
2026/10/02 08:07:19.211, 81, 510, 810, 8.48, 0x0000000000000001
2026/10/02 08:07:19.335, 81, 510, 810, 8.82, 0x0000000000000001
2026/10/02 08:07:19.457, 81, 510, 810, 9.04, 0x0000000000000001
2026/10/02 08:07:19.578, 81, 510, 810, 9.26, 0x0000000000000001
2026/10/02 08:07:19.698, 81, 510, 810, 9.63, 0x0000000000000001
2026/10/02 08:07:19.833, 81, 510, 810, 10.01, 0x0000000000000001
2026/10/02 08:07:19.968, 81, 510, 810, 9.98, 0x0000000000000001
2026/10/02 08:07:20.093, 81, 510, 810, 9.97, 0x0000000000000001
2026/10/02 08:07:20.224, 81, 510, 810, 10.13, 0x0000000000000001
2026/10/02 08:07:20.349, 81, 510, 810, 10.09, 0x0000000000000001
2026/10/02 08:07:20.475, 81, 510, 810, 10.09, 0x0000000000000001
2026/10/02 08:07:20.597, 81, 510, 810, 10.03, 0x0000000000000001
2026/10/02 08:07:20.741, 81, 510, 810, 9.36, 0x0000000000000001
2026/10/02 08:07:20.869, 81, 510, 810, 9.18, 0x0000000000000001
2026/10/02 08:07:21.027, 81, 330, 405, 9.41, 0x0000000000000001
2026/10/02 08:07:21.157, 81, 330, 405, 10.20, 0x0000000000000001
2026/10/02 08:07:21.283, 81, 330, 405, 10.85, 0x0000000000000001
2026/10/02 08:07:21.407, 81, 330, 405, 11.41, 0x0000000000000001
2026/10/02 08:07:21.537, 81, 1890, 6001, 12.54, 0x0000000000000001
2026/10/02 08:07:21.659, 81, 1890, 6001, 13.38, 0x0000000000000001
2026/10/02 08:07:21.779, 82, 1890, 6001, 14.52, 0x0000000000000001
2026/10/02 08:07:21.899, 82, 1890, 6001, 15.69, 0x0000000000000001
2026/10/02 08:07:22.018, 82, 1890, 7001, 16.58, 0x0000000000000001
2026/10/02 08:07:22.138, 82, 1890, 7001, 18.17, 0x0000000000000001
2026/10/02 08:07:22.255, 82, 1890, 7001, 18.43, 0x0000000000000001
2026/10/02 08:07:22.380, 82, 1890, 7001, 18.74, 0x0000000000000001
2026/10/02 08:07:22.498, 82, 1890, 8001, 19.10, 0x0000000000000001
2026/10/02 08:07:22.625, 82, 1890, 8001, 20.00, 0x0000000000000001
2026/10/02 08:07:22.745, 83, 1890, 8001, 20.23, 0x0000000000000001
2026/10/02 08:07:22.867, 83, 1890, 8001, 20.38, 0x0000000000000001
2026/10/02 08:07:22.991, 83, 1890, 8001, 20.52, 0x0000000000000001
2026/10/02 08:07:23.120, 83, 1890, 8001, 20.85, 0x0000000000000001
2026/10/02 08:07:23.243, 83, 1890, 8001, 21.01, 0x0000000000000001
2026/10/02 08:07:23.363, 83, 1890, 8001, 21.01, 0x0000000000000001
2026/10/02 08:07:23.482, 83, 1890, 8001, 21.05, 0x0000000000000001
2026/10/02 08:07:23.600, 83, 1890, 8001, 21.04, 0x0000000000000001
2026/10/02 08:07:23.729, 83, 1890, 8001, 21.06, 0x0000000000000001
2026/10/02 08:07:23.852, 83, 1890, 8001, 21.08, 0x0000000000000001
2026/10/02 08:07:23.979, 83, 1890, 8001, 21.09, 0x0000000000000001
2026/10/02 08:07:24.096, 83, 1890, 8001, 21.10, 0x0000000000000001
2026/10/02 08:07:24.218, 83, 1890, 8001, 21.08, 0x0000000000000001
2026/10/02 08:07:24.341, 83, 1890, 8001, 20.15, 0x0000000000000001
2026/10/02 08:07:24.463, 83, 660, 6001, 19.54, 0x0000000000000001
2026/10/02 08:07:24.585, 83, 660, 6001, 18.90, 0x0000000000000001
2026/10/02 08:07:24.709, 82, 660, 6001, 18.30, 0x0000000000000001
2026/10/02 08:07:24.836, 82, 660, 6001, 16.94, 0x0000000000000001
2026/10/02 08:07:24.957, 82, 615, 6001, 16.22, 0x0000000000000001
2026/10/02 08:07:25.086, 82, 615, 6001, 15.44, 0x0000000000000001
2026/10/02 08:07:25.209, 82, 615, 6001, 14.73, 0x0000000000000001
2026/10/02 08:07:25.334, 82, 615, 6001, 13.32, 0x0000000000000001
2026/10/02 08:07:25.482, 82, 600, 810, 13.05, 0x0000000000000001
2026/10/02 08:07:25.604, 82, 600, 810, 12.63, 0x0000000000000001
2026/10/02 08:07:25.726, 82, 600, 810, 11.84, 0x0000000000000001
2026/10/02 08:07:25.850, 82, 600, 810, 11.44, 0x0000000000000001
2026/10/02 08:07:25.975, 82, 600, 810, 11.20, 0x0000000000000001
2026/10/02 08:07:26.103, 82, 600, 810, 10.93, 0x0000000000000001
2026/10/02 08:07:26.224, 81, 600, 810, 10.17, 0x0000000000000001
2026/10/02 08:07:26.348, 81, 600, 810, 10.15, 0x0000000000000001
2026/10/02 08:07:26.475, 81, 600, 810, 10.01, 0x0000000000000001
2026/10/02 08:07:26.601, 81, 600, 810, 10.07, 0x0000000000000001
2026/10/02 08:07:26.743, 81, 600, 810, 10.35, 0x0000000000000001
2026/10/02 08:07:26.876, 81, 600, 810, 10.40, 0x0000000000000001
2026/10/02 08:07:27.015, 81, 765, 810, 10.48, 0x0000000000000001
2026/10/02 08:07:27.139, 81, 765, 810, 10.40, 0x0000000000000001
2026/10/02 08:07:27.267, 82, 765, 810, 10.40, 0x0000000000000001
2026/10/02 08:07:27.391, 82, 765, 810, 10.41, 0x0000000000000001
2026/10/02 08:07:27.512, 82, 765, 810, 10.41, 0x0000000000000001
2026/10/02 08:07:27.633, 82, 765, 810, 10.37, 0x0000000000000001
2026/10/02 08:07:27.756, 81, 765, 810, 10.23, 0x0000000000000001
2026/10/02 08:07:27.893, 81, 765, 810, 10.18, 0x0000000000000001
2026/10/02 08:07:28.044, 81, 765, 810, 10.22, 0x0000000000000001
2026/10/02 08:07:28.164, 81, 765, 810, 10.27, 0x0000000000000001
2026/10/02 08:07:28.292, 81, 765, 810, 10.25, 0x0000000000000001
2026/10/02 08:07:28.416, 81, 765, 810, 10.24, 0x0000000000000001
2026/10/02 08:07:28.538, 81, 765, 810, 10.25, 0x0000000000000001
2026/10/02 08:07:28.661, 81, 765, 810, 10.25, 0x0000000000000001
2026/10/02 08:07:28.783, 81, 765, 810, 10.23, 0x0000000000000001
2026/10/02 08:07:28.918, 81, 480, 810, 10.16, 0x0000000000000001
2026/10/02 08:07:29.041, 81, 480, 810, 10.03, 0x0000000000000001
2026/10/02 08:07:29.165, 81, 480, 810, 10.01, 0x0000000000000001
2026/10/02 08:07:29.289, 81, 480, 810, 9.99, 0x0000000000000001
2026/10/02 08:07:29.419, 81, 375, 405, 9.75, 0x0000000000000001
2026/10/02 08:07:29.552, 81, 375, 405, 9.55, 0x0000000000000001
2026/10/02 08:07:29.690, 81, 375, 405, 9.24, 0x0000000000000001
2026/10/02 08:07:29.822, 81, 375, 405, 8.85, 0x0000000000000001
2026/10/02 08:07:29.952, 81, 330, 405, 8.48, 0x0000000000000001
2026/10/02 08:07:30.081, 81, 330, 405, 8.24, 0x0000000000000001
2026/10/02 08:07:30.215, 81, 330, 405, 7.98, 0x0000000000000001
2026/10/02 08:07:30.345, 81, 330, 405, 7.72, 0x0000000000000001
2026/10/02 08:07:30.484, 81, 270, 405, 7.49, 0x0000000000000001
2026/10/02 08:07:30.613, 81, 270, 405, 7.46, 0x0000000000000001
2026/10/02 08:07:30.750, 81, 270, 405, 7.43, 0x0000000000000001
2026/10/02 08:07:30.903, 81, 270, 405, 7.44, 0x0000000000000001
2026/10/02 08:07:31.033, 81, 240, 405, 7.44, 0x0000000000000001
2026/10/02 08:07:31.178, 81, 240, 405, 7.44, 0x0000000000000001
2026/10/02 08:07:31.315, 81, 240, 405, 7.42, 0x0000000000000001
2026/10/02 08:07:31.476, 81, 210, 405, 7.41, 0x0000000000000001
2026/10/02 08:07:31.611, 81, 210, 405, 7.39, 0x0000000000000001
2026/10/02 08:07:31.768, 81, 210, 405, 7.38, 0x0000000000000001
2026/10/02 08:07:31.896, 81, 210, 405, 7.38, 0x0000000000000001
2026/10/02 08:07:32.054, 81, 210, 405, 7.38, 0x0000000000000001
2026/10/02 08:07:32.228, 81, 210, 405, 7.70, 0x0000000000000001
2026/10/02 08:07:32.348, 81, 210, 405, 8.81, 0x0000000000000001
2026/10/02 08:07:32.470, 81, 210, 405, 9.98, 0x0000000000000001
2026/10/02 08:07:32.592, 82, 1890, 8001, 12.36, 0x0000000000000001
2026/10/02 08:07:32.715, 82, 1890, 8001, 13.60, 0x0000000000000001
2026/10/02 08:07:32.836, 82, 1890, 8001, 14.81, 0x0000000000000001
2026/10/02 08:07:32.956, 82, 1890, 8001, 16.02, 0x0000000000000001
2026/10/02 08:07:33.078, 83, 1890, 8001, 17.27, 0x0000000000000001
2026/10/02 08:07:33.206, 83, 1890, 8001, 19.82, 0x0000000000000001
2026/10/02 08:07:33.326, 83, 1890, 8001, 20.60, 0x0000000000000001
2026/10/02 08:07:33.453, 83, 1890, 8001, 20.69, 0x0000000000000001
2026/10/02 08:07:33.572, 83, 1890, 8001, 20.75, 0x0000000000000001
2026/10/02 08:07:33.696, 83, 1890, 8001, 20.77, 0x0000000000000001
2026/10/02 08:07:33.821, 83, 1890, 8001, 20.76, 0x0000000000000001
2026/10/02 08:07:33.943, 83, 1890, 8001, 20.78, 0x0000000000000001
2026/10/02 08:07:34.072, 83, 1890, 8001, 20.82, 0x0000000000000001
2026/10/02 08:07:34.190, 83, 1890, 8001, 20.78, 0x0000000000000001
2026/10/02 08:07:34.312, 83, 1890, 8001, 20.78, 0x0000000000000001
2026/10/02 08:07:34.429, 83, 1890, 8001, 20.78, 0x0000000000000001
2026/10/02 08:07:34.548, 83, 1890, 8001, 20.78, 0x0000000000000001
2026/10/02 08:07:34.674, 83, 1890, 8001, 20.79, 0x0000000000000001
2026/10/02 08:07:34.793, 83, 1890, 8001, 20.93, 0x0000000000000001
2026/10/02 08:07:34.915, 83, 1890, 8001, 20.89, 0x0000000000000001
2026/10/02 08:07:35.037, 83, 1890, 8001, 20.85, 0x0000000000000001
2026/10/02 08:07:35.161, 83, 1890, 8001, 20.79, 0x0000000000000001
2026/10/02 08:07:35.283, 83, 1890, 8001, 20.79, 0x0000000000000001
2026/10/02 08:07:35.406, 83, 1890, 8001, 19.69, 0x0000000000000001
2026/10/02 08:07:35.527, 82, 525, 6001, 18.99, 0x0000000000000001
2026/10/02 08:07:35.647, 82, 525, 6001, 18.36, 0x0000000000000001
2026/10/02 08:07:35.770, 82, 525, 6001, 17.64, 0x0000000000000001
2026/10/02 08:07:35.895, 82, 525, 6001, 16.05, 0x0000000000000001
2026/10/02 08:07:36.017, 82, 450, 6001, 15.37, 0x0000000000000001
2026/10/02 08:07:36.138, 82, 450, 6001, 14.70, 0x0000000000000001
2026/10/02 08:07:36.268, 82, 450, 6001, 14.02, 0x0000000000000001
2026/10/02 08:07:36.397, 82, 450, 6001, 12.92, 0x0000000000000001
2026/10/02 08:07:36.538, 82, 360, 6001, 12.89, 0x0000000000000001
2026/10/02 08:07:36.660, 82, 360, 6001, 12.86, 0x0000000000000001
2026/10/02 08:07:36.786, 82, 360, 6001, 12.55, 0x0000000000000001
2026/10/02 08:07:36.915, 82, 360, 6001, 12.03, 0x0000000000000001
2026/10/02 08:07:37.039, 81, 300, 810, 11.78, 0x0000000000000001
2026/10/02 08:07:37.162, 81, 300, 810, 11.52, 0x0000000000000001
2026/10/02 08:07:37.288, 81, 300, 810, 11.24, 0x0000000000000001
2026/10/02 08:07:37.419, 81, 300, 810, 10.70, 0x0000000000000001
2026/10/02 08:07:37.549, 81, 240, 810, 10.46, 0x0000000000000001
2026/10/02 08:07:37.679, 81, 240, 810, 10.22, 0x0000000000000001
2026/10/02 08:07:37.802, 81, 240, 810, 9.93, 0x0000000000000001
2026/10/02 08:07:37.928, 81, 240, 810, 9.93, 0x0000000000000001
2026/10/02 08:07:38.050, 81, 210, 810, 9.93, 0x0000000000000001
2026/10/02 08:07:38.177, 81, 210, 810, 9.93, 0x0000000000000001
2026/10/02 08:07:38.314, 81, 210, 810, 9.92, 0x0000000000000001
2026/10/02 08:07:38.442, 81, 210, 810, 9.92, 0x0000000000000001
2026/10/02 08:07:38.567, 81, 210, 810, 9.91, 0x0000000000000001
2026/10/02 08:07:38.691, 81, 210, 810, 9.92, 0x0000000000000001
2026/10/02 08:07:38.815, 81, 210, 810, 9.91, 0x0000000000000001
2026/10/02 08:07:38.937, 81, 210, 810, 9.92, 0x0000000000000001
2026/10/02 08:07:39.070, 81, 210, 810, 9.92, 0x0000000000000001
2026/10/02 08:07:39.197, 81, 210, 810, 9.90, 0x0000000000000001
2026/10/02 08:07:39.320, 81, 210, 810, 9.91, 0x0000000000000001
2026/10/02 08:07:39.453, 81, 210, 810, 9.91, 0x0000000000000001
2026/10/02 08:07:39.577, 81, 210, 810, 9.92, 0x0000000000000001
2026/10/02 08:07:39.700, 81, 210, 810, 9.92, 0x0000000000000001
2026/10/02 08:07:39.824, 81, 210, 810, 9.90, 0x0000000000000001
2026/10/02 08:07:39.959, 81, 210, 810, 9.91, 0x0000000000000001
2026/10/02 08:07:40.082, 81, 210, 810, 9.90, 0x0000000000000001
2026/10/02 08:07:40.221, 81, 210, 810, 9.91, 0x0000000000000001
2026/10/02 08:07:40.348, 81, 210, 810, 9.68, 0x0000000000000001
2026/10/02 08:07:40.476, 81, 210, 810, 9.47, 0x0000000000000001
2026/10/02 08:07:40.616, 81, 210, 405, 9.24, 0x0000000000000001
2026/10/02 08:07:40.743, 81, 210, 405, 8.78, 0x0000000000000001
2026/10/02 08:07:40.868, 81, 210, 405, 8.54, 0x0000000000000001
2026/10/02 08:07:41.004, 81, 210, 405, 8.32, 0x0000000000000001
2026/10/02 08:07:41.143, 81, 210, 405, 7.65, 0x0000000000000001
2026/10/02 08:07:41.268, 81, 210, 405, 7.43, 0x0000000000000001
2026/10/02 08:07:41.394, 81, 210, 405, 7.42, 0x0000000000000001
2026/10/02 08:07:41.522, 81, 210, 405, 7.40, 0x0000000000000001
2026/10/02 08:07:41.649, 81, 210, 405, 7.39, 0x0000000000000001
2026/10/02 08:07:41.775, 81, 210, 405, 7.41, 0x0000000000000001
2026/10/02 08:07:41.901, 81, 210, 405, 7.39, 0x0000000000000001
2026/10/02 08:07:42.025, 81, 210, 405, 7.41, 0x0000000000000001
2026/10/02 08:07:42.153, 81, 210, 405, 7.40, 0x0000000000000001
2026/10/02 08:07:42.295, 81, 210, 405, 7.43, 0x0000000000000001
2026/10/02 08:07:42.421, 81, 210, 405, 7.41, 0x0000000000000001
2026/10/02 08:07:42.549, 81, 210, 405, 7.40, 0x0000000000000001
2026/10/02 08:07:42.676, 81, 210, 405, 7.41, 0x0000000000000001
2026/10/02 08:07:42.804, 81, 210, 405, 7.40, 0x0000000000000001
2026/10/02 08:07:42.930, 81, 210, 405, 7.42, 0x0000000000000001
2026/10/02 08:07:43.059, 81, 210, 405, 7.42, 0x0000000000000001
2026/10/02 08:07:43.185, 81, 210, 405, 7.43, 0x0000000000000001
2026/10/02 08:07:43.309, 81, 210, 405, 7.39, 0x0000000000000001
2026/10/02 08:07:43.436, 81, 210, 405, 7.41, 0x0000000000000001
2026/10/02 08:07:43.565, 81, 210, 405, 7.41, 0x0000000000000001
2026/10/02 08:07:43.692, 81, 210, 405, 7.41, 0x0000000000000001
2026/10/02 08:07:43.832, 81, 210, 405, 7.40, 0x0000000000000001
2026/10/02 08:07:43.961, 81, 210, 405, 7.42, 0x0000000000000001
2026/10/02 08:07:44.096, 81, 210, 405, 7.41, 0x0000000000000001
2026/10/02 08:07:44.247, 81, 210, 405, 7.42, 0x0000000000000001
2026/10/02 08:07:44.390, 81, 210, 405, 7.43, 0x0000000000000001
2026/10/02 08:07:44.517, 81, 210, 405, 7.41, 0x0000000000000001
2026/10/02 08:07:44.643, 81, 210, 405, 7.42, 0x0000000000000001
2026/10/02 08:07:44.772, 81, 210, 405, 7.43, 0x0000000000000001
2026/10/02 08:07:44.898, 81, 210, 405, 7.43, 0x0000000000000001
2026/10/02 08:07:45.037, 81, 210, 405, 7.42, 0x0000000000000001
2026/10/02 08:07:45.188, 81, 210, 405, 7.44, 0x0000000000000001
2026/10/02 08:07:45.315, 81, 210, 405, 7.41, 0x0000000000000001
2026/10/02 08:07:45.462, 81, 210, 405, 7.43, 0x0000000000000001
2026/10/02 08:07:45.608, 81, 210, 405, 7.43, 0x0000000000000001
2026/10/02 08:07:45.759, 81, 210, 405, 7.43, 0x0000000000000001
2026/10/02 08:07:45.884, 81, 210, 405, 7.43, 0x0000000000000001
2026/10/02 08:07:46.017, 81, 210, 405, 7.43, 0x0000000000000001
2026/10/02 08:07:46.153, 81, 210, 405, 7.43, 0x0000000000000001
2026/10/02 08:07:46.280, 81, 210, 405, 7.41, 0x0000000000000001
2026/10/02 08:07:46.407, 81, 210, 405, 7.41, 0x0000000000000001
2026/10/02 08:07:46.574, 81, 210, 405, 7.41, 0x0000000000000001
2026/10/02 08:07:46.702, 81, 210, 405, 7.41, 0x0000000000000001
2026/10/02 08:07:46.854, 81, 210, 405, 7.40, 0x0000000000000001
2026/10/02 08:07:46.980, 81, 210, 405, 7.39, 0x0000000000000001
2026/10/02 08:07:47.107, 81, 210, 405, 7.39, 0x0000000000000001
2026/10/02 08:07:47.235, 81, 210, 405, 7.38, 0x0000000000000001
2026/10/02 08:07:47.366, 81, 210, 405, 7.40, 0x0000000000000001
2026/10/02 08:07:47.506, 81, 210, 405, 7.40, 0x0000000000000001
2026/10/02 08:07:47.655, 81, 210, 405, 7.37, 0x0000000000000001
2026/10/02 08:07:47.782, 81, 210, 405, 7.36, 0x0000000000000001
2026/10/02 08:07:47.931, 81, 210, 405, 7.35, 0x0000000000000001
2026/10/02 08:07:48.068, 81, 210, 405, 7.36, 0x0000000000000001
2026/10/02 08:07:48.196, 81, 210, 405, 7.36, 0x0000000000000001
2026/10/02 08:07:48.323, 81, 210, 405, 7.37, 0x0000000000000001
2026/10/02 08:07:48.460, 81, 210, 405, 7.35, 0x0000000000000001
2026/10/02 08:07:48.587, 81, 210, 405, 7.36, 0x0000000000000001
2026/10/02 08:07:48.716, 81, 210, 405, 7.36, 0x0000000000000001
2026/10/02 08:07:48.847, 81, 210, 405, 7.36, 0x0000000000000001
2026/10/02 08:07:48.998, 81, 210, 405, 7.37, 0x0000000000000001
2026/10/02 08:07:49.123, 81, 210, 405, 7.38, 0x0000000000000001
2026/10/02 08:07:49.259, 81, 210, 405, 7.39, 0x0000000000000001
2026/10/02 08:07:49.391, 81, 210, 405, 7.38, 0x0000000000000001
2026/10/02 08:07:49.528, 81, 210, 405, 7.38, 0x0000000000000001
2026/10/02 08:07:49.654, 81, 210, 405, 7.38, 0x0000000000000001
2026/10/02 08:07:49.787, 81, 210, 405, 7.36, 0x0000000000000001
2026/10/02 08:07:49.911, 81, 210, 405, 7.37, 0x0000000000000001
2026/10/02 08:07:50.035, 81, 210, 405, 7.36, 0x0000000000000001
2026/10/02 08:07:50.162, 81, 210, 405, 7.36, 0x0000000000000001
2026/10/02 08:07:50.287, 81, 210, 405, 7.34, 0x0000000000000001
2026/10/02 08:07:50.437, 81, 210, 405, 7.35, 0x0000000000000001
2026/10/02 08:07:50.565, 81, 210, 405, 7.38, 0x0000000000000001
2026/10/02 08:07:50.688, 81, 210, 405, 7.38, 0x0000000000000001
2026/10/02 08:07:50.814, 81, 210, 405, 7.36, 0x0000000000000001
2026/10/02 08:07:50.943, 81, 210, 405, 7.37, 0x0000000000000001
2026/10/02 08:07:51.082, 81, 210, 405, 7.39, 0x0000000000000001
2026/10/02 08:07:51.218, 81, 210, 405, 7.40, 0x0000000000000001
2026/10/02 08:07:51.345, 81, 210, 405, 7.40, 0x0000000000000001
2026/10/02 08:07:51.475, 81, 210, 405, 7.39, 0x0000000000000001
2026/10/02 08:07:51.601, 81, 210, 405, 7.40, 0x0000000000000001
2026/10/02 08:07:51.729, 81, 210, 405, 7.39, 0x0000000000000001
2026/10/02 08:07:51.855, 81, 210, 405, 7.39, 0x0000000000000001
2026/10/02 08:07:52.000, 81, 210, 405, 7.40, 0x0000000000000001
2026/10/02 08:07:52.125, 81, 210, 405, 7.43, 0x0000000000000001
2026/10/02 08:07:52.252, 81, 210, 405, 7.42, 0x0000000000000001
2026/10/02 08:07:52.375, 81, 210, 405, 7.41, 0x0000000000000001
2026/10/02 08:07:52.500, 81, 210, 405, 7.42, 0x0000000000000001
2026/10/02 08:07:52.634, 81, 210, 405, 7.43, 0x0000000000000001
2026/10/02 08:07:52.768, 81, 210, 405, 7.44, 0x0000000000000001
2026/10/02 08:07:52.895, 81, 210, 405, 7.44, 0x0000000000000001
2026/10/02 08:07:53.047, 81, 210, 405, 7.44, 0x0000000000000001
2026/10/02 08:07:53.175, 81, 210, 405, 7.45, 0x0000000000000001
2026/10/02 08:07:53.303, 81, 210, 405, 7.45, 0x0000000000000001
2026/10/02 08:07:53.451, 81, 210, 405, 7.45, 0x0000000000000001
2026/10/02 08:07:53.585, 81, 210, 405, 7.43, 0x0000000000000001
2026/10/02 08:07:53.714, 81, 210, 405, 7.45, 0x0000000000000001
2026/10/02 08:07:53.843, 81, 210, 405, 7.41, 0x0000000000000001
2026/10/02 08:07:53.988, 81, 210, 405, 7.43, 0x0000000000000001
2026/10/02 08:07:54.117, 81, 210, 405, 7.41, 0x0000000000000001
2026/10/02 08:07:54.270, 81, 210, 405, 7.42, 0x0000000000000001
2026/10/02 08:07:54.397, 81, 210, 405, 7.40, 0x0000000000000001
2026/10/02 08:07:54.530, 81, 210, 405, 7.40, 0x0000000000000001
2026/10/02 08:07:54.656, 81, 210, 405, 7.39, 0x0000000000000001
2026/10/02 08:07:54.792, 81, 210, 405, 7.38, 0x0000000000000001
2026/10/02 08:07:54.918, 81, 210, 405, 7.39, 0x0000000000000001
2026/10/02 08:07:55.049, 81, 210, 405, 7.38, 0x0000000000000001
2026/10/02 08:07:55.177, 81, 210, 405, 7.39, 0x0000000000000001
2026/10/02 08:07:55.302, 81, 210, 405, 7.38, 0x0000000000000001
2026/10/02 08:07:55.430, 81, 210, 405, 7.40, 0x0000000000000001
2026/10/02 08:07:55.554, 81, 210, 405, 7.41, 0x0000000000000001
2026/10/02 08:07:55.681, 81, 210, 405, 7.38, 0x0000000000000001
2026/10/02 08:07:55.808, 81, 210, 405, 7.39, 0x0000000000000001
2026/10/02 08:07:55.933, 81, 210, 405, 7.37, 0x0000000000000001
2026/10/02 08:07:56.089, 81, 210, 405, 7.40, 0x0000000000000001
2026/10/02 08:07:56.218, 81, 210, 405, 7.38, 0x0000000000000001
2026/10/02 08:07:56.379, 81, 210, 405, 7.40, 0x0000000000000001
2026/10/02 08:07:56.504, 81, 210, 405, 7.38, 0x0000000000000001
2026/10/02 08:07:56.628, 81, 210, 405, 7.37, 0x0000000000000001
2026/10/02 08:07:56.756, 81, 210, 405, 7.38, 0x0000000000000001
2026/10/02 08:07:56.912, 81, 210, 405, 7.41, 0x0000000000000001
2026/10/02 08:07:57.045, 81, 210, 405, 7.41, 0x0000000000000001
2026/10/02 08:07:57.170, 81, 210, 405, 7.40, 0x0000000000000001
2026/10/02 08:07:57.331, 81, 210, 405, 7.41, 0x0000000000000001
2026/10/02 08:07:57.457, 81, 210, 405, 7.40, 0x0000000000000001
2026/10/02 08:07:57.608, 81, 210, 405, 7.43, 0x0000000000000001
2026/10/02 08:07:57.742, 81, 210, 405, 7.41, 0x0000000000000001
2026/10/02 08:07:57.885, 81, 210, 405, 7.43, 0x0000000000000001
2026/10/02 08:07:58.012, 81, 210, 405, 7.39, 0x0000000000000001
2026/10/02 08:07:58.156, 81, 210, 405, 7.41, 0x0000000000000001
2026/10/02 08:07:58.281, 81, 210, 405, 7.40, 0x0000000000000001
2026/10/02 08:07:58.433, 81, 210, 405, 7.39, 0x0000000000000001
2026/10/02 08:07:58.559, 81, 210, 405, 7.39, 0x0000000000000001
2026/10/02 08:07:58.693, 81, 210, 405, 7.40, 0x0000000000000001
2026/10/02 08:07:58.825, 81, 210, 405, 7.40, 0x0000000000000001
2026/10/02 08:07:58.992, 81, 210, 405, 7.41, 0x0000000000000001
2026/10/02 08:07:59.128, 81, 210, 405, 7.41, 0x0000000000000001
2026/10/02 08:07:59.288, 81, 210, 405, 7.42, 0x0000000000000001
2026/10/02 08:07:59.418, 81, 210, 405, 7.43, 0x0000000000000001
2026/10/02 08:07:59.555, 81, 210, 405, 7.42, 0x0000000000000001
2026/10/02 08:07:59.681, 81, 210, 405, 7.42, 0x0000000000000001
2026/10/02 08:07:59.821, 81, 210, 405, 7.41, 0x0000000000000001
2026/10/02 08:07:59.952, 81, 210, 405, 7.41, 0x0000000000000001
2026/10/02 08:08:00.079, 81, 210, 405, 7.38, 0x0000000000000001
2026/10/02 08:08:00.210, 81, 210, 405, 7.38, 0x0000000000000001
2026/10/02 08:08:00.338, 81, 210, 405, 7.37, 0x0000000000000001
2026/10/02 08:08:00.466, 81, 210, 405, 7.35, 0x0000000000000001
2026/10/02 08:08:00.605, 81, 210, 405, 7.36, 0x0000000000000001
2026/10/02 08:08:00.731, 81, 210, 405, 7.35, 0x0000000000000001
2026/10/02 08:08:00.858, 81, 210, 405, 7.33, 0x0000000000000001
2026/10/02 08:08:01.021, 81, 210, 405, 7.37, 0x0000000000000001
2026/10/02 08:08:01.153, 81, 210, 405, 7.36, 0x0000000000000001
2026/10/02 08:08:01.288, 81, 210, 405, 7.39, 0x0000000000000001
2026/10/02 08:08:01.418, 81, 210, 405, 7.37, 0x0000000000000001
2026/10/02 08:08:01.554, 81, 210, 405, 7.39, 0x0000000000000001
2026/10/02 08:08:01.683, 81, 210, 405, 7.39, 0x0000000000000001
2026/10/02 08:08:01.839, 81, 210, 405, 7.40, 0x0000000000000001
2026/10/02 08:08:01.985, 81, 210, 405, 7.40, 0x0000000000000001
2026/10/02 08:08:02.114, 81, 210, 405, 7.38, 0x0000000000000001
2026/10/02 08:08:02.253, 81, 210, 405, 7.40, 0x0000000000000001
2026/10/02 08:08:02.386, 81, 210, 405, 7.38, 0x0000000000000001
2026/10/02 08:08:02.516, 81, 210, 405, 7.37, 0x0000000000000001
2026/10/02 08:08:02.660, 81, 210, 405, 7.38, 0x0000000000000001
2026/10/02 08:08:02.796, 81, 210, 405, 7.39, 0x0000000000000001
2026/10/02 08:08:02.925, 81, 210, 405, 7.39, 0x0000000000000001
2026/10/02 08:08:03.098, 81, 210, 405, 7.41, 0x0000000000000001
2026/10/02 08:08:03.234, 81, 210, 405, 7.43, 0x0000000000000001
2026/10/02 08:08:03.363, 81, 210, 405, 7.41, 0x0000000000000001
2026/10/02 08:08:03.493, 81, 210, 405, 7.43, 0x0000000000000001
2026/10/02 08:08:03.627, 81, 210, 405, 7.43, 0x0000000000000001
2026/10/02 08:08:03.757, 81, 210, 405, 7.43, 0x0000000000000001
2026/10/02 08:08:03.897, 81, 210, 405, 7.43, 0x0000000000000001
2026/10/02 08:08:04.028, 81, 210, 405, 7.45, 0x0000000000000001
2026/10/02 08:08:04.158, 81, 210, 405, 7.40, 0x0000000000000001
2026/10/02 08:08:04.291, 81, 210, 405, 7.40, 0x0000000000000001
2026/10/02 08:08:04.428, 81, 210, 405, 7.39, 0x0000000000000001
2026/10/02 08:08:04.555, 81, 210, 405, 7.40, 0x0000000000000001
2026/10/02 08:08:04.687, 81, 210, 405, 7.39, 0x0000000000000001
2026/10/02 08:08:04.847, 81, 210, 405, 7.41, 0x0000000000000001
2026/10/02 08:08:04.975, 81, 210, 405, 7.38, 0x0000000000000001
2026/10/02 08:08:05.123, 81, 210, 405, 7.40, 0x0000000000000001
2026/10/02 08:08:05.255, 81, 210, 405, 7.39, 0x0000000000000001
2026/10/02 08:08:05.386, 81, 210, 405, 7.43, 0x0000000000000001
2026/10/02 08:08:05.527, 81, 210, 405, 7.43, 0x0000000000000001
2026/10/02 08:08:05.654, 81, 210, 405, 7.41, 0x0000000000000001
2026/10/02 08:08:05.780, 81, 210, 405, 7.40, 0x0000000000000001
2026/10/02 08:08:05.910, 81, 210, 405, 7.39, 0x0000000000000001
2026/10/02 08:08:06.035, 81, 210, 405, 7.40, 0x0000000000000001
2026/10/02 08:08:06.162, 81, 210, 405, 7.39, 0x0000000000000001
2026/10/02 08:08:06.285, 81, 210, 405, 7.39, 0x0000000000000001
2026/10/02 08:08:06.435, 81, 210, 405, 7.35, 0x0000000000000001
2026/10/02 08:08:06.560, 81, 210, 405, 7.35, 0x0000000000000001
2026/10/02 08:08:06.699, 81, 210, 405, 7.36, 0x0000000000000001
2026/10/02 08:08:06.828, 81, 210, 405, 7.36, 0x0000000000000001
2026/10/02 08:08:06.976, 81, 210, 405, 7.35, 0x0000000000000001
2026/10/02 08:08:07.114, 81, 210, 405, 7.35, 0x0000000000000001
2026/10/02 08:08:07.259, 81, 210, 405, 7.35, 0x0000000000000001
2026/10/02 08:08:07.385, 81, 210, 405, 7.34, 0x0000000000000001
2026/10/02 08:08:07.553, 81, 210, 405, 7.37, 0x0000000000000001
2026/10/02 08:08:07.707, 81, 210, 405, 7.37, 0x0000000000000001
2026/10/02 08:08:07.832, 81, 210, 405, 7.36, 0x0000000000000001
2026/10/02 08:08:07.958, 81, 210, 405, 7.37, 0x0000000000000001
2026/10/02 08:08:08.090, 81, 210, 405, 7.36, 0x0000000000000001
2026/10/02 08:08:08.247, 81, 210, 405, 7.38, 0x0000000000000001
2026/10/02 08:08:08.374, 81, 210, 405, 7.36, 0x0000000000000001
2026/10/02 08:08:08.524, 81, 210, 405, 7.36, 0x0000000000000001
2026/10/02 08:08:08.655, 81, 210, 405, 7.32, 0x0000000000000001
2026/10/02 08:08:08.783, 81, 210, 405, 7.30, 0x0000000000000001
2026/10/02 08:08:08.913, 81, 210, 405, 7.31, 0x0000000000000001
2026/10/02 08:08:09.044, 81, 210, 405, 7.30, 0x0000000000000001
2026/10/02 08:08:09.174, 81, 210, 405, 7.32, 0x0000000000000001
2026/10/02 08:08:09.307, 81, 210, 405, 7.32, 0x0000000000000001
2026/10/02 08:08:09.444, 81, 210, 405, 7.33, 0x0000000000000001
2026/10/02 08:08:09.585, 81, 210, 405, 7.34, 0x0000000000000001
2026/10/02 08:08:09.739, 81, 210, 405, 7.39, 0x0000000000000001
2026/10/02 08:08:09.866, 81, 210, 405, 7.40, 0x0000000000000001
2026/10/02 08:08:09.993, 81, 210, 405, 7.41, 0x0000000000000001
2026/10/02 08:08:10.134, 81, 210, 405, 7.41, 0x0000000000000001
2026/10/02 08:08:10.291, 81, 210, 405, 7.41, 0x0000000000000001
2026/10/02 08:08:10.420, 81, 210, 405, 7.40, 0x0000000000000001
2026/10/02 08:08:10.547, 81, 210, 405, 7.41, 0x0000000000000001
2026/10/02 08:08:10.674, 81, 210, 405, 7.40, 0x0000000000000001
2026/10/02 08:08:10.807, 81, 210, 405, 7.36, 0x0000000000000001
2026/10/02 08:08:10.934, 81, 210, 405, 7.35, 0x0000000000000001
2026/10/02 08:08:11.088, 81, 210, 405, 7.35, 0x0000000000000001
2026/10/02 08:08:11.214, 81, 210, 405, 7.37, 0x0000000000000001
2026/10/02 08:08:11.342, 81, 210, 405, 7.34, 0x0000000000000001
2026/10/02 08:08:11.468, 81, 210, 405, 7.34, 0x0000000000000001
2026/10/02 08:08:11.599, 81, 210, 405, 7.34, 0x0000000000000001
2026/10/02 08:08:11.740, 81, 210, 405, 7.35, 0x0000000000000001
2026/10/02 08:08:11.868, 81, 210, 405, 7.37, 0x0000000000000001
2026/10/02 08:08:11.995, 81, 210, 405, 7.39, 0x0000000000000001
2026/10/02 08:08:12.125, 81, 210, 405, 7.36, 0x0000000000000001
2026/10/02 08:08:12.271, 81, 210, 405, 7.39, 0x0000000000000001
2026/10/02 08:08:12.397, 81, 210, 405, 7.36, 0x0000000000000001
2026/10/02 08:08:12.524, 81, 210, 405, 7.37, 0x0000000000000001
2026/10/02 08:08:12.652, 81, 210, 405, 7.35, 0x0000000000000001
2026/10/02 08:08:12.803, 81, 210, 405, 7.37, 0x0000000000000001
2026/10/02 08:08:12.934, 81, 210, 405, 7.32, 0x0000000000000001
2026/10/02 08:08:13.093, 81, 210, 405, 7.34, 0x0000000000000001
2026/10/02 08:08:13.221, 80, 210, 405, 7.34, 0x0000000000000001
2026/10/02 08:08:13.348, 80, 210, 405, 7.33, 0x0000000000000001
2026/10/02 08:08:13.483, 80, 210, 405, 7.33, 0x0000000000000001
2026/10/02 08:08:13.611, 81, 210, 405, 7.32, 0x0000000000000001
2026/10/02 08:08:13.742, 81, 210, 405, 7.36, 0x0000000000000001
2026/10/02 08:08:13.867, 81, 210, 405, 7.34, 0x0000000000000001
2026/10/02 08:08:13.992, 81, 210, 405, 7.36, 0x0000000000000001
2026/10/02 08:08:14.116, 80, 210, 405, 7.36, 0x0000000000000001
2026/10/02 08:08:14.259, 80, 210, 405, 7.36, 0x0000000000000001
2026/10/02 08:08:14.384, 80, 210, 405, 7.35, 0x0000000000000001
2026/10/02 08:08:14.533, 80, 210, 405, 7.36, 0x0000000000000001
2026/10/02 08:08:14.664, 81, 210, 405, 7.36, 0x0000000000000001
2026/10/02 08:08:14.790, 81, 210, 405, 7.35, 0x0000000000000001
2026/10/02 08:08:14.913, 81, 210, 405, 7.34, 0x0000000000000001
2026/10/02 08:08:15.036, 81, 210, 405, 7.34, 0x0000000000000001
2026/10/02 08:08:15.160, 80, 210, 405, 7.33, 0x0000000000000001
2026/10/02 08:08:15.295, 80, 210, 405, 7.35, 0x0000000000000001
2026/10/02 08:08:15.432, 80, 210, 405, 7.34, 0x0000000000000001
2026/10/02 08:08:15.558, 80, 210, 405, 7.32, 0x0000000000000001
2026/10/02 08:08:15.684, 80, 210, 405, 7.34, 0x0000000000000001
2026/10/02 08:08:15.811, 80, 210, 405, 7.32, 0x0000000000000001
2026/10/02 08:08:15.951, 80, 210, 405, 7.34, 0x0000000000000001
2026/10/02 08:08:16.082, 80, 210, 405, 7.34, 0x0000000000000001
2026/10/02 08:08:16.209, 80, 210, 405, 7.35, 0x0000000000000001
2026/10/02 08:08:16.337, 80, 210, 405, 7.32, 0x0000000000000001
2026/10/02 08:08:16.464, 80, 210, 405, 7.34, 0x0000000000000001
2026/10/02 08:08:16.594, 80, 210, 405, 7.33, 0x0000000000000001
2026/10/02 08:08:16.720, 80, 210, 405, 7.36, 0x0000000000000001
2026/10/02 08:08:16.854, 80, 210, 405, 7.34, 0x0000000000000001
2026/10/02 08:08:16.981, 80, 210, 405, 7.34, 0x0000000000000001
2026/10/02 08:08:17.105, 80, 210, 405, 7.35, 0x0000000000000001
2026/10/02 08:08:17.254, 80, 210, 405, 7.37, 0x0000000000000001
2026/10/02 08:08:17.381, 80, 210, 405, 7.37, 0x0000000000000001
2026/10/02 08:08:17.510, 80, 210, 405, 7.37, 0x0000000000000001
2026/10/02 08:08:17.635, 80, 210, 405, 7.37, 0x0000000000000001
2026/10/02 08:08:17.764, 80, 210, 405, 7.36, 0x0000000000000001
2026/10/02 08:08:17.896, 80, 210, 405, 7.39, 0x0000000000000001
2026/10/02 08:08:18.022, 80, 210, 405, 7.38, 0x0000000000000001
2026/10/02 08:08:18.148, 80, 210, 405, 7.36, 0x0000000000000001
2026/10/02 08:08:18.275, 80, 210, 405, 7.35, 0x0000000000000001
2026/10/02 08:08:18.403, 80, 210, 405, 7.35, 0x0000000000000001
2026/10/02 08:08:18.540, 80, 210, 405, 7.35, 0x0000000000000001
2026/10/02 08:08:18.668, 80, 210, 405, 7.35, 0x0000000000000001
2026/10/02 08:08:18.793, 80, 210, 405, 7.34, 0x0000000000000001
2026/10/02 08:08:18.919, 80, 210, 405, 7.36, 0x0000000000000001
2026/10/02 08:08:19.045, 80, 210, 405, 7.34, 0x0000000000000001
2026/10/02 08:08:19.172, 80, 210, 405, 7.37, 0x0000000000000001
2026/10/02 08:08:19.301, 80, 210, 405, 7.34, 0x0000000000000001
2026/10/02 08:08:19.430, 80, 210, 405, 7.35, 0x0000000000000001
2026/10/02 08:08:19.555, 80, 210, 405, 7.35, 0x0000000000000001
2026/10/02 08:08:19.707, 80, 210, 405, 7.36, 0x0000000000000001
2026/10/02 08:08:19.835, 80, 210, 405, 7.33, 0x0000000000000001
2026/10/02 08:08:19.980, 80, 210, 405, 7.33, 0x0000000000000001
2026/10/02 08:08:20.106, 80, 210, 405, 7.33, 0x0000000000000001
2026/10/02 08:08:20.264, 80, 210, 405, 7.32, 0x0000000000000001
2026/10/02 08:08:20.395, 80, 210, 405, 7.32, 0x0000000000000001
2026/10/02 08:08:20.549, 80, 210, 405, 7.33, 0x0000000000000001
2026/10/02 08:08:20.689, 80, 210, 405, 7.30, 0x0000000000000001
2026/10/02 08:08:20.815, 80, 210, 405, 7.31, 0x0000000000000001
2026/10/02 08:08:20.942, 80, 210, 405, 7.30, 0x0000000000000001
2026/10/02 08:08:21.067, 80, 210, 405, 7.29, 0x0000000000000001
2026/10/02 08:08:21.195, 80, 210, 405, 7.29, 0x0000000000000001
2026/10/02 08:08:21.339, 80, 210, 405, 7.29, 0x0000000000000001
2026/10/02 08:08:21.475, 80, 210, 405, 7.30, 0x0000000000000001
2026/10/02 08:08:21.601, 80, 210, 405, 7.28, 0x0000000000000001
2026/10/02 08:08:21.727, 80, 210, 405, 7.27, 0x0000000000000001
2026/10/02 08:08:21.853, 80, 210, 405, 7.29, 0x0000000000000001
2026/10/02 08:08:21.977, 80, 210, 405, 7.27, 0x0000000000000001
2026/10/02 08:08:22.106, 80, 210, 405, 7.27, 0x0000000000000001
2026/10/02 08:08:22.232, 80, 210, 405, 7.28, 0x0000000000000001
2026/10/02 08:08:22.380, 80, 210, 405, 7.26, 0x0000000000000001
2026/10/02 08:08:22.505, 80, 210, 405, 7.25, 0x0000000000000001
2026/10/02 08:08:22.631, 80, 210, 405, 7.26, 0x0000000000000001
2026/10/02 08:08:22.757, 80, 210, 405, 7.27, 0x0000000000000001
2026/10/02 08:08:22.882, 80, 210, 405, 7.25, 0x0000000000000001
2026/10/02 08:08:23.007, 80, 210, 405, 7.27, 0x0000000000000001
2026/10/02 08:08:23.132, 80, 210, 405, 7.28, 0x0000000000000001
2026/10/02 08:08:23.271, 80, 210, 405, 7.29, 0x0000000000000001
2026/10/02 08:08:23.404, 80, 210, 405, 7.31, 0x0000000000000001
2026/10/02 08:08:23.544, 80, 210, 405, 7.31, 0x0000000000000001
2026/10/02 08:08:23.670, 80, 210, 405, 7.31, 0x0000000000000001
2026/10/02 08:08:23.795, 80, 210, 405, 7.31, 0x0000000000000001
2026/10/02 08:08:23.922, 80, 210, 405, 7.31, 0x0000000000000001
2026/10/02 08:08:24.048, 80, 210, 405, 7.30, 0x0000000000000001
2026/10/02 08:08:24.172, 80, 210, 405, 7.28, 0x0000000000000001
2026/10/02 08:08:24.304, 80, 210, 405, 7.29, 0x0000000000000001
2026/10/02 08:08:24.431, 80, 210, 405, 7.30, 0x0000000000000001
2026/10/02 08:08:24.563, 80, 210, 405, 7.28, 0x0000000000000001
2026/10/02 08:08:24.687, 80, 210, 405, 7.29, 0x0000000000000001
2026/10/02 08:08:24.812, 80, 210, 405, 7.27, 0x0000000000000001
2026/10/02 08:08:24.936, 80, 210, 405, 7.29, 0x0000000000000001
2026/10/02 08:08:25.060, 80, 210, 405, 7.27, 0x0000000000000001
2026/10/02 08:08:25.214, 80, 210, 405, 7.30, 0x0000000000000001
2026/10/02 08:08:25.340, 80, 210, 405, 7.28, 0x0000000000000001
2026/10/02 08:08:25.465, 80, 210, 405, 7.29, 0x0000000000000001
2026/10/02 08:08:25.594, 80, 210, 405, 7.27, 0x0000000000000001
2026/10/02 08:08:25.720, 80, 210, 405, 7.27, 0x0000000000000001
2026/10/02 08:08:25.844, 80, 210, 405, 7.29, 0x0000000000000001
2026/10/02 08:08:25.969, 80, 210, 405, 7.29, 0x0000000000000001
2026/10/02 08:08:26.093, 80, 210, 405, 7.30, 0x0000000000000001
2026/10/02 08:08:26.222, 80, 210, 405, 7.28, 0x0000000000000001
2026/10/02 08:08:26.355, 80, 210, 405, 7.29, 0x0000000000000001
2026/10/02 08:08:26.480, 80, 210, 405, 7.29, 0x0000000000000001
2026/10/02 08:08:26.606, 80, 210, 405, 7.30, 0x0000000000000001
2026/10/02 08:08:26.732, 80, 210, 405, 7.31, 0x0000000000000001
2026/10/02 08:08:26.868, 80, 210, 405, 7.32, 0x0000000000000001
2026/10/02 08:08:26.993, 80, 210, 405, 7.30, 0x0000000000000001
2026/10/02 08:08:27.124, 80, 210, 405, 7.32, 0x0000000000000001
2026/10/02 08:08:27.249, 80, 210, 405, 7.37, 0x0000000000000001
2026/10/02 08:08:27.374, 80, 210, 405, 7.36, 0x0000000000000001
2026/10/02 08:08:27.500, 80, 210, 405, 7.35, 0x0000000000000001
2026/10/02 08:08:27.624, 80, 210, 405, 7.33, 0x0000000000000001
2026/10/02 08:08:27.751, 80, 210, 405, 7.35, 0x0000000000000001
2026/10/02 08:08:27.878, 80, 210, 405, 7.34, 0x0000000000000001
2026/10/02 08:08:28.002, 80, 210, 405, 7.36, 0x0000000000000001
2026/10/02 08:08:28.138, 80, 210, 405, 7.34, 0x0000000000000001
2026/10/02 08:08:28.298, 80, 210, 405, 7.32, 0x0000000000000001
2026/10/02 08:08:28.426, 80, 210, 405, 7.32, 0x0000000000000001
2026/10/02 08:08:28.552, 80, 210, 405, 7.34, 0x0000000000000001
2026/10/02 08:08:28.678, 80, 210, 405, 7.33, 0x0000000000000001
2026/10/02 08:08:28.803, 80, 210, 405, 7.32, 0x0000000000000001
2026/10/02 08:08:28.930, 80, 210, 405, 7.31, 0x0000000000000001
2026/10/02 08:08:29.056, 80, 210, 405, 7.30, 0x0000000000000001
2026/10/02 08:08:29.183, 80, 210, 405, 7.30, 0x0000000000000001
2026/10/02 08:08:29.320, 80, 210, 405, 7.29, 0x0000000000000001
2026/10/02 08:08:29.450, 80, 210, 405, 7.29, 0x0000000000000001
2026/10/02 08:08:29.576, 80, 210, 405, 7.28, 0x0000000000000001
2026/10/02 08:08:29.703, 80, 210, 405, 7.26, 0x0000000000000001
2026/10/02 08:08:29.827, 80, 210, 405, 7.26, 0x0000000000000001
2026/10/02 08:08:29.954, 80, 210, 405, 7.28, 0x0000000000000001
2026/10/02 08:08:30.080, 80, 210, 405, 7.27, 0x0000000000000001
2026/10/02 08:08:30.206, 80, 210, 405, 7.28, 0x0000000000000001
2026/10/02 08:08:30.331, 80, 210, 405, 7.28, 0x0000000000000001
2026/10/02 08:08:30.457, 80, 210, 405, 7.26, 0x0000000000000001
2026/10/02 08:08:30.585, 80, 210, 405, 7.27, 0x0000000000000001
2026/10/02 08:08:30.709, 80, 210, 405, 7.27, 0x0000000000000001
2026/10/02 08:08:30.833, 80, 210, 405, 7.27, 0x0000000000000001
2026/10/02 08:08:30.959, 80, 210, 405, 7.25, 0x0000000000000001
2026/10/02 08:08:31.082, 80, 210, 405, 7.25, 0x0000000000000001
2026/10/02 08:08:31.218, 80, 210, 405, 7.27, 0x0000000000000001
2026/10/02 08:08:31.344, 80, 210, 405, 7.25, 0x0000000000000001
2026/10/02 08:08:31.493, 80, 210, 405, 7.27, 0x0000000000000001
2026/10/02 08:08:31.619, 80, 210, 405, 7.26, 0x0000000000000001
2026/10/02 08:08:31.743, 80, 210, 405, 7.26, 0x0000000000000001
2026/10/02 08:08:31.866, 80, 210, 405, 7.25, 0x0000000000000001
2026/10/02 08:08:31.991, 80, 210, 405, 7.26, 0x0000000000000001
2026/10/02 08:08:32.142, 80, 210, 405, 7.26, 0x0000000000000001
2026/10/02 08:08:32.279, 80, 210, 405, 7.25, 0x0000000000000001
2026/10/02 08:08:32.405, 80, 210, 405, 7.24, 0x0000000000000001
2026/10/02 08:08:32.528, 80, 210, 405, 7.22, 0x0000000000000001
2026/10/02 08:08:32.659, 80, 210, 405, 7.24, 0x0000000000000001
2026/10/02 08:08:32.815, 80, 210, 405, 7.27, 0x0000000000000001
2026/10/02 08:08:32.940, 80, 210, 405, 7.28, 0x0000000000000001
2026/10/02 08:08:33.067, 80, 210, 405, 7.28, 0x0000000000000001
2026/10/02 08:08:33.202, 80, 210, 405, 7.27, 0x0000000000000001
2026/10/02 08:08:33.355, 80, 210, 405, 7.31, 0x0000000000000001
2026/10/02 08:08:33.485, 80, 210, 405, 7.32, 0x0000000000000001
2026/10/02 08:08:33.613, 80, 210, 405, 7.34, 0x0000000000000001
2026/10/02 08:08:33.742, 80, 210, 405, 7.33, 0x0000000000000001
2026/10/02 08:08:33.872, 80, 210, 405, 7.32, 0x0000000000000001
2026/10/02 08:08:34.002, 80, 210, 405, 7.33, 0x0000000000000001
2026/10/02 08:08:34.138, 80, 210, 405, 7.33, 0x0000000000000001
2026/10/02 08:08:34.276, 80, 210, 405, 7.32, 0x0000000000000001
2026/10/02 08:08:34.407, 80, 210, 405, 7.32, 0x0000000000000001
2026/10/02 08:08:34.534, 80, 210, 405, 7.32, 0x0000000000000001
2026/10/02 08:08:34.679, 80, 210, 405, 7.31, 0x0000000000000001
2026/10/02 08:08:34.813, 80, 210, 405, 7.31, 0x0000000000000001
2026/10/02 08:08:34.957, 80, 210, 405, 7.33, 0x0000000000000001
2026/10/02 08:08:35.084, 80, 210, 405, 7.32, 0x0000000000000001
2026/10/02 08:08:35.221, 80, 210, 405, 7.34, 0x0000000000000001
2026/10/02 08:08:35.353, 80, 210, 405, 7.32, 0x0000000000000001
2026/10/02 08:08:35.489, 80, 210, 405, 7.32, 0x0000000000000001
2026/10/02 08:08:35.626, 80, 210, 405, 7.32, 0x0000000000000001
2026/10/02 08:08:35.755, 80, 210, 405, 7.31, 0x0000000000000001
2026/10/02 08:08:35.884, 80, 210, 405, 7.31, 0x0000000000000001
2026/10/02 08:08:36.047, 80, 210, 405, 7.29, 0x0000000000000001
2026/10/02 08:08:36.176, 80, 210, 405, 7.29, 0x0000000000000001
2026/10/02 08:08:36.323, 80, 210, 405, 7.30, 0x0000000000000001
2026/10/02 08:08:36.450, 80, 210, 405, 7.30, 0x0000000000000001
2026/10/02 08:08:36.598, 80, 210, 405, 7.30, 0x0000000000000001
2026/10/02 08:08:36.725, 80, 210, 405, 7.32, 0x0000000000000001
2026/10/02 08:08:36.853, 80, 210, 405, 7.31, 0x0000000000000001
2026/10/02 08:08:36.982, 80, 210, 405, 7.32, 0x0000000000000001
2026/10/02 08:08:37.110, 80, 210, 405, 7.31, 0x0000000000000001
2026/10/02 08:08:37.236, 80, 210, 405, 7.34, 0x0000000000000001
2026/10/02 08:08:37.364, 80, 210, 405, 7.31, 0x0000000000000001
2026/10/02 08:08:37.492, 80, 210, 405, 7.32, 0x0000000000000001
2026/10/02 08:08:37.623, 80, 210, 405, 7.32, 0x0000000000000001
2026/10/02 08:08:37.751, 80, 210, 405, 7.32, 0x0000000000000001
2026/10/02 08:08:37.877, 80, 210, 405, 7.32, 0x0000000000000001
2026/10/02 08:08:38.005, 80, 210, 405, 7.33, 0x0000000000000001
2026/10/02 08:08:38.131, 80, 210, 405, 7.34, 0x0000000000000001
2026/10/02 08:08:38.264, 80, 210, 405, 7.34, 0x0000000000000001
2026/10/02 08:08:38.391, 80, 210, 405, 7.33, 0x0000000000000001
2026/10/02 08:08:38.517, 80, 210, 405, 7.33, 0x0000000000000001
2026/10/02 08:08:38.644, 80, 210, 405, 7.31, 0x0000000000000001
2026/10/02 08:08:38.773, 80, 210, 405, 7.32, 0x0000000000000001
2026/10/02 08:08:38.901, 80, 210, 405, 7.32, 0x0000000000000001
2026/10/02 08:08:39.034, 80, 210, 405, 7.32, 0x0000000000000001
2026/10/02 08:08:39.169, 80, 210, 405, 7.34, 0x0000000000000001
2026/10/02 08:08:39.304, 80, 210, 405, 7.34, 0x0000000000000001
2026/10/02 08:08:39.430, 80, 210, 405, 7.34, 0x0000000000000001
2026/10/02 08:08:39.555, 80, 210, 405, 7.33, 0x0000000000000001
2026/10/02 08:08:39.709, 80, 210, 405, 7.33, 0x0000000000000001
2026/10/02 08:08:39.836, 80, 210, 405, 7.33, 0x0000000000000001
2026/10/02 08:08:39.961, 80, 210, 405, 7.33, 0x0000000000000001
2026/10/02 08:08:40.086, 80, 210, 405, 7.32, 0x0000000000000001
2026/10/02 08:08:40.220, 80, 210, 405, 7.32, 0x0000000000000001
2026/10/02 08:08:40.362, 80, 210, 405, 7.31, 0x0000000000000001
2026/10/02 08:08:40.491, 80, 210, 405, 7.30, 0x0000000000000001
2026/10/02 08:08:40.628, 80, 210, 405, 7.31, 0x0000000000000001
2026/10/02 08:08:40.754, 80, 210, 405, 7.31, 0x0000000000000001
2026/10/02 08:08:40.884, 80, 210, 405, 7.32, 0x0000000000000001
2026/10/02 08:08:41.020, 80, 210, 405, 7.30, 0x0000000000000001
2026/10/02 08:08:41.148, 80, 210, 405, 7.32, 0x0000000000000001
2026/10/02 08:08:41.282, 80, 210, 405, 7.32, 0x0000000000000001
2026/10/02 08:08:41.443, 80, 210, 405, 7.34, 0x0000000000000001
2026/10/02 08:08:41.569, 80, 210, 405, 7.34, 0x0000000000000001
2026/10/02 08:08:41.711, 80, 210, 405, 7.35, 0x0000000000000001
2026/10/02 08:08:41.839, 80, 210, 405, 7.35, 0x0000000000000001
2026/10/02 08:08:41.994, 80, 210, 405, 7.35, 0x0000000000000001
2026/10/02 08:08:42.124, 80, 210, 405, 7.36, 0x0000000000000001
2026/10/02 08:08:42.273, 80, 210, 405, 7.37, 0x0000000000000001
2026/10/02 08:08:42.398, 80, 210, 405, 7.35, 0x0000000000000001
2026/10/02 08:08:42.527, 80, 210, 405, 7.32, 0x0000000000000001
2026/10/02 08:08:42.653, 80, 210, 405, 7.32, 0x0000000000000001
2026/10/02 08:08:42.781, 80, 210, 405, 7.32, 0x0000000000000001
2026/10/02 08:08:42.910, 80, 210, 405, 7.32, 0x0000000000000001
2026/10/02 08:08:43.049, 80, 210, 405, 7.33, 0x0000000000000001
2026/10/02 08:08:43.178, 80, 210, 405, 7.32, 0x0000000000000001
2026/10/02 08:08:43.318, 80, 210, 405, 7.33, 0x0000000000000001
2026/10/02 08:08:43.443, 80, 210, 405, 7.32, 0x0000000000000001
2026/10/02 08:08:43.569, 80, 210, 405, 7.33, 0x0000000000000001
2026/10/02 08:08:43.701, 80, 210, 405, 7.33, 0x0000000000000001
2026/10/02 08:08:43.829, 80, 210, 405, 7.32, 0x0000000000000001
2026/10/02 08:08:43.956, 80, 210, 405, 7.32, 0x0000000000000001
2026/10/02 08:08:44.086, 80, 210, 405, 7.30, 0x0000000000000001
2026/10/02 08:08:44.216, 80, 210, 405, 7.30, 0x0000000000000001
2026/10/02 08:08:44.351, 80, 210, 405, 7.30, 0x0000000000000001
2026/10/02 08:08:44.500, 80, 210, 405, 7.30, 0x0000000000000001
2026/10/02 08:08:44.628, 80, 210, 405, 7.29, 0x0000000000000001
2026/10/02 08:08:44.757, 80, 210, 405, 7.28, 0x0000000000000001
2026/10/02 08:08:44.883, 80, 210, 405, 7.27, 0x0000000000000001
2026/10/02 08:08:45.013, 80, 210, 405, 7.26, 0x0000000000000001
2026/10/02 08:08:45.137, 80, 210, 405, 7.26, 0x0000000000000001
2026/10/02 08:08:45.261, 80, 210, 405, 7.27, 0x0000000000000001
2026/10/02 08:08:45.393, 80, 210, 405, 7.27, 0x0000000000000001
2026/10/02 08:08:45.521, 80, 210, 405, 7.26, 0x0000000000000001
2026/10/02 08:08:45.647, 80, 210, 405, 7.26, 0x0000000000000001
2026/10/02 08:08:45.776, 80, 210, 405, 7.30, 0x0000000000000001
2026/10/02 08:08:45.902, 80, 210, 405, 7.33, 0x0000000000000001
2026/10/02 08:08:46.026, 80, 210, 405, 7.33, 0x0000000000000001
2026/10/02 08:08:46.150, 80, 210, 405, 7.34, 0x0000000000000001
2026/10/02 08:08:46.275, 80, 210, 405, 7.32, 0x0000000000000001
2026/10/02 08:08:46.426, 80, 210, 405, 7.33, 0x0000000000000001
2026/10/02 08:08:46.552, 80, 210, 405, 7.32, 0x0000000000000001
2026/10/02 08:08:46.680, 80, 210, 405, 7.33, 0x0000000000000001
2026/10/02 08:08:46.813, 80, 210, 405, 7.28, 0x0000000000000001
2026/10/02 08:08:46.952, 80, 210, 405, 7.30, 0x0000000000000001
2026/10/02 08:08:47.077, 80, 210, 405, 7.30, 0x0000000000000001
2026/10/02 08:08:47.201, 80, 210, 405, 7.28, 0x0000000000000001
2026/10/02 08:08:47.331, 80, 210, 405, 7.28, 0x0000000000000001
2026/10/02 08:08:47.455, 80, 210, 405, 7.30, 0x0000000000000001
2026/10/02 08:08:47.581, 80, 210, 405, 7.30, 0x0000000000000001
2026/10/02 08:08:47.708, 80, 210, 405, 7.28, 0x0000000000000001
2026/10/02 08:08:47.835, 80, 210, 405, 7.28, 0x0000000000000001
2026/10/02 08:08:48.002, 80, 210, 405, 7.31, 0x0000000000000001
2026/10/02 08:08:48.129, 80, 210, 405, 7.30, 0x0000000000000001
2026/10/02 08:08:48.255, 80, 210, 405, 7.30, 0x0000000000000001
2026/10/02 08:08:48.389, 80, 210, 405, 7.32, 0x0000000000000001
2026/10/02 08:08:48.515, 80, 210, 405, 7.30, 0x0000000000000001
2026/10/02 08:08:48.659, 80, 210, 405, 7.32, 0x0000000000000001
2026/10/02 08:08:48.786, 80, 210, 405, 7.31, 0x0000000000000001
2026/10/02 08:08:48.910, 80, 210, 405, 7.31, 0x0000000000000001
2026/10/02 08:08:49.056, 80, 210, 405, 7.28, 0x0000000000000001
2026/10/02 08:08:49.187, 80, 210, 405, 7.27, 0x0000000000000001
2026/10/02 08:08:49.336, 80, 210, 405, 7.29, 0x0000000000000001
2026/10/02 08:08:49.466, 80, 210, 405, 7.30, 0x0000000000000001
2026/10/02 08:08:49.591, 80, 210, 405, 7.30, 0x0000000000000001
2026/10/02 08:08:49.722, 80, 210, 405, 7.31, 0x0000000000000001
2026/10/02 08:08:49.849, 80, 210, 405, 7.31, 0x0000000000000001
2026/10/02 08:08:49.984, 80, 210, 405, 7.33, 0x0000000000000001
2026/10/02 08:08:50.119, 80, 210, 405, 7.34, 0x0000000000000001
2026/10/02 08:08:50.248, 80, 210, 405, 7.34, 0x0000000000000001
2026/10/02 08:08:50.374, 80, 210, 405, 7.35, 0x0000000000000001
2026/10/02 08:08:50.498, 80, 210, 405, 7.35, 0x0000000000000001
2026/10/02 08:08:50.624, 80, 210, 405, 7.35, 0x0000000000000001
2026/10/02 08:08:50.749, 80, 210, 405, 7.36, 0x0000000000000001
2026/10/02 08:08:50.882, 80, 210, 405, 7.36, 0x0000000000000001
2026/10/02 08:08:51.007, 80, 210, 405, 7.36, 0x0000000000000001
2026/10/02 08:08:51.134, 80, 210, 405, 7.37, 0x0000000000000001
2026/10/02 08:08:51.261, 80, 210, 405, 7.37, 0x0000000000000001
2026/10/02 08:08:51.411, 80, 210, 405, 7.37, 0x0000000000000001
2026/10/02 08:08:51.545, 80, 210, 405, 7.36, 0x0000000000000001
2026/10/02 08:08:51.686, 80, 210, 405, 7.35, 0x0000000000000001
2026/10/02 08:08:51.813, 80, 210, 405, 7.34, 0x0000000000000001
2026/10/02 08:08:51.938, 80, 210, 405, 7.34, 0x0000000000000001
2026/10/02 08:08:52.067, 80, 210, 405, 7.34, 0x0000000000000001
2026/10/02 08:08:52.200, 80, 210, 405, 7.33, 0x0000000000000001
2026/10/02 08:08:52.341, 80, 210, 405, 7.34, 0x0000000000000001
2026/10/02 08:08:52.468, 80, 210, 405, 7.32, 0x0000000000000001
2026/10/02 08:08:52.594, 80, 210, 405, 7.32, 0x0000000000000001
2026/10/02 08:08:52.719, 80, 210, 405, 7.31, 0x0000000000000001
2026/10/02 08:08:52.850, 80, 210, 405, 7.31, 0x0000000000000001
2026/10/02 08:08:53.005, 80, 210, 405, 7.32, 0x0000000000000001
2026/10/02 08:08:53.157, 80, 210, 405, 7.32, 0x0000000000000001
2026/10/02 08:08:53.284, 80, 210, 405, 7.32, 0x0000000000000001
2026/10/02 08:08:53.411, 80, 210, 405, 7.30, 0x0000000000000001
2026/10/02 08:08:53.535, 80, 210, 405, 7.33, 0x0000000000000001
2026/10/02 08:08:53.665, 80, 210, 405, 7.33, 0x0000000000000001
2026/10/02 08:08:53.790, 80, 210, 405, 7.33, 0x0000000000000001
2026/10/02 08:08:53.923, 80, 210, 405, 7.35, 0x0000000000000001
2026/10/02 08:08:54.046, 80, 210, 405, 7.35, 0x0000000000000001
2026/10/02 08:08:54.170, 80, 210, 405, 7.34, 0x0000000000000001
2026/10/02 08:08:54.319, 80, 210, 405, 7.36, 0x0000000000000001
2026/10/02 08:08:54.443, 80, 210, 405, 7.35, 0x0000000000000001
2026/10/02 08:08:54.571, 80, 210, 405, 7.34, 0x0000000000000001
2026/10/02 08:08:54.695, 80, 210, 405, 7.34, 0x0000000000000001
2026/10/02 08:08:54.821, 80, 210, 405, 7.34, 0x0000000000000001
2026/10/02 08:08:54.945, 80, 210, 405, 7.33, 0x0000000000000001
2026/10/02 08:08:55.082, 80, 210, 405, 7.32, 0x0000000000000001
2026/10/02 08:08:55.208, 80, 210, 405, 7.32, 0x0000000000000001
2026/10/02 08:08:55.341, 80, 210, 405, 7.32, 0x0000000000000001
2026/10/02 08:08:55.475, 80, 210, 405, 7.33, 0x0000000000000001
2026/10/02 08:08:55.599, 80, 210, 405, 7.31, 0x0000000000000001
2026/10/02 08:08:55.729, 80, 210, 405, 7.32, 0x0000000000000001
2026/10/02 08:08:55.857, 80, 210, 405, 7.33, 0x0000000000000001
2026/10/02 08:08:55.981, 80, 210, 405, 7.32, 0x0000000000000001
2026/10/02 08:08:56.123, 80, 210, 405, 7.31, 0x0000000000000001
2026/10/02 08:08:56.248, 80, 210, 405, 7.30, 0x0000000000000001
2026/10/02 08:08:56.410, 80, 210, 405, 7.32, 0x0000000000000001
2026/10/02 08:08:56.539, 80, 210, 405, 7.32, 0x0000000000000001
2026/10/02 08:08:56.664, 80, 210, 405, 7.32, 0x0000000000000001
2026/10/02 08:08:56.789, 80, 210, 405, 7.30, 0x0000000000000001
2026/10/02 08:08:56.921, 80, 210, 405, 7.30, 0x0000000000000001
2026/10/02 08:08:57.050, 80, 210, 405, 7.32, 0x0000000000000001
2026/10/02 08:08:57.177, 80, 210, 405, 7.31, 0x0000000000000001
2026/10/02 08:08:57.319, 80, 210, 405, 7.35, 0x0000000000000001
2026/10/02 08:08:57.453, 80, 210, 405, 7.32, 0x0000000000000001
2026/10/02 08:08:57.588, 80, 210, 405, 7.33, 0x0000000000000001
2026/10/02 08:08:57.713, 80, 210, 405, 7.33, 0x0000000000000001
2026/10/02 08:08:57.838, 80, 210, 405, 7.33, 0x0000000000000001
2026/10/02 08:08:57.963, 80, 210, 405, 7.33, 0x0000000000000001
2026/10/02 08:08:58.086, 80, 210, 405, 7.33, 0x0000000000000001
2026/10/02 08:08:58.219, 80, 210, 405, 7.32, 0x0000000000000001
2026/10/02 08:08:58.357, 80, 210, 405, 7.35, 0x0000000000000001
2026/10/02 08:08:58.481, 80, 210, 405, 7.32, 0x0000000000000001
2026/10/02 08:08:58.616, 80, 210, 405, 7.32, 0x0000000000000001
2026/10/02 08:08:58.745, 80, 210, 405, 7.30, 0x0000000000000001
2026/10/02 08:08:58.909, 80, 210, 405, 7.30, 0x0000000000000001
2026/10/02 08:08:59.036, 80, 210, 405, 7.29, 0x0000000000000001
2026/10/02 08:08:59.175, 80, 210, 405, 7.31, 0x0000000000000001
2026/10/02 08:08:59.321, 80, 210, 405, 7.29, 0x0000000000000001
2026/10/02 08:08:59.446, 80, 210, 405, 7.28, 0x0000000000000001
2026/10/02 08:08:59.570, 80, 210, 405, 7.27, 0x0000000000000001
2026/10/02 08:08:59.697, 80, 210, 405, 7.27, 0x0000000000000001
2026/10/02 08:08:59.824, 80, 210, 405, 7.26, 0x0000000000000001
2026/10/02 08:08:59.948, 80, 210, 405, 7.26, 0x0000000000000001
2026/10/02 08:09:00.073, 80, 210, 405, 7.27, 0x0000000000000001
2026/10/02 08:09:00.199, 80, 210, 405, 7.26, 0x0000000000000001
2026/10/02 08:09:00.329, 80, 210, 405, 7.30, 0x0000000000000001
2026/10/02 08:09:00.453, 80, 210, 405, 7.30, 0x0000000000000001
2026/10/02 08:09:00.602, 80, 210, 405, 7.28, 0x0000000000000001
2026/10/02 08:09:00.728, 80, 210, 405, 7.26, 0x0000000000000001
2026/10/02 08:09:00.859, 80, 210, 405, 7.28, 0x0000000000000001
2026/10/02 08:09:00.995, 80, 210, 405, 7.29, 0x0000000000000001
2026/10/02 08:09:01.121, 80, 210, 405, 7.29, 0x0000000000000001
2026/10/02 08:09:01.247, 80, 210, 405, 7.29, 0x0000000000000001
2026/10/02 08:09:01.372, 80, 210, 405, 7.25, 0x0000000000000001
2026/10/02 08:09:01.496, 80, 210, 405, 7.27, 0x0000000000000001
2026/10/02 08:09:01.622, 80, 210, 405, 7.26, 0x0000000000000001
2026/10/02 08:09:01.762, 80, 210, 405, 7.30, 0x0000000000000001
2026/10/02 08:09:01.887, 80, 210, 405, 7.30, 0x0000000000000001
2026/10/02 08:09:02.012, 80, 210, 405, 7.29, 0x0000000000000001
2026/10/02 08:09:02.137, 80, 210, 405, 7.28, 0x0000000000000001
2026/10/02 08:09:02.262, 80, 210, 405, 7.29, 0x0000000000000001
2026/10/02 08:09:02.402, 80, 210, 405, 7.31, 0x0000000000000001
2026/10/02 08:09:02.536, 80, 210, 405, 7.31, 0x0000000000000001
2026/10/02 08:09:02.663, 80, 210, 405, 7.31, 0x0000000000000001
2026/10/02 08:09:02.788, 80, 210, 405, 7.32, 0x0000000000000001
2026/10/02 08:09:02.921, 80, 210, 405, 7.32, 0x0000000000000001
2026/10/02 08:09:03.072, 80, 210, 405, 7.33, 0x0000000000000001
2026/10/02 08:09:03.202, 80, 210, 405, 7.33, 0x0000000000000001
2026/10/02 08:09:03.327, 80, 210, 405, 7.35, 0x0000000000000001
2026/10/02 08:09:03.451, 80, 210, 405, 7.33, 0x0000000000000001
2026/10/02 08:09:03.578, 80, 210, 405, 7.35, 0x0000000000000001
2026/10/02 08:09:03.705, 80, 210, 405, 7.34, 0x0000000000000001
2026/10/02 08:09:03.833, 80, 210, 405, 7.33, 0x0000000000000001
2026/10/02 08:09:03.959, 80, 210, 405, 7.32, 0x0000000000000001
2026/10/02 08:09:04.085, 80, 210, 405, 7.30, 0x0000000000000001
2026/10/02 08:09:04.229, 80, 210, 405, 7.31, 0x0000000000000001
2026/10/02 08:09:04.354, 80, 210, 405, 7.31, 0x0000000000000001
2026/10/02 08:09:04.478, 80, 210, 405, 7.28, 0x0000000000000001
2026/10/02 08:09:04.606, 80, 210, 405, 7.28, 0x0000000000000001
2026/10/02 08:09:04.741, 80, 210, 405, 7.27, 0x0000000000000001
2026/10/02 08:09:04.865, 80, 210, 405, 7.28, 0x0000000000000001
2026/10/02 08:09:04.991, 80, 210, 405, 7.27, 0x0000000000000001
2026/10/02 08:09:05.116, 80, 210, 405, 7.27, 0x0000000000000001
2026/10/02 08:09:05.266, 80, 210, 405, 7.29, 0x0000000000000001
2026/10/02 08:09:05.390, 80, 210, 405, 7.28, 0x0000000000000001
2026/10/02 08:09:05.514, 80, 210, 405, 7.27, 0x0000000000000001
2026/10/02 08:09:05.638, 80, 210, 405, 7.28, 0x0000000000000001
2026/10/02 08:09:05.764, 80, 210, 405, 7.26, 0x0000000000000001
2026/10/02 08:09:05.888, 80, 210, 405, 7.27, 0x0000000000000001
2026/10/02 08:09:06.014, 80, 210, 405, 7.27, 0x0000000000000001
2026/10/02 08:09:06.143, 80, 210, 405, 7.27, 0x0000000000000001
2026/10/02 08:09:06.292, 80, 210, 405, 7.26, 0x0000000000000001
2026/10/02 08:09:06.420, 80, 210, 405, 7.25, 0x0000000000000001
2026/10/02 08:09:06.591, 80, 210, 405, 7.27, 0x0000000000000001
2026/10/02 08:09:06.719, 80, 210, 405, 7.28, 0x0000000000000001
2026/10/02 08:09:06.847, 80, 210, 405, 7.28, 0x0000000000000001
2026/10/02 08:09:06.982, 80, 210, 405, 7.30, 0x0000000000000001
2026/10/02 08:09:07.110, 80, 210, 405, 7.28, 0x0000000000000001
2026/10/02 08:09:07.239, 80, 210, 405, 7.30, 0x0000000000000001
2026/10/02 08:09:07.370, 80, 210, 405, 7.30, 0x0000000000000001
2026/10/02 08:09:07.498, 80, 210, 405, 7.33, 0x0000000000000001
2026/10/02 08:09:07.631, 80, 210, 405, 7.30, 0x0000000000000001
2026/10/02 08:09:07.782, 80, 210, 405, 7.30, 0x0000000000000001
2026/10/02 08:09:07.910, 80, 210, 405, 7.31, 0x0000000000000001
2026/10/02 08:09:08.040, 80, 210, 405, 7.32, 0x0000000000000001
2026/10/02 08:09:08.169, 80, 210, 405, 7.30, 0x0000000000000001
2026/10/02 08:09:08.297, 80, 210, 405, 7.30, 0x0000000000000001
2026/10/02 08:09:08.426, 80, 210, 405, 7.32, 0x0000000000000001
2026/10/02 08:09:08.554, 80, 210, 405, 7.31, 0x0000000000000001
2026/10/02 08:09:08.687, 80, 210, 405, 7.30, 0x0000000000000001
2026/10/02 08:09:08.821, 80, 210, 405, 7.33, 0x0000000000000001
2026/10/02 08:09:08.980, 80, 210, 405, 7.35, 0x0000000000000001
2026/10/02 08:09:09.106, 80, 210, 405, 7.36, 0x0000000000000001
2026/10/02 08:09:09.234, 80, 210, 405, 7.35, 0x0000000000000001
2026/10/02 08:09:09.362, 80, 210, 405, 7.35, 0x0000000000000001
2026/10/02 08:09:09.491, 80, 210, 405, 7.38, 0x0000000000000001
2026/10/02 08:09:09.623, 80, 210, 405, 7.39, 0x0000000000000001
2026/10/02 08:09:09.752, 80, 210, 405, 7.39, 0x0000000000000001
2026/10/02 08:09:09.879, 80, 210, 405, 7.37, 0x0000000000000001
2026/10/02 08:09:10.006, 80, 210, 405, 7.38, 0x0000000000000001
2026/10/02 08:09:10.133, 80, 210, 405, 7.39, 0x0000000000000001
2026/10/02 08:09:10.266, 80, 210, 405, 7.39, 0x0000000000000001
2026/10/02 08:09:10.393, 80, 210, 405, 7.39, 0x0000000000000001
2026/10/02 08:09:10.520, 80, 210, 405, 7.36, 0x0000000000000001
2026/10/02 08:09:10.656, 80, 210, 405, 7.38, 0x0000000000000001
2026/10/02 08:09:10.784, 80, 210, 405, 7.36, 0x0000000000000001
2026/10/02 08:09:10.912, 80, 210, 405, 7.36, 0x0000000000000001
2026/10/02 08:09:11.048, 80, 210, 405, 7.38, 0x0000000000000001
2026/10/02 08:09:11.179, 80, 210, 405, 7.38, 0x0000000000000001
2026/10/02 08:09:11.309, 80, 210, 405, 7.36, 0x0000000000000001
2026/10/02 08:09:11.436, 80, 210, 405, 7.35, 0x0000000000000001
2026/10/02 08:09:11.565, 80, 210, 405, 7.34, 0x0000000000000001
2026/10/02 08:09:11.692, 80, 210, 405, 7.33, 0x0000000000000001
2026/10/02 08:09:11.820, 80, 210, 405, 7.32, 0x0000000000000001
2026/10/02 08:09:11.946, 80, 210, 405, 7.33, 0x0000000000000001
2026/10/02 08:09:12.074, 80, 210, 405, 7.29, 0x0000000000000001
2026/10/02 08:09:12.200, 80, 210, 405, 7.30, 0x0000000000000001
2026/10/02 08:09:12.344, 80, 210, 405, 7.29, 0x0000000000000001
2026/10/02 08:09:12.472, 80, 210, 405, 7.31, 0x0000000000000001
2026/10/02 08:09:12.602, 80, 210, 405, 7.30, 0x0000000000000001
2026/10/02 08:09:12.739, 80, 210, 405, 7.31, 0x0000000000000001
2026/10/02 08:09:12.869, 80, 210, 405, 7.30, 0x0000000000000001
2026/10/02 08:09:13.041, 80, 210, 405, 7.34, 0x0000000000000001
2026/10/02 08:09:13.172, 80, 210, 405, 7.35, 0x0000000000000001
2026/10/02 08:09:13.296, 80, 210, 405, 7.34, 0x0000000000000001
2026/10/02 08:09:13.440, 80, 210, 405, 7.34, 0x0000000000000001
2026/10/02 08:09:13.566, 80, 210, 405, 7.33, 0x0000000000000001
2026/10/02 08:09:13.710, 80, 210, 405, 7.34, 0x0000000000000001
2026/10/02 08:09:13.836, 80, 210, 405, 7.32, 0x0000000000000001
2026/10/02 08:09:13.967, 80, 210, 405, 7.33, 0x0000000000000001
2026/10/02 08:09:14.092, 80, 210, 405, 7.30, 0x0000000000000001
2026/10/02 08:09:14.221, 80, 210, 405, 7.30, 0x0000000000000001
2026/10/02 08:09:14.354, 80, 210, 405, 7.29, 0x0000000000000001
2026/10/02 08:09:14.486, 80, 210, 405, 7.27, 0x0000000000000001
2026/10/02 08:09:14.634, 80, 210, 405, 7.27, 0x0000000000000001
2026/10/02 08:09:14.761, 80, 210, 405, 7.27, 0x0000000000000001
2026/10/02 08:09:14.889, 80, 210, 405, 7.29, 0x0000000000000001
2026/10/02 08:09:15.016, 80, 210, 405, 7.28, 0x0000000000000001
2026/10/02 08:09:15.159, 80, 210, 405, 7.30, 0x0000000000000001
2026/10/02 08:09:15.288, 80, 210, 405, 7.31, 0x0000000000000001
2026/10/02 08:09:15.437, 80, 210, 405, 7.32, 0x0000000000000001
2026/10/02 08:09:15.561, 80, 210, 405, 7.29, 0x0000000000000001
2026/10/02 08:09:15.728, 80, 210, 405, 7.31, 0x0000000000000001
2026/10/02 08:09:15.855, 80, 210, 405, 7.29, 0x0000000000000001
2026/10/02 08:09:16.004, 80, 210, 405, 7.28, 0x0000000000000001
2026/10/02 08:09:16.128, 80, 210, 405, 7.28, 0x0000000000000001
2026/10/02 08:09:16.255, 80, 210, 405, 7.25, 0x0000000000000001
2026/10/02 08:09:16.382, 80, 210, 405, 7.26, 0x0000000000000001
2026/10/02 08:09:16.507, 80, 210, 405, 7.24, 0x0000000000000001
2026/10/02 08:09:16.658, 80, 210, 405, 7.26, 0x0000000000000001
2026/10/02 08:09:16.795, 80, 210, 405, 7.26, 0x0000000000000001
2026/10/02 08:09:16.923, 79, 210, 405, 7.26, 0x0000000000000001
2026/10/02 08:09:17.053, 79, 210, 405, 7.26, 0x0000000000000001
2026/10/02 08:09:17.178, 79, 210, 405, 7.25, 0x0000000000000001
2026/10/02 08:09:17.302, 79, 210, 405, 7.27, 0x0000000000000001
2026/10/02 08:09:17.436, 80, 210, 405, 7.26, 0x0000000000000001
2026/10/02 08:09:17.565, 80, 210, 405, 7.25, 0x0000000000000001
2026/10/02 08:09:17.695, 80, 210, 405, 7.23, 0x0000000000000001
2026/10/02 08:09:17.849, 80, 210, 405, 7.24, 0x0000000000000001
2026/10/02 08:09:17.974, 79, 210, 405, 7.22, 0x0000000000000001
2026/10/02 08:09:18.110, 79, 210, 405, 7.23, 0x0000000000000001
2026/10/02 08:09:18.239, 79, 210, 405, 7.22, 0x0000000000000001
2026/10/02 08:09:18.364, 79, 210, 405, 7.22, 0x0000000000000001
2026/10/02 08:09:18.496, 80, 210, 405, 7.22, 0x0000000000000001
2026/10/02 08:09:18.623, 80, 210, 405, 7.21, 0x0000000000000001
2026/10/02 08:09:18.748, 80, 210, 405, 7.22, 0x0000000000000001
2026/10/02 08:09:18.875, 80, 210, 405, 7.23, 0x0000000000000001
2026/10/02 08:09:19.003, 79, 210, 405, 7.24, 0x0000000000000001
2026/10/02 08:09:19.129, 79, 210, 405, 7.25, 0x0000000000000001
2026/10/02 08:09:19.254, 79, 210, 405, 7.25, 0x0000000000000001
2026/10/02 08:09:19.380, 79, 210, 405, 7.25, 0x0000000000000001
2026/10/02 08:09:19.507, 79, 210, 405, 7.25, 0x0000000000000001
2026/10/02 08:09:19.636, 79, 210, 405, 7.25, 0x0000000000000001
2026/10/02 08:09:19.782, 79, 210, 405, 7.27, 0x0000000000000001
2026/10/02 08:09:19.909, 79, 210, 405, 7.28, 0x0000000000000001
2026/10/02 08:09:20.046, 79, 210, 405, 7.28, 0x0000000000000001
2026/10/02 08:09:20.170, 79, 210, 405, 7.28, 0x0000000000000001
2026/10/02 08:09:20.306, 79, 210, 405, 7.28, 0x0000000000000001
2026/10/02 08:09:20.432, 79, 210, 405, 7.28, 0x0000000000000001
2026/10/02 08:09:20.556, 79, 210, 405, 7.28, 0x0000000000000001
2026/10/02 08:09:20.686, 79, 210, 405, 7.30, 0x0000000000000001
2026/10/02 08:09:20.810, 79, 210, 405, 7.30, 0x0000000000000001
2026/10/02 08:09:20.934, 79, 210, 405, 7.29, 0x0000000000000001
2026/10/02 08:09:21.069, 79, 210, 405, 7.29, 0x0000000000000001
2026/10/02 08:09:21.197, 79, 210, 405, 7.30, 0x0000000000000001
2026/10/02 08:09:21.330, 79, 210, 405, 7.30, 0x0000000000000001
2026/10/02 08:09:21.459, 79, 210, 405, 7.30, 0x0000000000000001
2026/10/02 08:09:21.583, 79, 210, 405, 7.31, 0x0000000000000001
2026/10/02 08:09:21.707, 79, 210, 405, 7.30, 0x0000000000000001
2026/10/02 08:09:21.855, 79, 210, 405, 7.29, 0x0000000000000001
2026/10/02 08:09:21.981, 79, 210, 405, 7.29, 0x0000000000000001
2026/10/02 08:09:22.120, 79, 210, 405, 7.28, 0x0000000000000001
2026/10/02 08:09:22.244, 79, 210, 405, 7.28, 0x0000000000000001
2026/10/02 08:09:22.369, 79, 210, 405, 7.28, 0x0000000000000001
2026/10/02 08:09:22.499, 79, 210, 405, 7.28, 0x0000000000000001
2026/10/02 08:09:22.624, 79, 210, 405, 7.28, 0x0000000000000001
2026/10/02 08:09:22.749, 79, 210, 405, 7.27, 0x0000000000000001
2026/10/02 08:09:22.888, 79, 210, 405, 7.26, 0x0000000000000001
2026/10/02 08:09:23.024, 79, 210, 405, 7.27, 0x0000000000000001
2026/10/02 08:09:23.149, 79, 210, 405, 7.27, 0x0000000000000001
2026/10/02 08:09:23.282, 79, 210, 405, 7.25, 0x0000000000000001
2026/10/02 08:09:23.434, 79, 210, 405, 7.26, 0x0000000000000001
2026/10/02 08:09:23.567, 79, 210, 405, 7.27, 0x0000000000000001
2026/10/02 08:09:23.717, 79, 210, 405, 7.27, 0x0000000000000001
2026/10/02 08:09:23.843, 79, 210, 405, 7.27, 0x0000000000000001
2026/10/02 08:09:23.968, 79, 210, 405, 7.26, 0x0000000000000001
2026/10/02 08:09:24.095, 79, 210, 405, 7.26, 0x0000000000000001
2026/10/02 08:09:24.219, 79, 210, 405, 7.26, 0x0000000000000001
2026/10/02 08:09:24.373, 79, 210, 405, 7.26, 0x0000000000000001
2026/10/02 08:09:24.499, 79, 210, 405, 7.24, 0x0000000000000001
2026/10/02 08:09:24.625, 79, 210, 405, 7.26, 0x0000000000000001
2026/10/02 08:09:24.750, 79, 210, 405, 7.23, 0x0000000000000001
2026/10/02 08:09:24.893, 79, 210, 405, 7.25, 0x0000000000000001
2026/10/02 08:09:25.024, 79, 210, 405, 7.24, 0x0000000000000001
2026/10/02 08:09:25.152, 79, 210, 405, 7.26, 0x0000000000000001
2026/10/02 08:09:25.276, 79, 210, 405, 7.26, 0x0000000000000001
2026/10/02 08:09:25.401, 79, 210, 405, 7.26, 0x0000000000000001
2026/10/02 08:09:25.525, 79, 210, 405, 7.26, 0x0000000000000001
2026/10/02 08:09:25.648, 79, 210, 405, 7.25, 0x0000000000000001
2026/10/02 08:09:25.783, 79, 210, 405, 7.29, 0x0000000000000001
2026/10/02 08:09:25.917, 79, 210, 405, 7.29, 0x0000000000000001
2026/10/02 08:09:26.043, 79, 210, 405, 7.28, 0x0000000000000001
2026/10/02 08:09:26.175, 79, 210, 405, 7.27, 0x0000000000000001
2026/10/02 08:09:26.300, 79, 210, 405, 7.28, 0x0000000000000001
2026/10/02 08:09:26.425, 79, 210, 405, 7.28, 0x0000000000000001
2026/10/02 08:09:26.551, 79, 210, 405, 7.30, 0x0000000000000001
2026/10/02 08:09:26.675, 79, 210, 405, 7.29, 0x0000000000000001
2026/10/02 08:09:26.804, 79, 210, 405, 7.30, 0x0000000000000001
2026/10/02 08:09:26.928, 79, 210, 405, 7.29, 0x0000000000000001
2026/10/02 08:09:27.058, 79, 210, 405, 7.30, 0x0000000000000001
2026/10/02 08:09:27.185, 79, 210, 405, 7.29, 0x0000000000000001
2026/10/02 08:09:27.311, 79, 210, 405, 7.28, 0x0000000000000001
2026/10/02 08:09:27.445, 79, 210, 405, 7.28, 0x0000000000000001
2026/10/02 08:09:27.571, 79, 210, 405, 7.30, 0x0000000000000001
2026/10/02 08:09:27.696, 79, 210, 405, 7.29, 0x0000000000000001
2026/10/02 08:09:27.822, 79, 210, 405, 7.29, 0x0000000000000001
2026/10/02 08:09:27.948, 79, 210, 405, 7.31, 0x0000000000000001
2026/10/02 08:09:28.073, 79, 210, 405, 7.32, 0x0000000000000001
2026/10/02 08:09:28.198, 79, 210, 405, 7.32, 0x0000000000000001
2026/10/02 08:09:28.333, 79, 210, 405, 7.36, 0x0000000000000001
2026/10/02 08:09:28.459, 79, 210, 405, 7.34, 0x0000000000000001
2026/10/02 08:09:28.584, 79, 210, 405, 7.36, 0x0000000000000001
2026/10/02 08:09:28.725, 79, 210, 405, 7.37, 0x0000000000000001
2026/10/02 08:09:28.850, 79, 210, 405, 7.38, 0x0000000000000001
2026/10/02 08:09:28.976, 79, 210, 405, 7.35, 0x0000000000000001
2026/10/02 08:09:29.100, 79, 210, 405, 7.37, 0x0000000000000001
2026/10/02 08:09:29.231, 79, 210, 405, 7.38, 0x0000000000000001
2026/10/02 08:09:29.365, 79, 210, 405, 7.39, 0x0000000000000001
2026/10/02 08:09:29.494, 79, 210, 405, 7.37, 0x0000000000000001
2026/10/02 08:09:29.626, 79, 210, 405, 7.40, 0x0000000000000001
2026/10/02 08:09:29.750, 79, 210, 405, 7.39, 0x0000000000000001
2026/10/02 08:09:29.874, 79, 210, 405, 7.39, 0x0000000000000001
2026/10/02 08:09:30.002, 79, 210, 405, 7.39, 0x0000000000000001
2026/10/02 08:09:30.148, 79, 210, 405, 7.38, 0x0000000000000001
2026/10/02 08:09:30.281, 79, 210, 405, 7.39, 0x0000000000000001
2026/10/02 08:09:30.407, 79, 210, 405, 7.38, 0x0000000000000001
2026/10/02 08:09:30.535, 79, 210, 405, 7.39, 0x0000000000000001
2026/10/02 08:09:30.661, 79, 210, 405, 7.36, 0x0000000000000001
2026/10/02 08:09:30.785, 79, 210, 405, 7.36, 0x0000000000000001
2026/10/02 08:09:30.910, 79, 210, 405, 7.36, 0x0000000000000001
2026/10/02 08:09:31.036, 79, 210, 405, 7.35, 0x0000000000000001
2026/10/02 08:09:31.164, 79, 210, 405, 7.37, 0x0000000000000001
2026/10/02 08:09:31.288, 79, 210, 405, 7.36, 0x0000000000000001
2026/10/02 08:09:31.426, 79, 210, 405, 7.36, 0x0000000000000001
2026/10/02 08:09:31.552, 79, 210, 405, 7.36, 0x0000000000000001
2026/10/02 08:09:31.682, 79, 210, 405, 7.35, 0x0000000000000001
2026/10/02 08:09:31.807, 79, 210, 405, 7.34, 0x0000000000000001
2026/10/02 08:09:31.932, 79, 210, 405, 7.33, 0x0000000000000001
2026/10/02 08:09:32.057, 79, 210, 405, 7.31, 0x0000000000000001
2026/10/02 08:09:32.182, 79, 210, 405, 7.34, 0x0000000000000001
2026/10/02 08:09:32.312, 79, 210, 405, 7.33, 0x0000000000000001
2026/10/02 08:09:32.438, 79, 210, 405, 7.30, 0x0000000000000001
2026/10/02 08:09:32.562, 79, 210, 405, 7.30, 0x0000000000000001
2026/10/02 08:09:32.691, 79, 210, 405, 7.30, 0x0000000000000001
2026/10/02 08:09:32.825, 79, 210, 405, 7.31, 0x0000000000000001
2026/10/02 08:09:32.951, 79, 210, 405, 7.30, 0x0000000000000001
2026/10/02 08:09:33.078, 79, 210, 405, 7.31, 0x0000000000000001
2026/10/02 08:09:33.202, 79, 210, 405, 7.30, 0x0000000000000001
2026/10/02 08:09:33.330, 79, 210, 405, 7.31, 0x0000000000000001
2026/10/02 08:09:33.460, 79, 210, 405, 7.31, 0x0000000000000001
2026/10/02 08:09:33.586, 79, 210, 405, 7.30, 0x0000000000000001
2026/10/02 08:09:33.731, 79, 210, 405, 7.30, 0x0000000000000001
2026/10/02 08:09:33.857, 79, 210, 405, 7.30, 0x0000000000000001
2026/10/02 08:09:33.982, 79, 210, 405, 7.31, 0x0000000000000001
2026/10/02 08:09:34.109, 79, 210, 405, 7.30, 0x0000000000000001
2026/10/02 08:09:34.251, 79, 210, 405, 7.32, 0x0000000000000001
2026/10/02 08:09:34.379, 79, 210, 405, 7.33, 0x0000000000000001
2026/10/02 08:09:34.506, 79, 210, 405, 7.33, 0x0000000000000001
2026/10/02 08:09:34.632, 79, 210, 405, 7.33, 0x0000000000000001
2026/10/02 08:09:34.767, 79, 210, 405, 7.34, 0x0000000000000001
2026/10/02 08:09:34.901, 79, 210, 405, 7.34, 0x0000000000000001
2026/10/02 08:09:35.056, 79, 210, 405, 7.35, 0x0000000000000001
2026/10/02 08:09:35.180, 79, 210, 405, 7.37, 0x0000000000000001
2026/10/02 08:09:35.304, 79, 210, 405, 7.34, 0x0000000000000001
2026/10/02 08:09:35.430, 79, 210, 405, 7.36, 0x0000000000000001
2026/10/02 08:09:35.554, 79, 210, 405, 7.34, 0x0000000000000001
2026/10/02 08:09:35.705, 79, 210, 405, 7.37, 0x0000000000000001
2026/10/02 08:09:35.829, 79, 210, 405, 7.38, 0x0000000000000001
2026/10/02 08:09:35.954, 79, 210, 405, 7.37, 0x0000000000000001
2026/10/02 08:09:36.078, 79, 210, 405, 7.36, 0x0000000000000001
2026/10/02 08:09:36.205, 79, 210, 405, 7.36, 0x0000000000000001
2026/10/02 08:09:36.337, 79, 210, 405, 7.38, 0x0000000000000001
2026/10/02 08:09:36.464, 79, 210, 405, 7.36, 0x0000000000000001
2026/10/02 08:09:36.594, 79, 210, 405, 7.35, 0x0000000000000001
2026/10/02 08:09:36.718, 79, 210, 405, 7.35, 0x0000000000000001
2026/10/02 08:09:36.845, 79, 210, 405, 7.34, 0x0000000000000001
2026/10/02 08:09:36.988, 79, 210, 405, 7.34, 0x0000000000000001
2026/10/02 08:09:37.130, 79, 210, 405, 7.38, 0x0000000000000001
2026/10/02 08:09:37.267, 79, 210, 405, 7.45, 0x0000000000000001
2026/10/02 08:09:37.423, 79, 255, 405, 7.43, 0x0000000000000001
2026/10/02 08:09:37.546, 79, 255, 405, 7.43, 0x0000000000000001
2026/10/02 08:09:37.671, 79, 255, 405, 7.42, 0x0000000000000001
2026/10/02 08:09:37.796, 79, 255, 405, 7.42, 0x0000000000000001
2026/10/02 08:09:37.921, 79, 255, 405, 7.42, 0x0000000000000001
2026/10/02 08:09:38.054, 79, 255, 405, 7.41, 0x0000000000000001
2026/10/02 08:09:38.187, 79, 255, 405, 7.41, 0x0000000000000001
2026/10/02 08:09:38.332, 79, 255, 405, 7.34, 0x0000000000000001
2026/10/02 08:09:38.473, 79, 255, 405, 7.34, 0x0000000000000001
2026/10/02 08:09:38.599, 79, 255, 405, 7.35, 0x0000000000000001
2026/10/02 08:09:38.729, 79, 255, 405, 7.36, 0x0000000000000001
2026/10/02 08:09:38.858, 79, 255, 405, 7.36, 0x0000000000000001
2026/10/02 08:09:38.985, 79, 255, 405, 7.36, 0x0000000000000001
2026/10/02 08:09:39.122, 79, 255, 405, 7.37, 0x0000000000000001
2026/10/02 08:09:39.250, 79, 255, 405, 7.36, 0x0000000000000001
2026/10/02 08:09:39.400, 79, 210, 405, 7.39, 0x0000000000000001
2026/10/02 08:09:39.533, 79, 210, 405, 7.42, 0x0000000000000001
2026/10/02 08:09:39.662, 79, 210, 405, 7.40, 0x0000000000000001
2026/10/02 08:09:39.788, 79, 210, 405, 7.40, 0x0000000000000001
2026/10/02 08:09:39.920, 79, 210, 405, 7.40, 0x0000000000000001
2026/10/02 08:09:40.052, 79, 210, 405, 7.42, 0x0000000000000001
2026/10/02 08:09:40.184, 79, 210, 405, 7.40, 0x0000000000000001
2026/10/02 08:09:40.313, 79, 210, 405, 7.40, 0x0000000000000001
2026/10/02 08:09:40.447, 79, 210, 405, 7.36, 0x0000000000000001
2026/10/02 08:09:40.591, 79, 210, 405, 7.36, 0x0000000000000001
2026/10/02 08:09:40.719, 79, 210, 405, 7.31, 0x0000000000000001
2026/10/02 08:09:40.859, 79, 210, 405, 7.33, 0x0000000000000001
2026/10/02 08:09:40.994, 79, 210, 405, 7.32, 0x0000000000000001
2026/10/02 08:09:41.121, 79, 210, 405, 7.32, 0x0000000000000001
2026/10/02 08:09:41.248, 79, 210, 405, 7.35, 0x0000000000000001
2026/10/02 08:09:41.390, 79, 210, 405, 7.35, 0x0000000000000001
2026/10/02 08:09:41.537, 79, 210, 405, 7.37, 0x0000000000000001
2026/10/02 08:09:41.670, 79, 210, 405, 7.38, 0x0000000000000001
2026/10/02 08:09:41.815, 79, 210, 405, 7.41, 0x0000000000000001
2026/10/02 08:09:41.954, 79, 210, 405, 7.40, 0x0000000000000001
2026/10/02 08:09:42.080, 79, 210, 405, 7.39, 0x0000000000000001
2026/10/02 08:09:42.238, 79, 210, 405, 8.32, 0x0000000000000001
2026/10/02 08:09:42.359, 79, 210, 405, 9.44, 0x0000000000000001
2026/10/02 08:09:42.479, 80, 1890, 8001, 10.52, 0x0000000000000001
2026/10/02 08:09:42.602, 80, 1890, 8001, 11.83, 0x0000000000000001
2026/10/02 08:09:42.723, 80, 1890, 8001, 13.13, 0x0000000000000001
2026/10/02 08:09:42.844, 80, 1890, 8001, 15.56, 0x0000000000000001
2026/10/02 08:09:42.964, 81, 1890, 8001, 16.96, 0x0000000000000001
2026/10/02 08:09:43.085, 81, 1890, 8001, 17.96, 0x0000000000000001
2026/10/02 08:09:43.207, 81, 1890, 8001, 19.06, 0x0000000000000001
2026/10/02 08:09:43.326, 81, 1890, 8001, 20.21, 0x0000000000000001
2026/10/02 08:09:43.452, 81, 1890, 8001, 20.56, 0x0000000000000001
2026/10/02 08:09:43.570, 81, 1890, 8001, 20.66, 0x0000000000000001
2026/10/02 08:09:43.689, 81, 1890, 8001, 20.56, 0x0000000000000001
2026/10/02 08:09:43.814, 81, 1890, 8001, 20.42, 0x0000000000000001
2026/10/02 08:09:43.933, 81, 1890, 8001, 20.54, 0x0000000000000001
2026/10/02 08:09:44.054, 81, 1890, 8001, 20.29, 0x0000000000000001
2026/10/02 08:09:44.175, 81, 1890, 8001, 20.57, 0x0000000000000001
2026/10/02 08:09:44.298, 81, 1890, 8001, 20.74, 0x0000000000000001
2026/10/02 08:09:44.417, 81, 1890, 8001, 20.72, 0x0000000000000001
2026/10/02 08:09:44.536, 81, 1890, 8001, 20.71, 0x0000000000000001
2026/10/02 08:09:44.660, 81, 1890, 8001, 20.70, 0x0000000000000001
2026/10/02 08:09:44.777, 81, 1890, 8001, 20.69, 0x0000000000000001
2026/10/02 08:09:44.898, 81, 1890, 8001, 20.70, 0x0000000000000001
2026/10/02 08:09:45.019, 81, 1890, 8001, 20.68, 0x0000000000000001
2026/10/02 08:09:45.140, 81, 1890, 8001, 20.86, 0x0000000000000001
2026/10/02 08:09:45.260, 81, 1890, 8001, 20.70, 0x0000000000000001
2026/10/02 08:09:45.380, 81, 1890, 8001, 20.60, 0x0000000000000001
2026/10/02 08:09:45.502, 81, 1890, 8001, 20.52, 0x0000000000000001
2026/10/02 08:09:45.624, 81, 1890, 8001, 19.85, 0x0000000000000001
2026/10/02 08:09:45.751, 81, 1890, 8001, 18.69, 0x0000000000000001
2026/10/02 08:09:45.884, 81, 1890, 8001, 18.09, 0x0000000000000001
2026/10/02 08:09:46.006, 81, 690, 6001, 17.34, 0x0000000000000001
2026/10/02 08:09:46.127, 81, 690, 6001, 16.61, 0x0000000000000001
2026/10/02 08:09:46.248, 81, 690, 6001, 15.72, 0x0000000000000001
2026/10/02 08:09:46.374, 80, 690, 6001, 13.85, 0x0000000000000001
2026/10/02 08:09:46.496, 80, 570, 6001, 13.71, 0x0000000000000001
2026/10/02 08:09:46.615, 80, 570, 6001, 13.06, 0x0000000000000001
2026/10/02 08:09:46.734, 80, 570, 6001, 12.99, 0x0000000000000001
2026/10/02 08:09:46.855, 80, 570, 6001, 12.68, 0x0000000000000001
2026/10/02 08:09:46.984, 80, 480, 6001, 12.58, 0x0000000000000001
2026/10/02 08:09:47.115, 80, 480, 6001, 12.58, 0x0000000000000001
2026/10/02 08:09:47.244, 80, 480, 6001, 12.57, 0x0000000000000001
2026/10/02 08:09:47.370, 80, 480, 6001, 12.45, 0x0000000000000001
2026/10/02 08:09:47.498, 80, 390, 810, 12.12, 0x0000000000000001
2026/10/02 08:09:47.628, 80, 390, 810, 11.89, 0x0000000000000001
2026/10/02 08:09:47.750, 80, 390, 810, 11.70, 0x0000000000000001
2026/10/02 08:09:47.877, 80, 390, 810, 11.28, 0x0000000000000001
2026/10/02 08:09:48.000, 80, 330, 810, 11.03, 0x0000000000000001
2026/10/02 08:09:48.132, 80, 330, 810, 10.78, 0x0000000000000001
2026/10/02 08:09:48.260, 80, 330, 810, 11.72, 0x0000000000000001
2026/10/02 08:09:48.383, 80, 330, 810, 12.58, 0x0000000000000001
2026/10/02 08:09:48.508, 80, 1890, 8001, 13.24, 0x0000000000000001
2026/10/02 08:09:48.626, 80, 1890, 8001, 14.07, 0x0000000000000001
2026/10/02 08:09:48.745, 80, 1890, 8001, 14.96, 0x0000000000000001
2026/10/02 08:09:48.868, 81, 1890, 8001, 16.89, 0x0000000000000001
2026/10/02 08:09:48.987, 81, 1890, 8001, 17.86, 0x0000000000000001
2026/10/02 08:09:49.105, 81, 1890, 8001, 18.83, 0x0000000000000001
2026/10/02 08:09:49.231, 81, 1890, 8001, 19.81, 0x0000000000000001
2026/10/02 08:09:49.348, 81, 1890, 8001, 20.51, 0x0000000000000001
2026/10/02 08:09:49.468, 81, 1890, 8001, 20.23, 0x0000000000000001
2026/10/02 08:09:49.586, 81, 1890, 8001, 20.31, 0x0000000000000001
2026/10/02 08:09:49.705, 81, 1890, 8001, 20.41, 0x0000000000000001
2026/10/02 08:09:49.827, 81, 1890, 8001, 20.52, 0x0000000000000001
2026/10/02 08:09:49.946, 81, 1890, 8001, 20.51, 0x0000000000000001
2026/10/02 08:09:50.069, 81, 1890, 8001, 20.51, 0x0000000000000001
2026/10/02 08:09:50.188, 81, 1890, 8001, 20.53, 0x0000000000000001
2026/10/02 08:09:50.304, 81, 1890, 8001, 20.54, 0x0000000000000001
2026/10/02 08:09:50.425, 81, 1890, 8001, 20.52, 0x0000000000000001
2026/10/02 08:09:50.541, 81, 1890, 8001, 20.53, 0x0000000000000001
2026/10/02 08:09:50.665, 81, 1890, 8001, 20.53, 0x0000000000000001
2026/10/02 08:09:50.783, 81, 1890, 8001, 20.66, 0x0000000000000001
2026/10/02 08:09:50.901, 81, 1890, 8001, 20.80, 0x0000000000000001
2026/10/02 08:09:51.027, 81, 1890, 8001, 20.81, 0x0000000000000001
2026/10/02 08:09:51.149, 81, 1890, 8001, 20.73, 0x0000000000000001
2026/10/02 08:09:51.267, 81, 1890, 8001, 20.72, 0x0000000000000001
2026/10/02 08:09:51.388, 81, 1890, 8001, 20.72, 0x0000000000000001
2026/10/02 08:09:51.509, 81, 1890, 8001, 20.59, 0x0000000000000001
2026/10/02 08:09:51.627, 81, 1890, 8001, 19.22, 0x0000000000000001
2026/10/02 08:09:51.750, 81, 1890, 8001, 18.50, 0x0000000000000001
2026/10/02 08:09:51.879, 81, 1890, 8001, 17.68, 0x0000000000000001
2026/10/02 08:09:51.998, 81, 540, 6001, 16.81, 0x0000000000000001
2026/10/02 08:09:52.116, 81, 540, 6001, 16.10, 0x0000000000000001
2026/10/02 08:09:52.240, 80, 540, 6001, 14.57, 0x0000000000000001
2026/10/02 08:09:52.369, 80, 540, 6001, 13.62, 0x0000000000000001
2026/10/02 08:09:52.490, 80, 420, 810, 12.65, 0x0000000000000001
2026/10/02 08:09:52.612, 80, 420, 810, 11.53, 0x0000000000000001
2026/10/02 08:09:52.738, 80, 420, 810, 11.26, 0x0000000000000001
2026/10/02 08:09:52.860, 80, 420, 810, 10.99, 0x0000000000000001
2026/10/02 08:09:52.981, 80, 360, 810, 10.73, 0x0000000000000001
2026/10/02 08:09:53.101, 80, 360, 810, 10.45, 0x0000000000000001
2026/10/02 08:09:53.229, 80, 360, 810, 9.92, 0x0000000000000001
2026/10/02 08:09:53.364, 80, 360, 810, 9.88, 0x0000000000000001
2026/10/02 08:09:53.484, 80, 285, 810, 9.86, 0x0000000000000001
2026/10/02 08:09:53.610, 80, 285, 810, 9.87, 0x0000000000000001
2026/10/02 08:09:53.730, 80, 285, 810, 9.86, 0x0000000000000001
2026/10/02 08:09:53.853, 80, 285, 810, 9.87, 0x0000000000000001
2026/10/02 08:09:53.978, 80, 240, 810, 9.85, 0x0000000000000001
2026/10/02 08:09:54.099, 80, 240, 810, 9.86, 0x0000000000000001
2026/10/02 08:09:54.224, 80, 240, 810, 9.86, 0x0000000000000001
2026/10/02 08:09:54.344, 80, 240, 810, 9.86, 0x0000000000000001
2026/10/02 08:09:54.483, 80, 210, 810, 9.86, 0x0000000000000001
2026/10/02 08:09:54.613, 80, 210, 810, 9.85, 0x0000000000000001
2026/10/02 08:09:54.738, 80, 210, 810, 9.86, 0x0000000000000001
2026/10/02 08:09:54.863, 80, 210, 810, 9.87, 0x0000000000000001
2026/10/02 08:09:54.986, 80, 210, 810, 9.88, 0x0000000000000001
2026/10/02 08:09:55.116, 80, 210, 810, 9.87, 0x0000000000000001
2026/10/02 08:09:55.238, 80, 210, 810, 9.88, 0x0000000000000001
2026/10/02 08:09:55.361, 80, 210, 810, 9.88, 0x0000000000000001
2026/10/02 08:09:55.491, 80, 210, 810, 9.86, 0x0000000000000001
2026/10/02 08:09:55.613, 80, 210, 810, 9.85, 0x0000000000000001
2026/10/02 08:09:55.738, 80, 210, 810, 9.86, 0x0000000000000001
2026/10/02 08:09:55.866, 80, 210, 405, 9.62, 0x0000000000000001
2026/10/02 08:09:56.009, 80, 210, 405, 9.18, 0x0000000000000001
2026/10/02 08:09:56.134, 80, 210, 405, 8.93, 0x0000000000000001
2026/10/02 08:09:56.262, 80, 210, 405, 8.34, 0x0000000000000001
2026/10/02 08:09:56.401, 80, 210, 405, 8.24, 0x0000000000000001
2026/10/02 08:09:56.528, 80, 210, 405, 8.01, 0x0000000000000001
2026/10/02 08:09:56.652, 80, 210, 405, 7.78, 0x0000000000000001
2026/10/02 08:09:56.801, 80, 210, 405, 7.33, 0x0000000000000001
2026/10/02 08:09:56.926, 80, 210, 405, 7.31, 0x0000000000000001
2026/10/02 08:09:57.062, 80, 210, 405, 7.30, 0x0000000000000001
2026/10/02 08:09:57.187, 80, 210, 405, 7.31, 0x0000000000000001
2026/10/02 08:09:57.312, 80, 210, 405, 7.31, 0x0000000000000001
2026/10/02 08:09:57.437, 80, 210, 405, 7.32, 0x0000000000000001
2026/10/02 08:09:57.561, 80, 210, 405, 7.33, 0x0000000000000001
2026/10/02 08:09:57.686, 80, 210, 405, 7.35, 0x0000000000000001
2026/10/02 08:09:57.813, 80, 210, 405, 7.34, 0x0000000000000001
2026/10/02 08:09:57.960, 80, 210, 405, 7.35, 0x0000000000000001
2026/10/02 08:09:58.085, 80, 210, 405, 7.33, 0x0000000000000001
2026/10/02 08:09:58.234, 80, 210, 405, 7.35, 0x0000000000000001
2026/10/02 08:09:58.361, 80, 210, 405, 7.36, 0x0000000000000001
2026/10/02 08:09:58.486, 80, 210, 405, 7.35, 0x0000000000000001
2026/10/02 08:09:58.610, 80, 210, 405, 7.34, 0x0000000000000001
2026/10/02 08:09:58.734, 80, 210, 405, 7.33, 0x0000000000000001
2026/10/02 08:09:58.861, 80, 210, 405, 7.32, 0x0000000000000001
2026/10/02 08:09:58.984, 80, 210, 405, 7.30, 0x0000000000000001
2026/10/02 08:09:59.109, 80, 210, 405, 7.31, 0x0000000000000001
2026/10/02 08:09:59.234, 80, 210, 405, 7.31, 0x0000000000000001
2026/10/02 08:09:59.361, 80, 210, 405, 7.33, 0x0000000000000001
2026/10/02 08:09:59.490, 80, 210, 405, 7.32, 0x0000000000000001
2026/10/02 08:09:59.627, 80, 210, 405, 7.33, 0x0000000000000001
2026/10/02 08:09:59.753, 80, 210, 405, 7.34, 0x0000000000000001
2026/10/02 08:09:59.877, 80, 210, 405, 7.33, 0x0000000000000001
2026/10/02 08:10:00.001, 80, 210, 405, 7.34, 0x0000000000000001
2026/10/02 08:10:00.126, 80, 210, 405, 7.33, 0x0000000000000001
2026/10/02 08:10:00.272, 80, 210, 405, 7.33, 0x0000000000000001
2026/10/02 08:10:00.396, 80, 210, 405, 7.34, 0x0000000000000001
2026/10/02 08:10:00.530, 80, 210, 405, 7.31, 0x0000000000000001
2026/10/02 08:10:00.656, 80, 210, 405, 7.30, 0x0000000000000001
2026/10/02 08:10:00.791, 80, 210, 405, 7.30, 0x0000000000000001
2026/10/02 08:10:00.915, 80, 210, 405, 7.29, 0x0000000000000001
2026/10/02 08:10:01.055, 80, 210, 405, 7.30, 0x0000000000000001
2026/10/02 08:10:01.181, 80, 210, 405, 7.31, 0x0000000000000001
2026/10/02 08:10:01.316, 80, 210, 405, 7.31, 0x0000000000000001
2026/10/02 08:10:01.441, 80, 210, 405, 7.30, 0x0000000000000001
2026/10/02 08:10:01.577, 80, 210, 405, 7.31, 0x0000000000000001
2026/10/02 08:10:01.701, 80, 210, 405, 7.32, 0x0000000000000001
2026/10/02 08:10:01.826, 80, 210, 405, 7.32, 0x0000000000000001
2026/10/02 08:10:01.955, 80, 210, 405, 7.33, 0x0000000000000001
2026/10/02 08:10:02.081, 80, 210, 405, 7.33, 0x0000000000000001
2026/10/02 08:10:02.207, 80, 210, 405, 7.32, 0x0000000000000001
2026/10/02 08:10:02.335, 80, 210, 405, 7.32, 0x0000000000000001
2026/10/02 08:10:02.469, 80, 210, 405, 7.31, 0x0000000000000001
2026/10/02 08:10:02.618, 80, 210, 405, 7.32, 0x0000000000000001
2026/10/02 08:10:02.748, 80, 210, 405, 7.29, 0x0000000000000001
2026/10/02 08:10:02.872, 80, 210, 405, 7.30, 0x0000000000000001
2026/10/02 08:10:02.996, 80, 210, 405, 7.30, 0x0000000000000001
2026/10/02 08:10:03.120, 80, 210, 405, 7.29, 0x0000000000000001
2026/10/02 08:10:03.245, 80, 210, 405, 7.28, 0x0000000000000001
2026/10/02 08:10:03.381, 80, 210, 405, 7.29, 0x0000000000000001
2026/10/02 08:10:03.507, 80, 210, 405, 7.29, 0x0000000000000001
2026/10/02 08:10:03.652, 80, 210, 405, 7.32, 0x0000000000000001
2026/10/02 08:10:03.779, 80, 210, 405, 7.31, 0x0000000000000001
2026/10/02 08:10:03.907, 80, 210, 405, 7.32, 0x0000000000000001
2026/10/02 08:10:04.045, 80, 210, 405, 7.33, 0x0000000000000001
2026/10/02 08:10:04.171, 80, 210, 405, 7.31, 0x0000000000000001
2026/10/02 08:10:04.315, 80, 210, 405, 7.33, 0x0000000000000001
2026/10/02 08:10:04.439, 80, 210, 405, 7.30, 0x0000000000000001
2026/10/02 08:10:04.570, 80, 210, 405, 7.30, 0x0000000000000001
2026/10/02 08:10:04.698, 80, 210, 405, 7.28, 0x0000000000000001
2026/10/02 08:10:04.833, 80, 210, 405, 7.27, 0x0000000000000001
2026/10/02 08:10:04.959, 80, 210, 405, 7.27, 0x0000000000000001
2026/10/02 08:10:05.089, 80, 210, 405, 7.26, 0x0000000000000001
2026/10/02 08:10:05.213, 80, 210, 405, 7.25, 0x0000000000000001
2026/10/02 08:10:05.363, 80, 210, 405, 7.30, 0x0000000000000001
2026/10/02 08:10:05.481, 80, 210, 405, 8.14, 0x0000000000000001
2026/10/02 08:10:05.598, 80, 210, 405, 10.55, 0x0000000000000001
2026/10/02 08:10:05.728, 80, 210, 405, 11.85, 0x0000000000000001
2026/10/02 08:10:05.851, 80, 1890, 8001, 13.05, 0x0000000000000001
2026/10/02 08:10:05.971, 80, 1890, 8001, 14.27, 0x0000000000000001
2026/10/02 08:10:06.088, 81, 1890, 8001, 15.47, 0x0000000000000001
2026/10/02 08:10:06.208, 81, 1890, 8001, 17.75, 0x0000000000000001
2026/10/02 08:10:06.324, 81, 1890, 8001, 18.88, 0x0000000000000001
2026/10/02 08:10:06.457, 81, 1890, 8001, 20.10, 0x0000000000000001
2026/10/02 08:10:06.576, 81, 1890, 8001, 20.42, 0x0000000000000001
2026/10/02 08:10:06.696, 81, 1890, 8001, 20.33, 0x0000000000000001
2026/10/02 08:10:06.821, 81, 1890, 8001, 20.15, 0x0000000000000001
2026/10/02 08:10:06.952, 81, 1890, 8001, 20.11, 0x0000000000000001
2026/10/02 08:10:07.067, 81, 1890, 8001, 19.98, 0x0000000000000001
2026/10/02 08:10:07.191, 81, 1890, 8001, 19.81, 0x0000000000000001
2026/10/02 08:10:07.329, 81, 1890, 8001, 19.80, 0x0000000000000001
2026/10/02 08:10:07.449, 81, 1890, 8001, 19.79, 0x0000000000000001
2026/10/02 08:10:07.566, 81, 1890, 8001, 19.70, 0x0000000000000001
2026/10/02 08:10:07.685, 81, 1890, 8001, 19.55, 0x0000000000000001
2026/10/02 08:10:07.805, 81, 1890, 8001, 19.51, 0x0000000000000001
2026/10/02 08:10:07.929, 81, 1890, 8001, 19.55, 0x0000000000000001
2026/10/02 08:10:08.050, 81, 1890, 8001, 19.48, 0x0000000000000001
2026/10/02 08:10:08.172, 81, 1890, 8001, 19.53, 0x0000000000000001
2026/10/02 08:10:08.293, 81, 1890, 8001, 19.55, 0x0000000000000001
2026/10/02 08:10:08.419, 81, 1890, 8001, 19.07, 0x0000000000000001
2026/10/02 08:10:08.540, 81, 1890, 8001, 18.43, 0x0000000000000001
2026/10/02 08:10:08.658, 81, 1890, 8001, 17.75, 0x0000000000000001
2026/10/02 08:10:08.776, 81, 1890, 8001, 17.08, 0x0000000000000001
2026/10/02 08:10:08.899, 81, 420, 6001, 15.56, 0x0000000000000001
2026/10/02 08:10:09.021, 80, 420, 6001, 14.65, 0x0000000000000001
2026/10/02 08:10:09.153, 80, 420, 6001, 13.73, 0x0000000000000001
2026/10/02 08:10:09.271, 80, 420, 6001, 12.80, 0x0000000000000001
2026/10/02 08:10:09.400, 80, 330, 810, 10.86, 0x0000000000000001
2026/10/02 08:10:09.567, 80, 330, 810, 10.71, 0x0000000000000001
2026/10/02 08:10:09.703, 80, 330, 810, 10.39, 0x0000000000000001
2026/10/02 08:10:09.826, 80, 315, 810, 9.96, 0x0000000000000001
2026/10/02 08:10:09.948, 80, 315, 810, 9.93, 0x0000000000000001
2026/10/02 08:10:10.071, 80, 315, 810, 9.93, 0x0000000000000001
2026/10/02 08:10:10.197, 80, 315, 810, 9.98, 0x0000000000000001
2026/10/02 08:10:10.336, 80, 255, 810, 9.98, 0x0000000000000001
2026/10/02 08:10:10.462, 80, 255, 810, 9.96, 0x0000000000000001
2026/10/02 08:10:10.590, 80, 255, 810, 9.84, 0x0000000000000001
2026/10/02 08:10:10.726, 80, 255, 810, 9.83, 0x0000000000000001
2026/10/02 08:10:10.856, 80, 255, 810, 9.79, 0x0000000000000001
2026/10/02 08:10:10.985, 80, 255, 810, 9.75, 0x0000000000000001
2026/10/02 08:10:11.110, 80, 255, 810, 9.65, 0x0000000000000001
2026/10/02 08:10:11.233, 80, 255, 810, 9.61, 0x0000000000000001
2026/10/02 08:10:11.373, 80, 210, 405, 9.31, 0x0000000000000001
2026/10/02 08:10:11.503, 80, 210, 405, 9.06, 0x0000000000000001
2026/10/02 08:10:11.647, 80, 210, 405, 8.62, 0x0000000000000001
2026/10/02 08:10:11.776, 80, 210, 405, 8.37, 0x0000000000000001
2026/10/02 08:10:11.905, 80, 210, 405, 8.11, 0x0000000000000001
2026/10/02 08:10:12.031, 80, 210, 405, 7.71, 0x0000000000000001
2026/10/02 08:10:12.157, 80, 210, 405, 7.51, 0x0000000000000001
2026/10/02 08:10:12.297, 80, 210, 405, 7.15, 0x0000000000000001
2026/10/02 08:10:12.438, 80, 210, 405, 7.15, 0x0000000000000001
2026/10/02 08:10:12.566, 80, 210, 405, 7.13, 0x0000000000000001
2026/10/02 08:10:12.693, 80, 210, 405, 7.12, 0x0000000000000001
2026/10/02 08:10:12.833, 80, 210, 405, 7.12, 0x0000000000000001
2026/10/02 08:10:12.962, 80, 1890, 8001, 8.87, 0x0000000000000001
2026/10/02 08:10:13.083, 80, 1890, 8001, 10.10, 0x0000000000000001
2026/10/02 08:10:13.204, 80, 1890, 8001, 11.38, 0x0000000000000001
2026/10/02 08:10:13.326, 80, 1890, 8001, 12.59, 0x0000000000000001
2026/10/02 08:10:13.447, 80, 1890, 8001, 14.01, 0x0000000000000001
2026/10/02 08:10:13.573, 80, 1890, 8001, 16.90, 0x0000000000000001
2026/10/02 08:10:13.694, 81, 1890, 8001, 18.42, 0x0000000000000001
2026/10/02 08:10:13.818, 81, 1890, 8001, 19.90, 0x0000000000000001
2026/10/02 08:10:13.944, 81, 1890, 8001, 21.38, 0x0000000000000001
2026/10/02 08:10:14.069, 81, 1890, 8001, 22.05, 0x0000000000000001
2026/10/02 08:10:14.193, 82, 1890, 8001, 21.94, 0x0000000000000001
2026/10/02 08:10:14.315, 82, 1890, 8001, 21.80, 0x0000000000000001
2026/10/02 08:10:14.436, 82, 1890, 8001, 21.73, 0x0000000000000001
2026/10/02 08:10:14.557, 82, 1890, 8001, 21.44, 0x0000000000000001
2026/10/02 08:10:14.677, 81, 1890, 8001, 20.70, 0x0000000000000001
2026/10/02 08:10:14.804, 81, 1890, 8001, 20.31, 0x0000000000000001
2026/10/02 08:10:14.928, 81, 1890, 8001, 19.95, 0x0000000000000001
2026/10/02 08:10:15.059, 81, 1890, 8001, 19.59, 0x0000000000000001
2026/10/02 08:10:15.184, 81, 1890, 8001, 19.41, 0x0000000000000001
2026/10/02 08:10:15.308, 81, 1890, 8001, 19.50, 0x0000000000000001
2026/10/02 08:10:15.425, 81, 1890, 8001, 19.61, 0x0000000000000001
2026/10/02 08:10:15.542, 81, 1890, 8001, 19.70, 0x0000000000000001
2026/10/02 08:10:15.672, 81, 1890, 8001, 19.79, 0x0000000000000001
2026/10/02 08:10:15.790, 81, 1890, 8001, 20.00, 0x0000000000000001
2026/10/02 08:10:15.916, 81, 1890, 8001, 20.10, 0x0000000000000001
2026/10/02 08:10:16.036, 81, 1890, 8001, 20.24, 0x0000000000000001
2026/10/02 08:10:16.153, 82, 1890, 8001, 20.39, 0x0000000000000001
2026/10/02 08:10:16.272, 82, 1890, 8001, 20.59, 0x0000000000000001
2026/10/02 08:10:16.394, 82, 1890, 8001, 20.73, 0x0000000000000001
2026/10/02 08:10:16.514, 82, 1890, 8001, 20.15, 0x0000000000000001
2026/10/02 08:10:16.636, 82, 1890, 8001, 19.20, 0x0000000000000001
2026/10/02 08:10:16.770, 82, 1890, 8001, 18.26, 0x0000000000000001
2026/10/02 08:10:16.896, 82, 1890, 8001, 17.48, 0x0000000000000001
2026/10/02 08:10:17.020, 82, 705, 6001, 15.99, 0x0000000000000001
2026/10/02 08:10:17.145, 81, 705, 6001, 15.19, 0x0000000000000001
2026/10/02 08:10:17.271, 81, 705, 6001, 14.36, 0x0000000000000001
2026/10/02 08:10:17.404, 81, 705, 6001, 12.73, 0x0000000000000001
2026/10/02 08:10:17.528, 81, 540, 810, 11.54, 0x0000000000000001
2026/10/02 08:10:17.649, 80, 540, 810, 11.16, 0x0000000000000001
2026/10/02 08:10:17.773, 80, 540, 810, 11.14, 0x0000000000000001
2026/10/02 08:10:17.899, 80, 540, 810, 11.11, 0x0000000000000001
2026/10/02 08:10:18.028, 80, 450, 810, 10.70, 0x0000000000000001
2026/10/02 08:10:18.148, 80, 450, 810, 10.49, 0x0000000000000001
2026/10/02 08:10:18.277, 80, 450, 810, 10.27, 0x0000000000000001
2026/10/02 08:10:18.404, 80, 450, 810, 10.10, 0x0000000000000001
2026/10/02 08:10:18.524, 80, 360, 810, 9.87, 0x0000000000000001
2026/10/02 08:10:18.660, 80, 360, 810, 9.87, 0x0000000000000001
2026/10/02 08:10:18.783, 80, 360, 810, 9.87, 0x0000000000000001
2026/10/02 08:10:18.914, 80, 360, 810, 9.94, 0x0000000000000001
2026/10/02 08:10:19.055, 80, 300, 810, 10.02, 0x0000000000000001
2026/10/02 08:10:19.190, 80, 300, 810, 10.00, 0x0000000000000001
2026/10/02 08:10:19.312, 80, 300, 810, 10.03, 0x0000000000000001
2026/10/02 08:10:19.445, 80, 300, 810, 10.06, 0x0000000000000001
2026/10/02 08:10:19.578, 80, 1890, 7001, 10.53, 0x0000000000000001
2026/10/02 08:10:19.696, 80, 1890, 7001, 11.29, 0x0000000000000001
2026/10/02 08:10:19.817, 80, 1890, 7001, 11.91, 0x0000000000000001
2026/10/02 08:10:19.937, 80, 1890, 7001, 13.18, 0x0000000000000001
2026/10/02 08:10:20.062, 80, 1890, 8001, 13.91, 0x0000000000000001
2026/10/02 08:10:20.182, 81, 1890, 8001, 14.72, 0x0000000000000001
2026/10/02 08:10:20.300, 81, 1890, 8001, 15.57, 0x0000000000000001
2026/10/02 08:10:20.419, 81, 1890, 8001, 16.52, 0x0000000000000001
2026/10/02 08:10:20.540, 81, 1890, 8001, 18.40, 0x0000000000000001
2026/10/02 08:10:20.659, 81, 1890, 8001, 18.91, 0x0000000000000001
2026/10/02 08:10:20.782, 81, 1890, 8001, 19.16, 0x0000000000000001
2026/10/02 08:10:20.898, 81, 1890, 8001, 19.47, 0x0000000000000001
2026/10/02 08:10:21.018, 81, 1890, 8001, 20.01, 0x0000000000000001
2026/10/02 08:10:21.139, 82, 1890, 8001, 20.49, 0x0000000000000001
2026/10/02 08:10:21.257, 82, 1890, 8001, 20.63, 0x0000000000000001
2026/10/02 08:10:21.376, 82, 1890, 8001, 20.85, 0x0000000000000001
2026/10/02 08:10:21.498, 82, 1890, 8001, 20.96, 0x0000000000000001
2026/10/02 08:10:21.617, 82, 1890, 8001, 21.02, 0x0000000000000001
2026/10/02 08:10:21.738, 82, 1890, 8001, 20.98, 0x0000000000000001
2026/10/02 08:10:21.857, 82, 1890, 8001, 20.93, 0x0000000000000001
2026/10/02 08:10:21.977, 82, 1890, 8001, 20.95, 0x0000000000000001
2026/10/02 08:10:22.097, 82, 1890, 8001, 20.68, 0x0000000000000001
2026/10/02 08:10:22.218, 82, 1890, 8001, 20.64, 0x0000000000000001
2026/10/02 08:10:22.348, 82, 1890, 8001, 20.47, 0x0000000000000001
2026/10/02 08:10:22.467, 82, 1890, 8001, 20.38, 0x0000000000000001
2026/10/02 08:10:22.600, 82, 1890, 8001, 19.74, 0x0000000000000001
2026/10/02 08:10:22.730, 82, 1890, 8001, 17.76, 0x0000000000000001
2026/10/02 08:10:22.868, 82, 1890, 8001, 16.85, 0x0000000000000001
2026/10/02 08:10:22.991, 82, 510, 810, 15.93, 0x0000000000000001
2026/10/02 08:10:23.116, 81, 510, 810, 14.99, 0x0000000000000001
2026/10/02 08:10:23.244, 81, 510, 810, 13.24, 0x0000000000000001
2026/10/02 08:10:23.368, 81, 510, 810, 12.32, 0x0000000000000001
2026/10/02 08:10:23.490, 81, 420, 810, 11.36, 0x0000000000000001
2026/10/02 08:10:23.609, 80, 420, 810, 10.37, 0x0000000000000001
2026/10/02 08:10:23.733, 80, 420, 810, 9.88, 0x0000000000000001
2026/10/02 08:10:23.862, 80, 420, 810, 9.85, 0x0000000000000001
2026/10/02 08:10:23.982, 80, 330, 810, 9.82, 0x0000000000000001
2026/10/02 08:10:24.114, 80, 330, 810, 9.80, 0x0000000000000001
2026/10/02 08:10:24.235, 80, 330, 810, 9.74, 0x0000000000000001
2026/10/02 08:10:24.370, 80, 330, 810, 9.78, 0x0000000000000001
2026/10/02 08:10:24.509, 80, 285, 810, 9.91, 0x0000000000000001
2026/10/02 08:10:24.641, 80, 285, 810, 10.15, 0x0000000000000001
2026/10/02 08:10:24.773, 80, 285, 810, 10.22, 0x0000000000000001
2026/10/02 08:10:24.910, 80, 285, 810, 10.30, 0x0000000000000001
2026/10/02 08:10:25.042, 80, 285, 810, 10.32, 0x0000000000000001
2026/10/02 08:10:25.166, 80, 285, 810, 10.29, 0x0000000000000001
2026/10/02 08:10:25.298, 80, 285, 810, 10.32, 0x0000000000000001
2026/10/02 08:10:25.434, 80, 285, 810, 10.29, 0x0000000000000001
2026/10/02 08:10:25.569, 80, 270, 810, 10.25, 0x0000000000000001
2026/10/02 08:10:25.707, 80, 270, 810, 10.09, 0x0000000000000001
2026/10/02 08:10:25.846, 80, 270, 810, 10.08, 0x0000000000000001
2026/10/02 08:10:25.982, 80, 255, 810, 10.08, 0x0000000000000001
2026/10/02 08:10:26.103, 80, 255, 810, 10.09, 0x0000000000000001
2026/10/02 08:10:26.226, 80, 255, 810, 10.09, 0x0000000000000001
2026/10/02 08:10:26.359, 80, 255, 810, 10.10, 0x0000000000000001
2026/10/02 08:10:26.484, 80, 240, 405, 9.86, 0x0000000000000001
2026/10/02 08:10:26.627, 80, 240, 405, 9.43, 0x0000000000000001
2026/10/02 08:10:26.765, 80, 240, 405, 9.20, 0x0000000000000001
2026/10/02 08:10:26.901, 80, 240, 405, 8.86, 0x0000000000000001
2026/10/02 08:10:27.034, 80, 240, 405, 8.37, 0x0000000000000001
2026/10/02 08:10:27.160, 80, 240, 405, 8.27, 0x0000000000000001
2026/10/02 08:10:27.294, 80, 240, 405, 7.84, 0x0000000000000001
2026/10/02 08:10:27.424, 80, 240, 405, 7.59, 0x0000000000000001
2026/10/02 08:10:27.562, 80, 240, 405, 7.58, 0x0000000000000001
2026/10/02 08:10:27.702, 80, 240, 405, 7.58, 0x0000000000000001
2026/10/02 08:10:27.842, 80, 240, 405, 7.61, 0x0000000000000001
2026/10/02 08:10:27.979, 80, 255, 405, 7.61, 0x0000000000000001
2026/10/02 08:10:28.113, 80, 255, 405, 7.61, 0x0000000000000001
2026/10/02 08:10:28.260, 80, 255, 405, 7.65, 0x0000000000000001
2026/10/02 08:10:28.400, 80, 255, 405, 7.67, 0x0000000000000001
2026/10/02 08:10:28.524, 80, 255, 405, 7.68, 0x0000000000000001
2026/10/02 08:10:28.653, 80, 255, 405, 7.67, 0x0000000000000001
2026/10/02 08:10:28.783, 80, 255, 405, 7.66, 0x0000000000000001
2026/10/02 08:10:28.937, 80, 255, 405, 7.76, 0x0000000000000001
2026/10/02 08:10:29.077, 80, 255, 405, 8.56, 0x0000000000000001
2026/10/02 08:10:29.197, 80, 255, 405, 9.85, 0x0000000000000001
2026/10/02 08:10:29.324, 80, 255, 405, 12.28, 0x0000000000000001
2026/10/02 08:10:29.448, 80, 255, 405, 13.49, 0x0000000000000001
2026/10/02 08:10:29.566, 80, 1890, 8001, 14.68, 0x0000000000000001
2026/10/02 08:10:29.682, 80, 1890, 8001, 15.89, 0x0000000000000001
2026/10/02 08:10:29.802, 80, 1890, 8001, 18.31, 0x0000000000000001
2026/10/02 08:10:29.920, 82, 1890, 8001, 19.44, 0x0000000000000001
2026/10/02 08:10:30.041, 82, 1890, 8001, 20.59, 0x0000000000000001
2026/10/02 08:10:30.157, 82, 1890, 8001, 21.00, 0x0000000000000001
2026/10/02 08:10:30.278, 82, 1890, 8001, 20.94, 0x0000000000000001
2026/10/02 08:10:30.400, 82, 1890, 8001, 20.89, 0x0000000000000001
2026/10/02 08:10:30.519, 82, 1890, 8001, 20.88, 0x0000000000000001
2026/10/02 08:10:30.644, 82, 1890, 8001, 20.90, 0x0000000000000001
2026/10/02 08:10:30.766, 82, 1890, 8001, 20.92, 0x0000000000000001
2026/10/02 08:10:30.890, 82, 1890, 8001, 20.30, 0x0000000000000001
2026/10/02 08:10:31.018, 82, 780, 6001, 18.91, 0x0000000000000001
2026/10/02 08:10:31.148, 82, 780, 6001, 18.19, 0x0000000000000001
2026/10/02 08:10:31.270, 82, 780, 6001, 17.48, 0x0000000000000001
2026/10/02 08:10:31.394, 81, 780, 6001, 16.05, 0x0000000000000001
2026/10/02 08:10:31.513, 81, 705, 6001, 15.34, 0x0000000000000001
2026/10/02 08:10:31.643, 81, 705, 6001, 14.63, 0x0000000000000001
2026/10/02 08:10:31.777, 81, 705, 6001, 13.15, 0x0000000000000001
2026/10/02 08:10:31.911, 81, 705, 6001, 12.97, 0x0000000000000001
2026/10/02 08:10:32.038, 81, 600, 6001, 12.95, 0x0000000000000001
2026/10/02 08:10:32.176, 81, 600, 6001, 12.91, 0x0000000000000001
2026/10/02 08:10:32.308, 81, 600, 6001, 12.86, 0x0000000000000001
2026/10/02 08:10:32.435, 81, 540, 6001, 12.82, 0x0000000000000001
2026/10/02 08:10:32.571, 81, 540, 6001, 12.79, 0x0000000000000001
2026/10/02 08:10:32.703, 81, 540, 6001, 12.77, 0x0000000000000001
2026/10/02 08:10:32.828, 81, 540, 6001, 12.76, 0x0000000000000001
2026/10/02 08:10:32.955, 81, 465, 6001, 12.77, 0x0000000000000001
2026/10/02 08:10:33.077, 81, 465, 6001, 12.77, 0x0000000000000001
2026/10/02 08:10:33.209, 81, 465, 6001, 12.76, 0x0000000000000001
2026/10/02 08:10:33.340, 81, 465, 6001, 12.77, 0x0000000000000001
2026/10/02 08:10:33.464, 81, 435, 6001, 12.78, 0x0000000000000001
2026/10/02 08:10:33.597, 81, 435, 6001, 12.77, 0x0000000000000001
2026/10/02 08:10:33.717, 81, 435, 6001, 12.77, 0x0000000000000001
2026/10/02 08:10:33.843, 81, 435, 6001, 12.77, 0x0000000000000001
2026/10/02 08:10:33.972, 81, 375, 6001, 12.77, 0x0000000000000001
2026/10/02 08:10:34.095, 81, 375, 6001, 12.78, 0x0000000000000001
2026/10/02 08:10:34.232, 81, 375, 6001, 12.63, 0x0000000000000001
2026/10/02 08:10:34.358, 81, 375, 6001, 12.34, 0x0000000000000001
2026/10/02 08:10:34.492, 81, 360, 810, 11.88, 0x0000000000000001
2026/10/02 08:10:34.620, 81, 360, 810, 11.52, 0x0000000000000001
2026/10/02 08:10:34.754, 81, 360, 810, 11.26, 0x0000000000000001
2026/10/02 08:10:34.887, 81, 360, 810, 10.90, 0x0000000000000001
2026/10/02 08:10:35.012, 81, 330, 810, 10.64, 0x0000000000000001
2026/10/02 08:10:35.144, 81, 330, 810, 10.38, 0x0000000000000001
2026/10/02 08:10:35.270, 81, 330, 810, 10.01, 0x0000000000000001
2026/10/02 08:10:35.406, 81, 330, 810, 10.01, 0x0000000000000001
2026/10/02 08:10:35.538, 81, 300, 810, 10.02, 0x0000000000000001
2026/10/02 08:10:35.663, 81, 300, 810, 10.03, 0x0000000000000001
2026/10/02 08:10:35.795, 81, 300, 810, 10.35, 0x0000000000000001
2026/10/02 08:10:35.915, 81, 1890, 8001, 11.43, 0x0000000000000001
2026/10/02 08:10:36.034, 82, 1890, 8001, 12.47, 0x0000000000000001
2026/10/02 08:10:36.151, 82, 1890, 8001, 13.55, 0x0000000000000001
2026/10/02 08:10:36.269, 82, 1890, 8001, 15.62, 0x0000000000000001
2026/10/02 08:10:36.394, 82, 1890, 8001, 16.62, 0x0000000000000001
2026/10/02 08:10:36.517, 82, 1890, 8001, 17.58, 0x0000000000000001
2026/10/02 08:10:36.647, 82, 1890, 8001, 19.52, 0x0000000000000001
2026/10/02 08:10:36.770, 82, 1890, 8001, 20.50, 0x0000000000000001
2026/10/02 08:10:36.891, 82, 1890, 8001, 21.13, 0x0000000000000001
2026/10/02 08:10:37.013, 82, 1890, 8001, 21.05, 0x0000000000000001
2026/10/02 08:10:37.137, 82, 1890, 8001, 20.98, 0x0000000000000001
2026/10/02 08:10:37.255, 82, 1890, 8001, 20.81, 0x0000000000000001
2026/10/02 08:10:37.377, 82, 1890, 8001, 20.82, 0x0000000000000001
2026/10/02 08:10:37.494, 82, 1890, 8001, 20.83, 0x0000000000000001
2026/10/02 08:10:37.612, 82, 1890, 8001, 20.82, 0x0000000000000001
2026/10/02 08:10:37.730, 82, 1890, 8001, 20.79, 0x0000000000000001
2026/10/02 08:10:37.850, 82, 1890, 8001, 20.75, 0x0000000000000001
2026/10/02 08:10:37.969, 82, 1890, 8001, 20.76, 0x0000000000000001
2026/10/02 08:10:38.089, 82, 1890, 8001, 20.74, 0x0000000000000001
2026/10/02 08:10:38.212, 82, 1890, 8001, 20.71, 0x0000000000000001
2026/10/02 08:10:38.329, 82, 1890, 8001, 20.69, 0x0000000000000001
2026/10/02 08:10:38.449, 82, 1890, 8001, 20.66, 0x0000000000000001
2026/10/02 08:10:38.572, 82, 1890, 8001, 20.65, 0x0000000000000001
2026/10/02 08:10:38.693, 82, 1890, 8001, 20.67, 0x0000000000000001
2026/10/02 08:10:38.810, 82, 1890, 8001, 20.69, 0x0000000000000001
2026/10/02 08:10:38.927, 82, 1890, 8001, 20.72, 0x0000000000000001
2026/10/02 08:10:39.044, 82, 1890, 8001, 20.73, 0x0000000000000001
2026/10/02 08:10:39.161, 82, 1890, 8001, 20.75, 0x0000000000000001
2026/10/02 08:10:39.280, 82, 1890, 8001, 20.77, 0x0000000000000001
2026/10/02 08:10:39.398, 82, 1890, 8001, 20.81, 0x0000000000000001
2026/10/02 08:10:39.525, 82, 1890, 8001, 19.53, 0x0000000000000001
2026/10/02 08:10:39.651, 82, 1890, 8001, 18.59, 0x0000000000000001
2026/10/02 08:10:39.779, 82, 1890, 8001, 17.64, 0x0000000000000001
2026/10/02 08:10:39.900, 81, 675, 810, 16.68, 0x0000000000000001
2026/10/02 08:10:40.021, 81, 675, 810, 14.76, 0x0000000000000001
2026/10/02 08:10:40.153, 81, 675, 810, 13.19, 0x0000000000000001
2026/10/02 08:10:40.292, 81, 675, 810, 12.31, 0x0000000000000001
2026/10/02 08:10:40.432, 81, 780, 810, 10.83, 0x0000000000000001
2026/10/02 08:10:40.571, 81, 780, 810, 10.78, 0x0000000000000001
2026/10/02 08:10:40.713, 81, 780, 810, 10.80, 0x0000000000000001
2026/10/02 08:10:40.838, 81, 780, 810, 10.72, 0x0000000000000001
2026/10/02 08:10:40.960, 81, 885, 810, 10.71, 0x0000000000000001
2026/10/02 08:10:41.097, 81, 885, 810, 10.95, 0x0000000000000001
2026/10/02 08:10:41.237, 81, 885, 810, 11.17, 0x0000000000000001
2026/10/02 08:10:41.388, 81, 1155, 7001, 11.42, 0x0000000000000001
2026/10/02 08:10:41.509, 81, 1155, 7001, 12.31, 0x0000000000000001
2026/10/02 08:10:41.632, 81, 1155, 7001, 12.87, 0x0000000000000001
2026/10/02 08:10:41.763, 81, 1155, 7001, 13.44, 0x0000000000000001
2026/10/02 08:10:41.882, 81, 1155, 7001, 14.00, 0x0000000000000001
2026/10/02 08:10:42.005, 82, 1155, 7001, 15.18, 0x0000000000000001
2026/10/02 08:10:42.140, 82, 1155, 7001, 15.59, 0x0000000000000001
2026/10/02 08:10:42.272, 82, 1155, 7001, 16.02, 0x0000000000000001
2026/10/02 08:10:42.394, 82, 1155, 7001, 16.37, 0x0000000000000001
2026/10/02 08:10:42.523, 82, 1155, 7001, 16.52, 0x0000000000000001
2026/10/02 08:10:42.657, 82, 1155, 7001, 16.53, 0x0000000000000001
2026/10/02 08:10:42.782, 82, 1155, 7001, 16.54, 0x0000000000000001
2026/10/02 08:10:42.905, 82, 1155, 7001, 16.54, 0x0000000000000001
2026/10/02 08:10:43.038, 82, 1155, 7001, 16.54, 0x0000000000000001
2026/10/02 08:10:43.180, 82, 1155, 7001, 16.51, 0x0000000000000001
2026/10/02 08:10:43.308, 82, 1155, 7001, 16.41, 0x0000000000000001
2026/10/02 08:10:43.435, 82, 825, 6001, 16.32, 0x0000000000000001
2026/10/02 08:10:43.571, 82, 825, 6001, 16.13, 0x0000000000000001
2026/10/02 08:10:43.702, 82, 825, 6001, 16.05, 0x0000000000000001
2026/10/02 08:10:43.827, 82, 825, 6001, 15.96, 0x0000000000000001
2026/10/02 08:10:43.949, 82, 780, 6001, 15.87, 0x0000000000000001
2026/10/02 08:10:44.074, 82, 780, 6001, 15.69, 0x0000000000000001
2026/10/02 08:10:44.221, 82, 780, 6001, 15.59, 0x0000000000000001
2026/10/02 08:10:44.350, 82, 780, 6001, 15.53, 0x0000000000000001
2026/10/02 08:10:44.482, 82, 750, 6001, 15.52, 0x0000000000000001
2026/10/02 08:10:44.633, 82, 750, 6001, 15.52, 0x0000000000000001
2026/10/02 08:10:44.768, 82, 750, 6001, 15.48, 0x0000000000000001
2026/10/02 08:10:44.895, 82, 750, 6001, 15.45, 0x0000000000000001
2026/10/02 08:10:45.041, 82, 735, 6001, 15.43, 0x0000000000000001
2026/10/02 08:10:45.174, 82, 735, 6001, 15.40, 0x0000000000000001
2026/10/02 08:10:45.300, 82, 735, 6001, 15.27, 0x0000000000000001
2026/10/02 08:10:45.440, 82, 705, 6001, 15.06, 0x0000000000000001
2026/10/02 08:10:45.566, 82, 705, 6001, 14.78, 0x0000000000000001
2026/10/02 08:10:45.703, 81, 705, 6001, 14.43, 0x0000000000000001
2026/10/02 08:10:45.843, 81, 705, 6001, 14.24, 0x0000000000000001
2026/10/02 08:10:45.979, 81, 615, 6001, 14.04, 0x0000000000000001
2026/10/02 08:10:46.113, 81, 615, 6001, 13.67, 0x0000000000000001
2026/10/02 08:10:46.252, 81, 615, 6001, 13.58, 0x0000000000000001
2026/10/02 08:10:46.379, 81, 615, 6001, 13.44, 0x0000000000000001
2026/10/02 08:10:46.521, 81, 570, 6001, 13.55, 0x0000000000000001
2026/10/02 08:10:46.657, 81, 570, 6001, 13.65, 0x0000000000000001
2026/10/02 08:10:46.793, 81, 570, 6001, 13.85, 0x0000000000000001
2026/10/02 08:10:46.919, 81, 570, 6001, 13.95, 0x0000000000000001
2026/10/02 08:10:47.062, 81, 525, 6001, 14.06, 0x0000000000000001
2026/10/02 08:10:47.188, 81, 525, 6001, 14.15, 0x0000000000000001
2026/10/02 08:10:47.326, 81, 525, 6001, 14.25, 0x0000000000000001
2026/10/02 08:10:47.462, 81, 525, 6001, 14.29, 0x0000000000000001
2026/10/02 08:10:47.588, 81, 510, 6001, 14.31, 0x0000000000000001
2026/10/02 08:10:47.721, 81, 510, 6001, 14.34, 0x0000000000000001
2026/10/02 08:10:47.860, 82, 510, 6001, 14.30, 0x0000000000000001
2026/10/02 08:10:47.985, 82, 480, 6001, 14.30, 0x0000000000000001
2026/10/02 08:10:48.107, 82, 480, 6001, 14.33, 0x0000000000000001
2026/10/02 08:10:48.244, 82, 480, 6001, 14.31, 0x0000000000000001
2026/10/02 08:10:48.370, 81, 480, 6001, 14.31, 0x0000000000000001
2026/10/02 08:10:48.498, 81, 465, 6001, 14.31, 0x0000000000000001
2026/10/02 08:10:48.632, 81, 465, 6001, 14.27, 0x0000000000000001
2026/10/02 08:10:48.756, 81, 465, 6001, 14.27, 0x0000000000000001
2026/10/02 08:10:48.885, 82, 465, 6001, 14.27, 0x0000000000000001
2026/10/02 08:10:49.010, 82, 435, 6001, 14.34, 0x0000000000000001
2026/10/02 08:10:49.135, 82, 435, 6001, 14.34, 0x0000000000000001
2026/10/02 08:10:49.278, 82, 435, 6001, 14.35, 0x0000000000000001
2026/10/02 08:10:49.414, 82, 435, 6001, 14.36, 0x0000000000000001
2026/10/02 08:10:49.546, 82, 435, 6001, 14.36, 0x0000000000000001
2026/10/02 08:10:49.673, 82, 435, 6001, 14.39, 0x0000000000000001
2026/10/02 08:10:49.795, 82, 435, 6001, 14.41, 0x0000000000000001
2026/10/02 08:10:49.915, 82, 435, 6001, 14.43, 0x0000000000000001
2026/10/02 08:10:50.048, 82, 420, 6001, 14.44, 0x0000000000000001
2026/10/02 08:10:50.170, 82, 420, 6001, 14.44, 0x0000000000000001
2026/10/02 08:10:50.291, 82, 420, 6001, 14.45, 0x0000000000000001
2026/10/02 08:10:50.412, 82, 420, 6001, 14.47, 0x0000000000000001
2026/10/02 08:10:50.536, 82, 420, 6001, 14.48, 0x0000000000000001
2026/10/02 08:10:50.665, 82, 420, 6001, 14.49, 0x0000000000000001
2026/10/02 08:10:50.795, 82, 420, 6001, 14.49, 0x0000000000000001
2026/10/02 08:10:50.917, 82, 420, 6001, 14.48, 0x0000000000000001
2026/10/02 08:10:51.052, 82, 405, 6001, 14.45, 0x0000000000000001
2026/10/02 08:10:51.178, 82, 405, 6001, 14.45, 0x0000000000000001
2026/10/02 08:10:51.300, 82, 405, 6001, 14.43, 0x0000000000000001
2026/10/02 08:10:51.430, 82, 405, 6001, 14.39, 0x0000000000000001
2026/10/02 08:10:51.565, 82, 405, 6001, 14.39, 0x0000000000000001
2026/10/02 08:10:51.696, 82, 405, 6001, 14.38, 0x0000000000000001
2026/10/02 08:10:51.820, 82, 405, 6001, 14.37, 0x0000000000000001
2026/10/02 08:10:51.944, 82, 405, 6001, 14.37, 0x0000000000000001
2026/10/02 08:10:52.080, 82, 405, 6001, 14.35, 0x0000000000000001
2026/10/02 08:10:52.202, 82, 405, 6001, 14.35, 0x0000000000000001
2026/10/02 08:10:52.323, 82, 405, 6001, 14.36, 0x0000000000000001
2026/10/02 08:10:52.456, 82, 405, 6001, 14.37, 0x0000000000000001
2026/10/02 08:10:52.594, 82, 405, 6001, 14.39, 0x0000000000000001
2026/10/02 08:10:52.725, 82, 405, 6001, 14.38, 0x0000000000000001
2026/10/02 08:10:52.860, 82, 405, 6001, 14.39, 0x0000000000000001
2026/10/02 08:10:52.981, 82, 405, 6001, 14.38, 0x0000000000000001
2026/10/02 08:10:53.109, 82, 390, 6001, 14.36, 0x0000000000000001
2026/10/02 08:10:53.241, 82, 390, 6001, 14.35, 0x0000000000000001
2026/10/02 08:10:53.364, 82, 390, 6001, 14.34, 0x0000000000000001
2026/10/02 08:10:53.490, 82, 390, 6001, 14.36, 0x0000000000000001
2026/10/02 08:10:53.625, 82, 390, 6001, 14.33, 0x0000000000000001
2026/10/02 08:10:53.752, 82, 390, 6001, 14.35, 0x0000000000000001
2026/10/02 08:10:53.878, 82, 390, 6001, 14.21, 0x0000000000000001
2026/10/02 08:10:53.999, 82, 375, 6001, 14.04, 0x0000000000000001
2026/10/02 08:10:54.123, 82, 375, 6001, 13.69, 0x0000000000000001
2026/10/02 08:10:54.257, 82, 375, 6001, 13.55, 0x0000000000000001
2026/10/02 08:10:54.384, 82, 375, 6001, 13.50, 0x0000000000000001
2026/10/02 08:10:54.514, 82, 330, 6001, 13.36, 0x0000000000000001
2026/10/02 08:10:54.649, 82, 330, 6001, 13.15, 0x0000000000000001
2026/10/02 08:10:54.772, 82, 330, 6001, 13.12, 0x0000000000000001
2026/10/02 08:10:54.896, 82, 330, 6001, 13.16, 0x0000000000000001
2026/10/02 08:10:55.017, 82, 360, 6001, 13.53, 0x0000000000000001
2026/10/02 08:10:55.142, 82, 360, 6001, 13.72, 0x0000000000000001
2026/10/02 08:10:55.272, 82, 360, 6001, 14.09, 0x0000000000000001
2026/10/02 08:10:55.397, 82, 360, 6001, 14.15, 0x0000000000000001
2026/10/02 08:10:55.523, 82, 375, 6001, 14.44, 0x0000000000000001
2026/10/02 08:10:55.669, 82, 375, 6001, 14.60, 0x0000000000000001
2026/10/02 08:10:55.795, 82, 375, 6001, 14.74, 0x0000000000000001
2026/10/02 08:10:55.921, 82, 375, 6001, 14.76, 0x0000000000000001
2026/10/02 08:10:56.067, 82, 375, 6001, 14.72, 0x0000000000000001
2026/10/02 08:10:56.193, 82, 375, 6001, 14.71, 0x0000000000000001
2026/10/02 08:10:56.320, 82, 375, 6001, 14.67, 0x0000000000000001
2026/10/02 08:10:56.451, 82, 375, 6001, 14.67, 0x0000000000000001
2026/10/02 08:10:56.573, 82, 375, 6001, 14.66, 0x0000000000000001
2026/10/02 08:10:56.700, 82, 375, 6001, 14.63, 0x0000000000000001
2026/10/02 08:10:56.828, 82, 375, 6001, 14.39, 0x0000000000000001
2026/10/02 08:10:56.955, 82, 375, 6001, 14.16, 0x0000000000000001
2026/10/02 08:10:57.084, 82, 375, 6001, 13.93, 0x0000000000000001
2026/10/02 08:10:57.220, 82, 375, 6001, 13.86, 0x0000000000000001
2026/10/02 08:10:57.346, 82, 375, 6001, 13.82, 0x0000000000000001
2026/10/02 08:10:57.478, 82, 375, 6000, 13.90, 0x0000000000000001
2026/10/02 08:10:57.609, 82, 390, 6001, 13.88, 0x0000000000000001
2026/10/02 08:10:57.736, 82, 390, 6001, 13.87, 0x0000000000000001
2026/10/02 08:10:57.859, 82, 390, 6001, 13.90, 0x0000000000000001
2026/10/02 08:10:57.979, 82, 390, 6001, 14.11, 0x0000000000000001
2026/10/02 08:10:58.099, 82, 390, 6001, 14.34, 0x0000000000000001
2026/10/02 08:10:58.226, 82, 390, 6001, 14.70, 0x0000000000000001
2026/10/02 08:10:58.351, 82, 390, 6001, 14.66, 0x0000000000000001
2026/10/02 08:10:58.474, 82, 390, 6001, 14.64, 0x0000000000000001
2026/10/02 08:10:58.595, 82, 390, 6001, 14.64, 0x0000000000000001
2026/10/02 08:10:58.717, 82, 390, 6001, 14.63, 0x0000000000000001
2026/10/02 08:10:58.843, 82, 390, 6001, 14.64, 0x0000000000000001
2026/10/02 08:10:58.970, 82, 390, 6001, 14.63, 0x0000000000000001
2026/10/02 08:10:59.091, 82, 390, 6001, 14.62, 0x0000000000000001
2026/10/02 08:10:59.226, 82, 390, 6001, 14.61, 0x0000000000000001
2026/10/02 08:10:59.366, 82, 390, 6001, 14.59, 0x0000000000000001
2026/10/02 08:10:59.493, 82, 375, 6001, 14.56, 0x0000000000000001
2026/10/02 08:10:59.628, 82, 375, 6001, 14.56, 0x0000000000000001
2026/10/02 08:10:59.755, 82, 375, 6001, 14.57, 0x0000000000000001
2026/10/02 08:10:59.881, 82, 375, 6001, 14.56, 0x0000000000000001
2026/10/02 08:11:00.018, 82, 375, 6001, 14.55, 0x0000000000000001
2026/10/02 08:11:00.148, 82, 375, 6001, 14.54, 0x0000000000000001
2026/10/02 08:11:00.273, 82, 375, 6001, 14.53, 0x0000000000000001
2026/10/02 08:11:00.398, 82, 375, 6001, 14.49, 0x0000000000000001
2026/10/02 08:11:00.534, 82, 375, 6001, 14.49, 0x0000000000000001
2026/10/02 08:11:00.674, 82, 375, 6001, 14.47, 0x0000000000000001
2026/10/02 08:11:00.808, 82, 375, 6001, 14.46, 0x0000000000000001
2026/10/02 08:11:00.944, 82, 375, 6001, 14.46, 0x0000000000000001
2026/10/02 08:11:01.071, 82, 375, 6001, 14.45, 0x0000000000000001
2026/10/02 08:11:01.209, 82, 375, 6001, 14.45, 0x0000000000000001
2026/10/02 08:11:01.346, 82, 375, 6001, 14.46, 0x0000000000000001
2026/10/02 08:11:01.476, 82, 375, 6001, 14.48, 0x0000000000000001
2026/10/02 08:11:01.618, 82, 375, 6001, 14.48, 0x0000000000000001
2026/10/02 08:11:01.751, 82, 375, 6001, 14.49, 0x0000000000000001
2026/10/02 08:11:01.875, 82, 375, 6001, 14.49, 0x0000000000000001
2026/10/02 08:11:02.014, 82, 375, 6001, 14.49, 0x0000000000000001
2026/10/02 08:11:02.144, 82, 375, 6001, 14.49, 0x0000000000000001
2026/10/02 08:11:02.281, 82, 375, 6001, 14.50, 0x0000000000000001
2026/10/02 08:11:02.420, 82, 375, 6001, 14.50, 0x0000000000000001
2026/10/02 08:11:02.552, 82, 375, 6001, 14.50, 0x0000000000000001
2026/10/02 08:11:02.672, 82, 375, 6001, 14.49, 0x0000000000000001
2026/10/02 08:11:02.809, 82, 375, 6001, 14.48, 0x0000000000000001
2026/10/02 08:11:02.939, 82, 375, 6001, 14.48, 0x0000000000000001
2026/10/02 08:11:03.074, 82, 375, 6001, 14.48, 0x0000000000000001
2026/10/02 08:11:03.208, 82, 375, 6001, 14.45, 0x0000000000000001
2026/10/02 08:11:03.341, 82, 375, 6001, 14.45, 0x0000000000000001
2026/10/02 08:11:03.463, 82, 375, 6001, 14.44, 0x0000000000000001
2026/10/02 08:11:03.603, 82, 375, 6001, 14.44, 0x0000000000000001
2026/10/02 08:11:03.733, 82, 375, 6001, 14.44, 0x0000000000000001
2026/10/02 08:11:03.862, 82, 375, 6001, 14.44, 0x0000000000000001
2026/10/02 08:11:03.997, 82, 375, 6001, 14.44, 0x0000000000000001
2026/10/02 08:11:04.119, 82, 375, 6001, 14.43, 0x0000000000000001
2026/10/02 08:11:04.251, 82, 375, 6001, 14.53, 0x0000000000000001
2026/10/02 08:11:04.390, 82, 375, 6001, 14.64, 0x0000000000000001
2026/10/02 08:11:04.534, 82, 420, 6001, 14.68, 0x0000000000000001
2026/10/02 08:11:04.663, 82, 420, 6001, 14.73, 0x0000000000000001
2026/10/02 08:11:04.800, 82, 420, 6001, 14.77, 0x0000000000000001
2026/10/02 08:11:04.932, 82, 420, 6001, 14.80, 0x0000000000000001
2026/10/02 08:11:05.057, 82, 420, 6001, 14.87, 0x0000000000000001
2026/10/02 08:11:05.195, 82, 420, 6001, 14.91, 0x0000000000000001
2026/10/02 08:11:05.329, 82, 420, 6001, 14.87, 0x0000000000000001
2026/10/02 08:11:05.449, 82, 420, 6001, 14.82, 0x0000000000000001
2026/10/02 08:11:05.583, 82, 420, 6001, 14.83, 0x0000000000000001
2026/10/02 08:11:05.706, 82, 420, 6001, 14.81, 0x0000000000000001
2026/10/02 08:11:05.828, 82, 420, 6001, 14.80, 0x0000000000000001
2026/10/02 08:11:05.955, 82, 420, 6001, 14.76, 0x0000000000000001
2026/10/02 08:11:06.084, 82, 420, 6001, 14.75, 0x0000000000000001
2026/10/02 08:11:06.222, 82, 420, 6001, 14.73, 0x0000000000000001
2026/10/02 08:11:06.347, 82, 420, 6001, 14.71, 0x0000000000000001
2026/10/02 08:11:06.487, 82, 390, 6001, 14.71, 0x0000000000000001
2026/10/02 08:11:06.626, 82, 390, 6001, 14.70, 0x0000000000000001
2026/10/02 08:11:06.758, 82, 390, 6001, 14.69, 0x0000000000000001
2026/10/02 08:11:06.887, 82, 390, 6001, 14.70, 0x0000000000000001
2026/10/02 08:11:07.016, 82, 390, 6001, 14.70, 0x0000000000000001
2026/10/02 08:11:07.147, 82, 390, 6001, 14.71, 0x0000000000000001
2026/10/02 08:11:07.279, 82, 390, 6001, 14.71, 0x0000000000000001
2026/10/02 08:11:07.404, 82, 390, 6001, 14.62, 0x0000000000000001
2026/10/02 08:11:07.537, 82, 390, 6001, 14.64, 0x0000000000000001
2026/10/02 08:11:07.667, 82, 390, 6001, 14.64, 0x0000000000000001
2026/10/02 08:11:07.791, 82, 390, 6001, 14.65, 0x0000000000000001
2026/10/02 08:11:07.925, 82, 390, 6001, 14.63, 0x0000000000000001
2026/10/02 08:11:08.062, 82, 390, 6001, 14.64, 0x0000000000000001
2026/10/02 08:11:08.187, 82, 390, 6001, 14.64, 0x0000000000000001
2026/10/02 08:11:08.320, 82, 390, 6001, 14.64, 0x0000000000000001
2026/10/02 08:11:08.443, 82, 390, 6001, 14.73, 0x0000000000000001
2026/10/02 08:11:08.582, 82, 390, 6001, 14.72, 0x0000000000000001
2026/10/02 08:11:08.704, 82, 390, 6001, 14.72, 0x0000000000000001
2026/10/02 08:11:08.831, 82, 390, 6001, 14.73, 0x0000000000000001
2026/10/02 08:11:08.957, 82, 390, 6001, 14.74, 0x0000000000000001
2026/10/02 08:11:09.078, 82, 390, 6001, 14.74, 0x0000000000000001
2026/10/02 08:11:09.208, 82, 390, 6001, 14.76, 0x0000000000000001
2026/10/02 08:11:09.344, 82, 390, 6001, 14.76, 0x0000000000000001
2026/10/02 08:11:09.486, 82, 390, 6001, 14.77, 0x0000000000000001
2026/10/02 08:11:09.622, 82, 390, 6001, 14.74, 0x0000000000000001
2026/10/02 08:11:09.752, 82, 390, 6001, 14.57, 0x0000000000000001
2026/10/02 08:11:09.872, 82, 390, 6001, 14.37, 0x0000000000000001
2026/10/02 08:11:09.998, 82, 390, 6001, 14.22, 0x0000000000000001
2026/10/02 08:11:10.133, 82, 390, 6001, 13.76, 0x0000000000000001
2026/10/02 08:11:10.260, 82, 390, 6001, 13.54, 0x0000000000000001
2026/10/02 08:11:10.388, 82, 330, 6001, 13.33, 0x0000000000000001
2026/10/02 08:11:10.516, 82, 330, 6001, 12.89, 0x0000000000000001
2026/10/02 08:11:10.637, 82, 330, 6001, 12.64, 0x0000000000000001
2026/10/02 08:11:10.763, 82, 330, 6001, 12.24, 0x0000000000000001
2026/10/02 08:11:10.885, 82, 270, 810, 11.93, 0x0000000000000001
2026/10/02 08:11:11.005, 82, 270, 810, 11.30, 0x0000000000000001
2026/10/02 08:11:11.136, 82, 270, 810, 11.06, 0x0000000000000001
2026/10/02 08:11:11.258, 82, 270, 810, 10.81, 0x0000000000000001
2026/10/02 08:11:11.380, 82, 225, 810, 10.54, 0x0000000000000001
2026/10/02 08:11:11.501, 82, 225, 810, 10.06, 0x0000000000000001
2026/10/02 08:11:11.627, 82, 225, 810, 9.83, 0x0000000000000001
2026/10/02 08:11:11.746, 82, 225, 810, 9.62, 0x0000000000000001
2026/10/02 08:11:11.871, 82, 225, 810, 9.66, 0x0000000000000001
2026/10/02 08:11:11.999, 82, 210, 810, 9.74, 0x0000000000000001
2026/10/02 08:11:12.126, 82, 210, 810, 9.77, 0x0000000000000001
2026/10/02 08:11:12.245, 82, 210, 810, 9.76, 0x0000000000000001
2026/10/02 08:11:12.366, 82, 210, 810, 9.74, 0x0000000000000001
2026/10/02 08:11:12.490, 82, 210, 810, 9.74, 0x0000000000000001
2026/10/02 08:11:12.612, 82, 210, 810, 9.72, 0x0000000000000001
2026/10/02 08:11:12.732, 82, 210, 810, 9.70, 0x0000000000000001
2026/10/02 08:11:12.862, 82, 210, 810, 9.68, 0x0000000000000001
2026/10/02 08:11:12.992, 82, 210, 810, 9.63, 0x0000000000000001
2026/10/02 08:11:13.128, 82, 210, 810, 9.39, 0x0000000000000001
2026/10/02 08:11:13.261, 82, 210, 810, 9.11, 0x0000000000000001
2026/10/02 08:11:13.384, 82, 210, 405, 8.70, 0x0000000000000001
2026/10/02 08:11:13.535, 82, 210, 405, 9.52, 0x0000000000000001
2026/10/02 08:11:13.651, 81, 210, 405, 10.47, 0x0000000000000001
2026/10/02 08:11:13.768, 81, 210, 405, 11.43, 0x0000000000000001
2026/10/02 08:11:13.889, 81, 1890, 8001, 13.37, 0x0000000000000001
2026/10/02 08:11:14.009, 81, 1890, 8001, 14.36, 0x0000000000000001
2026/10/02 08:11:14.126, 83, 1890, 8001, 15.35, 0x0000000000000001
2026/10/02 08:11:14.244, 83, 1890, 8001, 16.57, 0x0000000000000001
2026/10/02 08:11:14.374, 83, 1890, 8001, 19.04, 0x0000000000000001
2026/10/02 08:11:14.497, 83, 1890, 8001, 20.17, 0x0000000000000001
2026/10/02 08:11:14.620, 83, 1890, 8001, 20.33, 0x0000000000000001
2026/10/02 08:11:14.742, 83, 1890, 8001, 20.30, 0x0000000000000001
2026/10/02 08:11:14.860, 83, 1890, 8001, 20.27, 0x0000000000000001
2026/10/02 08:11:14.982, 83, 1890, 8001, 20.57, 0x0000000000000001
2026/10/02 08:11:15.117, 83, 1890, 8001, 20.71, 0x0000000000000001
2026/10/02 08:11:15.245, 83, 1890, 8001, 20.78, 0x0000000000000001
2026/10/02 08:11:15.368, 83, 1890, 8001, 20.86, 0x0000000000000001
2026/10/02 08:11:15.494, 83, 1890, 8001, 21.04, 0x0000000000000001
2026/10/02 08:11:15.617, 83, 1890, 8001, 21.18, 0x0000000000000001
2026/10/02 08:11:15.738, 83, 1890, 8001, 21.34, 0x0000000000000001
2026/10/02 08:11:15.859, 83, 1890, 8001, 21.51, 0x0000000000000001
2026/10/02 08:11:15.983, 83, 1890, 8001, 21.65, 0x0000000000000001
2026/10/02 08:11:16.111, 83, 1890, 8001, 21.50, 0x0000000000000001
2026/10/02 08:11:16.237, 83, 1890, 8001, 21.44, 0x0000000000000001
2026/10/02 08:11:16.359, 83, 1890, 8001, 21.70, 0x0000000000000001
2026/10/02 08:11:16.481, 83, 1890, 8001, 21.91, 0x0000000000000001
2026/10/02 08:11:16.603, 84, 1890, 8001, 22.12, 0x0000000000000001
2026/10/02 08:11:16.730, 84, 1890, 8001, 22.62, 0x0000000000000001
2026/10/02 08:11:16.855, 84, 1890, 8001, 22.92, 0x0000000000000001
2026/10/02 08:11:16.975, 84, 1890, 8001, 23.22, 0x0000000000000001
2026/10/02 08:11:17.095, 84, 1890, 8001, 23.52, 0x0000000000000001
2026/10/02 08:11:17.216, 84, 1890, 8001, 23.87, 0x0000000000000001
2026/10/02 08:11:17.342, 84, 1890, 8001, 24.50, 0x0000000000000001
2026/10/02 08:11:17.462, 84, 975, 6001, 24.42, 0x0000000000000001
2026/10/02 08:11:17.588, 84, 975, 6001, 23.68, 0x0000000000000001
2026/10/02 08:11:17.713, 84, 975, 6001, 22.91, 0x0000000000000001
2026/10/02 08:11:17.837, 84, 975, 6001, 21.38, 0x0000000000000001
2026/10/02 08:11:17.975, 84, 930, 6001, 20.51, 0x0000000000000001
2026/10/02 08:11:18.098, 83, 930, 6001, 19.67, 0x0000000000000001
2026/10/02 08:11:18.223, 83, 930, 6001, 18.83, 0x0000000000000001
2026/10/02 08:11:18.353, 83, 930, 6001, 17.14, 0x0000000000000001
2026/10/02 08:11:18.485, 83, 870, 6001, 16.30, 0x0000000000000001
2026/10/02 08:11:18.615, 83, 870, 6001, 15.59, 0x0000000000000001
2026/10/02 08:11:18.748, 83, 870, 6001, 15.55, 0x0000000000000001
2026/10/02 08:11:18.873, 83, 870, 6001, 15.53, 0x0000000000000001
2026/10/02 08:11:19.016, 83, 825, 6001, 15.55, 0x0000000000000001
2026/10/02 08:11:19.149, 83, 825, 6001, 15.54, 0x0000000000000001
2026/10/02 08:11:19.276, 83, 825, 6001, 15.54, 0x0000000000000001
2026/10/02 08:11:19.420, 83, 825, 6001, 15.58, 0x0000000000000001
2026/10/02 08:11:19.554, 83, 780, 6001, 15.54, 0x0000000000000001
2026/10/02 08:11:19.679, 83, 780, 6001, 15.60, 0x0000000000000001
2026/10/02 08:11:19.823, 83, 780, 6001, 15.65, 0x0000000000000001
2026/10/02 08:11:19.947, 83, 780, 6001, 15.67, 0x0000000000000001
2026/10/02 08:11:20.077, 83, 765, 6001, 15.73, 0x0000000000000001
2026/10/02 08:11:20.227, 83, 765, 6001, 15.77, 0x0000000000000001
2026/10/02 08:11:20.350, 83, 765, 6001, 15.76, 0x0000000000000001
2026/10/02 08:11:20.477, 83, 750, 6001, 15.76, 0x0000000000000001
2026/10/02 08:11:20.626, 83, 750, 6001, 15.82, 0x0000000000000001
2026/10/02 08:11:20.753, 83, 750, 6001, 15.83, 0x0000000000000001
2026/10/02 08:11:20.877, 83, 750, 6001, 15.79, 0x0000000000000001
2026/10/02 08:11:21.028, 83, 735, 6001, 15.80, 0x0000000000000001
2026/10/02 08:11:21.168, 83, 735, 6001, 15.79, 0x0000000000000001
2026/10/02 08:11:21.296, 83, 735, 6001, 15.78, 0x0000000000000001
2026/10/02 08:11:21.440, 83, 735, 6001, 15.78, 0x0000000000000001
2026/10/02 08:11:21.568, 83, 735, 6001, 15.62, 0x0000000000000001
2026/10/02 08:11:21.702, 83, 735, 6001, 15.14, 0x0000000000000001
2026/10/02 08:11:21.843, 82, 735, 6001, 14.91, 0x0000000000000001
2026/10/02 08:11:21.967, 82, 735, 6001, 14.67, 0x0000000000000001
2026/10/02 08:11:22.098, 82, 645, 6001, 13.98, 0x0000000000000001
2026/10/02 08:11:22.246, 82, 645, 6001, 13.90, 0x0000000000000001
2026/10/02 08:11:22.369, 82, 645, 6001, 13.44, 0x0000000000000001
2026/10/02 08:11:22.500, 82, 585, 6001, 13.17, 0x0000000000000001
2026/10/02 08:11:22.627, 82, 585, 6001, 13.16, 0x0000000000000001
2026/10/02 08:11:22.753, 82, 585, 6001, 13.37, 0x0000000000000001
2026/10/02 08:11:22.885, 82, 585, 6001, 13.76, 0x0000000000000001
2026/10/02 08:11:23.022, 82, 540, 6001, 13.96, 0x0000000000000001
2026/10/02 08:11:23.145, 82, 540, 6001, 14.22, 0x0000000000000001
2026/10/02 08:11:23.268, 82, 540, 6001, 14.54, 0x0000000000000001
2026/10/02 08:11:23.392, 82, 540, 6001, 14.89, 0x0000000000000001
2026/10/02 08:11:23.519, 82, 555, 6001, 15.14, 0x0000000000000001
2026/10/02 08:11:23.664, 82, 555, 6001, 15.35, 0x0000000000000001
2026/10/02 08:11:23.796, 82, 555, 6001, 15.56, 0x0000000000000001
2026/10/02 08:11:23.927, 82, 555, 6001, 15.59, 0x0000000000000001
2026/10/02 08:11:24.061, 82, 600, 6001, 15.62, 0x0000000000000001
2026/10/02 08:11:24.203, 82, 600, 6001, 15.64, 0x0000000000000001
2026/10/02 08:11:24.332, 82, 600, 6001, 15.69, 0x0000000000000001
2026/10/02 08:11:24.453, 83, 600, 6001, 15.69, 0x0000000000000001
2026/10/02 08:11:24.576, 83, 600, 6001, 15.68, 0x0000000000000001
2026/10/02 08:11:24.705, 83, 600, 6001, 15.67, 0x0000000000000001
2026/10/02 08:11:24.853, 83, 600, 6001, 15.67, 0x0000000000000001
2026/10/02 08:11:24.980, 83, 600, 6001, 15.66, 0x0000000000000001
2026/10/02 08:11:25.112, 83, 600, 6001, 15.68, 0x0000000000000001
2026/10/02 08:11:25.249, 83, 600, 6001, 15.57, 0x0000000000000001
2026/10/02 08:11:25.374, 83, 600, 6001, 15.57, 0x0000000000000001
2026/10/02 08:11:25.497, 83, 585, 6001, 15.57, 0x0000000000000001
2026/10/02 08:11:25.636, 83, 585, 6001, 15.57, 0x0000000000000001
2026/10/02 08:11:25.761, 83, 585, 6001, 15.57, 0x0000000000000001
2026/10/02 08:11:25.891, 83, 585, 6001, 15.56, 0x0000000000000001
2026/10/02 08:11:26.030, 83, 600, 6001, 15.55, 0x0000000000000001
2026/10/02 08:11:26.154, 83, 600, 6001, 15.54, 0x0000000000000001
2026/10/02 08:11:26.276, 83, 600, 6001, 15.62, 0x0000000000000001
2026/10/02 08:11:26.403, 83, 600, 6001, 15.61, 0x0000000000000001
2026/10/02 08:11:26.541, 83, 600, 6001, 15.60, 0x0000000000000001
2026/10/02 08:11:26.673, 83, 600, 6001, 15.58, 0x0000000000000001
2026/10/02 08:11:26.796, 83, 600, 6001, 15.65, 0x0000000000000001
2026/10/02 08:11:26.922, 83, 600, 6001, 15.69, 0x0000000000000001
2026/10/02 08:11:27.053, 83, 600, 6001, 15.66, 0x0000000000000001
2026/10/02 08:11:27.178, 83, 600, 6001, 15.71, 0x0000000000000001
2026/10/02 08:11:27.305, 83, 600, 6001, 15.77, 0x0000000000000001
2026/10/02 08:11:27.458, 83, 600, 6001, 15.81, 0x0000000000000001
2026/10/02 08:11:27.584, 83, 600, 6001, 15.83, 0x0000000000000001
2026/10/02 08:11:27.713, 83, 600, 6001, 15.89, 0x0000000000000001
2026/10/02 08:11:27.850, 83, 600, 6001, 15.85, 0x0000000000000001
2026/10/02 08:11:27.973, 83, 600, 6001, 15.84, 0x0000000000000001
2026/10/02 08:11:28.097, 83, 600, 6001, 15.85, 0x0000000000000001
2026/10/02 08:11:28.242, 83, 600, 6001, 15.85, 0x0000000000000001
2026/10/02 08:11:28.383, 83, 600, 6001, 15.83, 0x0000000000000001
2026/10/02 08:11:28.517, 83, 600, 6001, 15.83, 0x0000000000000001
2026/10/02 08:11:28.644, 83, 600, 6001, 15.54, 0x0000000000000001
2026/10/02 08:11:28.774, 83, 600, 6001, 15.34, 0x0000000000000001
2026/10/02 08:11:28.896, 83, 600, 6001, 14.70, 0x0000000000000001
2026/10/02 08:11:29.034, 83, 525, 6001, 14.54, 0x0000000000000001
2026/10/02 08:11:29.169, 82, 525, 6001, 14.14, 0x0000000000000001
2026/10/02 08:11:29.287, 82, 525, 6001, 14.02, 0x0000000000000001
2026/10/02 08:11:29.424, 82, 525, 6001, 13.43, 0x0000000000000001
2026/10/02 08:11:29.547, 82, 465, 6001, 12.90, 0x0000000000000001
2026/10/02 08:11:29.668, 82, 465, 6001, 12.88, 0x0000000000000001
2026/10/02 08:11:29.795, 82, 465, 6001, 12.77, 0x0000000000000001
2026/10/02 08:11:29.918, 82, 465, 6001, 12.78, 0x0000000000000001
2026/10/02 08:11:30.036, 82, 390, 6001, 12.72, 0x0000000000000001
2026/10/02 08:11:30.178, 82, 390, 6001, 12.65, 0x0000000000000001
2026/10/02 08:11:30.305, 82, 390, 6001, 12.63, 0x0000000000000001
2026/10/02 08:11:30.429, 82, 390, 6001, 12.64, 0x0000000000000001
2026/10/02 08:11:30.552, 82, 330, 6001, 12.64, 0x0000000000000001
2026/10/02 08:11:30.682, 82, 330, 6001, 12.41, 0x0000000000000001
2026/10/02 08:11:30.825, 82, 330, 6001, 12.13, 0x0000000000000001
2026/10/02 08:11:30.961, 82, 330, 6001, 11.89, 0x0000000000000001
2026/10/02 08:11:31.085, 82, 315, 810, 11.97, 0x0000000000000001
2026/10/02 08:11:31.211, 82, 315, 810, 12.27, 0x0000000000000001
2026/10/02 08:11:31.339, 82, 315, 810, 12.57, 0x0000000000000001
2026/10/02 08:11:31.460, 82, 315, 810, 12.88, 0x0000000000000001
2026/10/02 08:11:31.586, 82, 1890, 6001, 13.66, 0x0000000000000001
2026/10/02 08:11:31.713, 83, 1890, 6001, 14.34, 0x0000000000000001
2026/10/02 08:11:31.835, 83, 1890, 6001, 14.90, 0x0000000000000001
2026/10/02 08:11:31.952, 83, 1890, 6001, 15.55, 0x0000000000000001
2026/10/02 08:11:32.076, 83, 1890, 8001, 17.28, 0x0000000000000001
2026/10/02 08:11:32.199, 83, 1890, 8001, 17.67, 0x0000000000000001
2026/10/02 08:11:32.316, 83, 1890, 8001, 17.96, 0x0000000000000001
2026/10/02 08:11:32.431, 83, 1890, 8001, 18.32, 0x0000000000000001
2026/10/02 08:11:32.555, 83, 1890, 8001, 18.75, 0x0000000000000001
2026/10/02 08:11:32.671, 83, 1890, 8001, 19.45, 0x0000000000000001
2026/10/02 08:11:32.796, 83, 1890, 8001, 19.75, 0x0000000000000001
2026/10/02 08:11:32.911, 83, 1890, 8001, 20.05, 0x0000000000000001
2026/10/02 08:11:33.026, 83, 1890, 8001, 20.34, 0x0000000000000001
2026/10/02 08:11:33.143, 83, 1890, 8001, 20.42, 0x0000000000000001
2026/10/02 08:11:33.262, 83, 1890, 8001, 20.55, 0x0000000000000001
2026/10/02 08:11:33.383, 83, 1890, 8001, 20.85, 0x0000000000000001
2026/10/02 08:11:33.502, 83, 1890, 8001, 20.97, 0x0000000000000001
2026/10/02 08:11:33.631, 84, 1890, 8001, 21.00, 0x0000000000000001
2026/10/02 08:11:33.746, 84, 1890, 8001, 21.00, 0x0000000000000001
2026/10/02 08:11:33.870, 84, 1890, 8001, 21.00, 0x0000000000000001
2026/10/02 08:11:33.999, 84, 1890, 8001, 21.02, 0x0000000000000001
2026/10/02 08:11:34.118, 84, 1890, 8001, 21.02, 0x0000000000000001
2026/10/02 08:11:34.248, 84, 1890, 8001, 21.03, 0x0000000000000001
2026/10/02 08:11:34.366, 84, 1890, 8001, 21.04, 0x0000000000000001
2026/10/02 08:11:34.488, 84, 1890, 8001, 21.08, 0x0000000000000001
2026/10/02 08:11:34.613, 84, 1890, 8001, 20.13, 0x0000000000000001
2026/10/02 08:11:34.743, 84, 1890, 8001, 19.12, 0x0000000000000001
2026/10/02 08:11:34.862, 84, 1890, 8001, 17.16, 0x0000000000000001
2026/10/02 08:11:34.988, 84, 420, 810, 16.20, 0x0000000000000001
2026/10/02 08:11:35.124, 82, 420, 810, 15.21, 0x0000000000000001
2026/10/02 08:11:35.245, 82, 420, 810, 14.21, 0x0000000000000001
2026/10/02 08:11:35.376, 82, 420, 810, 12.17, 0x0000000000000001
2026/10/02 08:11:35.499, 82, 375, 810, 11.17, 0x0000000000000001
2026/10/02 08:11:35.620, 82, 375, 810, 10.14, 0x0000000000000001
2026/10/02 08:11:35.740, 82, 375, 810, 10.08, 0x0000000000000001
2026/10/02 08:11:35.860, 82, 375, 810, 10.03, 0x0000000000000001
2026/10/02 08:11:35.992, 82, 285, 810, 9.96, 0x0000000000000001
2026/10/02 08:11:36.115, 82, 285, 810, 9.90, 0x0000000000000001
2026/10/02 08:11:36.239, 82, 285, 810, 9.82, 0x0000000000000001
2026/10/02 08:11:36.358, 82, 285, 810, 9.72, 0x0000000000000001
2026/10/02 08:11:36.488, 82, 240, 810, 9.70, 0x0000000000000001
2026/10/02 08:11:36.607, 82, 240, 810, 9.68, 0x0000000000000001
2026/10/02 08:11:36.740, 82, 240, 810, 9.65, 0x0000000000000001
2026/10/02 08:11:36.861, 82, 240, 810, 9.56, 0x0000000000000001
2026/10/02 08:11:36.982, 82, 210, 810, 9.55, 0x0000000000000001
2026/10/02 08:11:37.107, 82, 210, 810, 9.58, 0x0000000000000001
2026/10/02 08:11:37.230, 82, 210, 810, 9.39, 0x0000000000000001
2026/10/02 08:11:37.359, 82, 210, 810, 9.01, 0x0000000000000001
2026/10/02 08:11:37.489, 82, 210, 405, 8.83, 0x0000000000000001
2026/10/02 08:11:37.614, 82, 210, 405, 8.61, 0x0000000000000001
2026/10/02 08:11:37.738, 82, 210, 405, 8.11, 0x0000000000000001
2026/10/02 08:11:37.863, 82, 210, 405, 7.88, 0x0000000000000001
2026/10/02 08:11:38.001, 82, 210, 405, 7.66, 0x0000000000000001
2026/10/02 08:11:38.125, 82, 210, 405, 7.43, 0x0000000000000001
2026/10/02 08:11:38.250, 82, 210, 405, 7.12, 0x0000000000000001
2026/10/02 08:11:38.376, 82, 210, 405, 7.09, 0x0000000000000001
2026/10/02 08:11:38.501, 82, 210, 405, 7.07, 0x0000000000000001
2026/10/02 08:11:38.625, 82, 210, 405, 7.04, 0x0000000000000001
2026/10/02 08:11:38.750, 82, 210, 405, 7.00, 0x0000000000000001
2026/10/02 08:11:38.878, 82, 210, 405, 7.02, 0x0000000000000001
2026/10/02 08:11:39.003, 82, 210, 405, 7.06, 0x0000000000000001
2026/10/02 08:11:39.141, 82, 210, 405, 7.09, 0x0000000000000001
2026/10/02 08:11:39.265, 82, 210, 405, 7.08, 0x0000000000000001
2026/10/02 08:11:39.399, 82, 210, 405, 7.06, 0x0000000000000001
2026/10/02 08:11:39.523, 82, 210, 405, 7.04, 0x0000000000000001
2026/10/02 08:11:39.652, 82, 210, 405, 6.98, 0x0000000000000001
2026/10/02 08:11:39.776, 82, 210, 405, 6.95, 0x0000000000000001
2026/10/02 08:11:39.907, 82, 210, 405, 6.92, 0x0000000000000001
2026/10/02 08:11:40.034, 82, 210, 405, 6.82, 0x0000000000000001
2026/10/02 08:11:40.157, 82, 210, 405, 6.75, 0x0000000000000001
2026/10/02 08:11:40.281, 82, 210, 405, 6.74, 0x0000000000000001
2026/10/02 08:11:40.406, 82, 210, 405, 6.72, 0x0000000000000001
2026/10/02 08:11:40.530, 82, 210, 405, 6.77, 0x0000000000000001
2026/10/02 08:11:40.655, 82, 210, 405, 7.23, 0x0000000000000001
2026/10/02 08:11:40.772, 82, 210, 405, 8.66, 0x0000000000000001
2026/10/02 08:11:40.889, 82, 210, 405, 10.11, 0x0000000000000001
2026/10/02 08:11:41.006, 82, 1890, 8001, 11.56, 0x0000000000000001
2026/10/02 08:11:41.123, 83, 1890, 8001, 14.19, 0x0000000000000001
2026/10/02 08:11:41.245, 83, 1890, 8001, 15.58, 0x0000000000000001
2026/10/02 08:11:41.362, 83, 1890, 8001, 16.95, 0x0000000000000001
2026/10/02 08:11:41.482, 83, 1890, 8001, 18.20, 0x0000000000000001
2026/10/02 08:11:41.601, 83, 1890, 8001, 19.41, 0x0000000000000001
2026/10/02 08:11:41.723, 83, 1890, 8001, 21.54, 0x0000000000000001
2026/10/02 08:11:41.840, 83, 1890, 8001, 21.30, 0x0000000000000001
2026/10/02 08:11:41.958, 83, 1890, 8001, 21.05, 0x0000000000000001
2026/10/02 08:11:42.076, 83, 1890, 8001, 20.81, 0x0000000000000001
2026/10/02 08:11:42.194, 83, 1890, 8001, 20.61, 0x0000000000000001
2026/10/02 08:11:42.314, 83, 1890, 8001, 20.39, 0x0000000000000001
2026/10/02 08:11:42.432, 83, 1890, 8001, 20.25, 0x0000000000000001
2026/10/02 08:11:42.553, 83, 1890, 8001, 20.27, 0x0000000000000001
2026/10/02 08:11:42.672, 83, 1890, 8001, 20.24, 0x0000000000000001
2026/10/02 08:11:42.789, 83, 1890, 8001, 20.14, 0x0000000000000001
2026/10/02 08:11:42.910, 83, 1890, 8001, 20.09, 0x0000000000000001
2026/10/02 08:11:43.027, 83, 1890, 8001, 20.10, 0x0000000000000001
2026/10/02 08:11:43.146, 83, 1890, 8001, 20.11, 0x0000000000000001
2026/10/02 08:11:43.268, 83, 1890, 8001, 20.11, 0x0000000000000001
2026/10/02 08:11:43.386, 83, 1890, 8001, 20.11, 0x0000000000000001
2026/10/02 08:11:43.507, 83, 1890, 8001, 20.17, 0x0000000000000001
2026/10/02 08:11:43.654, 83, 1890, 8001, 20.12, 0x0000000000000001
2026/10/02 08:11:43.798, 83, 1890, 8001, 20.03, 0x0000000000000001
2026/10/02 08:11:43.922, 83, 1890, 8001, 20.04, 0x0000000000000001
2026/10/02 08:11:44.042, 84, 1890, 8001, 20.04, 0x0000000000000001
2026/10/02 08:11:44.160, 84, 1890, 8001, 20.04, 0x0000000000000001
2026/10/02 08:11:44.280, 84, 1890, 8001, 20.01, 0x0000000000000001
2026/10/02 08:11:44.401, 84, 1890, 8001, 19.97, 0x0000000000000001
2026/10/02 08:11:44.529, 84, 1890, 8001, 19.11, 0x0000000000000001
2026/10/02 08:11:44.659, 84, 1890, 8001, 18.15, 0x0000000000000001
2026/10/02 08:11:44.782, 84, 1890, 8001, 16.33, 0x0000000000000001
2026/10/02 08:11:44.915, 84, 390, 810, 15.47, 0x0000000000000001
2026/10/02 08:11:45.040, 83, 390, 810, 14.52, 0x0000000000000001
2026/10/02 08:11:45.162, 83, 390, 810, 13.58, 0x0000000000000001
2026/10/02 08:11:45.284, 83, 390, 810, 11.68, 0x0000000000000001
2026/10/02 08:11:45.411, 83, 330, 810, 9.85, 0x0000000000000001
2026/10/02 08:11:45.533, 82, 330, 810, 9.82, 0x0000000000000001
2026/10/02 08:11:45.653, 82, 330, 810, 9.72, 0x0000000000000001
2026/10/02 08:11:45.775, 82, 330, 810, 9.60, 0x0000000000000001
2026/10/02 08:11:45.898, 82, 255, 810, 9.55, 0x0000000000000001
2026/10/02 08:11:46.018, 82, 255, 810, 9.49, 0x0000000000000001
2026/10/02 08:11:46.144, 82, 255, 810, 9.22, 0x0000000000000001
2026/10/02 08:11:46.269, 82, 255, 810, 8.71, 0x0000000000000001
2026/10/02 08:11:46.400, 82, 210, 405, 8.45, 0x0000000000000001
2026/10/02 08:11:46.525, 82, 210, 405, 8.23, 0x0000000000000001
2026/10/02 08:11:46.650, 82, 210, 405, 8.03, 0x0000000000000001
2026/10/02 08:11:46.781, 82, 210, 405, 7.64, 0x0000000000000001
2026/10/02 08:11:46.904, 82, 210, 405, 7.46, 0x0000000000000001
2026/10/02 08:11:47.028, 82, 210, 405, 7.27, 0x0000000000000001
2026/10/02 08:11:47.155, 82, 210, 405, 7.04, 0x0000000000000001
2026/10/02 08:11:47.297, 82, 210, 405, 7.03, 0x0000000000000001
2026/10/02 08:11:47.427, 82, 210, 405, 7.02, 0x0000000000000001
2026/10/02 08:11:47.565, 82, 210, 405, 7.03, 0x0000000000000001
2026/10/02 08:11:47.692, 82, 210, 405, 7.01, 0x0000000000000001
2026/10/02 08:11:47.820, 82, 210, 405, 7.01, 0x0000000000000001
2026/10/02 08:11:47.949, 82, 210, 405, 7.01, 0x0000000000000001
2026/10/02 08:11:48.075, 82, 210, 405, 6.99, 0x0000000000000001
2026/10/02 08:11:48.213, 82, 210, 405, 7.03, 0x0000000000000001
2026/10/02 08:11:48.341, 82, 210, 405, 7.10, 0x0000000000000001
2026/10/02 08:11:48.481, 82, 210, 405, 7.16, 0x0000000000000001
2026/10/02 08:11:48.619, 82, 210, 405, 7.28, 0x0000000000000001
2026/10/02 08:11:48.746, 82, 210, 405, 7.26, 0x0000000000000001
2026/10/02 08:11:48.879, 82, 210, 405, 7.22, 0x0000000000000001
2026/10/02 08:11:49.005, 82, 210, 405, 7.17, 0x0000000000000001
2026/10/02 08:11:49.134, 82, 210, 405, 7.08, 0x0000000000000001
2026/10/02 08:11:49.269, 82, 210, 405, 7.06, 0x0000000000000001
2026/10/02 08:11:49.395, 82, 210, 405, 7.04, 0x0000000000000001
2026/10/02 08:11:49.526, 82, 210, 405, 7.03, 0x0000000000000001
2026/10/02 08:11:49.660, 82, 210, 405, 7.02, 0x0000000000000001
2026/10/02 08:11:49.793, 82, 210, 405, 7.02, 0x0000000000000001
2026/10/02 08:11:49.934, 82, 210, 405, 7.11, 0x0000000000000001
2026/10/02 08:11:50.061, 82, 210, 405, 7.16, 0x0000000000000001
2026/10/02 08:11:50.189, 82, 210, 405, 7.22, 0x0000000000000001
2026/10/02 08:11:50.331, 82, 210, 405, 7.28, 0x0000000000000001
2026/10/02 08:11:50.475, 82, 210, 405, 7.21, 0x0000000000000001
2026/10/02 08:11:50.609, 82, 210, 405, 7.16, 0x0000000000000001
2026/10/02 08:11:50.743, 82, 210, 405, 7.06, 0x0000000000000001
2026/10/02 08:11:50.873, 82, 210, 405, 7.05, 0x0000000000000001
2026/10/02 08:11:50.998, 82, 210, 405, 7.03, 0x0000000000000001
2026/10/02 08:11:51.123, 82, 210, 405, 7.02, 0x0000000000000001
2026/10/02 08:11:51.254, 82, 210, 405, 7.00, 0x0000000000000001
2026/10/02 08:11:51.379, 82, 210, 405, 7.01, 0x0000000000000001
2026/10/02 08:11:51.522, 82, 210, 405, 7.09, 0x0000000000000001
2026/10/02 08:11:51.648, 82, 210, 405, 7.11, 0x0000000000000001
2026/10/02 08:11:51.781, 82, 210, 405, 7.22, 0x0000000000000001
2026/10/02 08:11:51.923, 82, 210, 405, 7.29, 0x0000000000000001
2026/10/02 08:11:52.057, 82, 210, 405, 7.30, 0x0000000000000001
2026/10/02 08:11:52.188, 82, 210, 405, 7.33, 0x0000000000000001
2026/10/02 08:11:52.335, 82, 210, 405, 8.01, 0x0000000000000001
2026/10/02 08:11:52.457, 82, 210, 405, 10.51, 0x0000000000000001
2026/10/02 08:11:52.586, 82, 1890, 8001, 11.71, 0x0000000000000001
2026/10/02 08:11:52.708, 82, 1890, 8001, 12.91, 0x0000000000000001
2026/10/02 08:11:52.839, 83, 1890, 8001, 14.21, 0x0000000000000001
2026/10/02 08:11:52.957, 83, 1890, 8001, 15.50, 0x0000000000000001
2026/10/02 08:11:53.078, 83, 1890, 8001, 18.09, 0x0000000000000001
2026/10/02 08:11:53.210, 83, 1890, 8001, 19.38, 0x0000000000000001
2026/10/02 08:11:53.331, 83, 1890, 8001, 20.63, 0x0000000000000001
2026/10/02 08:11:53.459, 83, 1890, 8001, 21.23, 0x0000000000000001
2026/10/02 08:11:53.582, 83, 1890, 8001, 21.34, 0x0000000000000001
2026/10/02 08:11:53.706, 83, 1890, 8001, 21.41, 0x0000000000000001
2026/10/02 08:11:53.824, 83, 1890, 8001, 21.47, 0x0000000000000001
2026/10/02 08:11:53.946, 83, 1890, 8001, 21.46, 0x0000000000000001
2026/10/02 08:11:54.070, 83, 1890, 8001, 21.32, 0x0000000000000001
2026/10/02 08:11:54.202, 83, 1890, 8001, 21.24, 0x0000000000000001
2026/10/02 08:11:54.324, 83, 1890, 8001, 21.28, 0x0000000000000001
2026/10/02 08:11:54.446, 83, 1890, 8001, 21.34, 0x0000000000000001
2026/10/02 08:11:54.567, 83, 1890, 8001, 21.30, 0x0000000000000001
2026/10/02 08:11:54.689, 83, 1890, 8001, 21.47, 0x0000000000000001
2026/10/02 08:11:54.819, 84, 1890, 8001, 21.56, 0x0000000000000001
2026/10/02 08:11:54.944, 84, 1890, 8001, 21.68, 0x0000000000000001
2026/10/02 08:11:55.069, 84, 1890, 8001, 21.72, 0x0000000000000001
2026/10/02 08:11:55.192, 84, 1890, 8001, 21.66, 0x0000000000000001
2026/10/02 08:11:55.314, 84, 1890, 8001, 21.57, 0x0000000000000001
2026/10/02 08:11:55.434, 84, 1890, 8001, 21.42, 0x0000000000000001
2026/10/02 08:11:55.553, 84, 1890, 8001, 21.35, 0x0000000000000001
2026/10/02 08:11:55.675, 84, 1890, 8001, 20.77, 0x0000000000000001
2026/10/02 08:11:55.799, 83, 1890, 8001, 19.05, 0x0000000000000001
2026/10/02 08:11:55.920, 83, 1890, 8001, 18.21, 0x0000000000000001
2026/10/02 08:11:56.041, 83, 600, 6001, 17.36, 0x0000000000000001
2026/10/02 08:11:56.167, 83, 600, 6001, 16.52, 0x0000000000000001
2026/10/02 08:11:56.308, 83, 600, 6001, 15.29, 0x0000000000000001
2026/10/02 08:11:56.431, 83, 600, 6001, 14.63, 0x0000000000000001
2026/10/02 08:11:56.551, 83, 540, 6001, 13.94, 0x0000000000000001
2026/10/02 08:11:56.672, 83, 540, 6001, 13.04, 0x0000000000000001
2026/10/02 08:11:56.792, 82, 540, 6001, 12.94, 0x0000000000000001
2026/10/02 08:11:56.913, 82, 540, 6001, 12.90, 0x0000000000000001
2026/10/02 08:11:57.039, 82, 420, 810, 12.66, 0x0000000000000001
2026/10/02 08:11:57.161, 82, 420, 810, 12.34, 0x0000000000000001
2026/10/02 08:11:57.284, 82, 420, 810, 11.75, 0x0000000000000001
2026/10/02 08:11:57.405, 82, 420, 810, 11.47, 0x0000000000000001
2026/10/02 08:11:57.529, 82, 345, 810, 11.25, 0x0000000000000001
2026/10/02 08:11:57.651, 82, 345, 810, 11.03, 0x0000000000000001
2026/10/02 08:11:57.773, 82, 345, 810, 10.79, 0x0000000000000001
2026/10/02 08:11:57.906, 82, 345, 810, 10.39, 0x0000000000000001
2026/10/02 08:11:58.037, 82, 285, 810, 10.18, 0x0000000000000001
2026/10/02 08:11:58.168, 82, 285, 810, 10.20, 0x0000000000000001
2026/10/02 08:11:58.303, 82, 285, 810, 10.34, 0x0000000000000001
2026/10/02 08:11:58.439, 82, 285, 810, 10.40, 0x0000000000000001
2026/10/02 08:11:58.566, 82, 315, 810, 10.40, 0x0000000000000001
2026/10/02 08:11:58.688, 82, 315, 810, 10.40, 0x0000000000000001
2026/10/02 08:11:58.808, 82, 315, 810, 10.48, 0x0000000000000001
2026/10/02 08:11:58.947, 82, 315, 810, 10.64, 0x0000000000000001
2026/10/02 08:11:59.088, 82, 450, 810, 10.86, 0x0000000000000001
2026/10/02 08:11:59.229, 82, 450, 810, 10.92, 0x0000000000000001
2026/10/02 08:11:59.365, 82, 450, 810, 10.88, 0x0000000000000001
2026/10/02 08:11:59.495, 82, 450, 810, 10.86, 0x0000000000000001
2026/10/02 08:11:59.617, 82, 615, 810, 10.82, 0x0000000000000001
2026/10/02 08:11:59.737, 82, 615, 810, 10.78, 0x0000000000000001
2026/10/02 08:11:59.857, 82, 615, 810, 10.74, 0x0000000000000001
2026/10/02 08:11:59.981, 82, 615, 810, 10.38, 0x0000000000000001
2026/10/02 08:12:00.108, 82, 615, 810, 10.05, 0x0000000000000001
2026/10/02 08:12:00.250, 82, 615, 810, 10.10, 0x0000000000000001
2026/10/02 08:12:00.381, 82, 615, 810, 10.02, 0x0000000000000001
2026/10/02 08:12:00.511, 82, 615, 810, 9.98, 0x0000000000000001
2026/10/02 08:12:00.639, 82, 615, 810, 10.02, 0x0000000000000001
2026/10/02 08:12:00.760, 82, 615, 810, 10.03, 0x0000000000000001
2026/10/02 08:12:00.883, 82, 615, 810, 10.02, 0x0000000000000001
2026/10/02 08:12:01.026, 82, 375, 405, 9.83, 0x0000000000000001
2026/10/02 08:12:01.159, 82, 375, 405, 9.58, 0x0000000000000001
2026/10/02 08:12:01.283, 82, 375, 405, 8.95, 0x0000000000000001
2026/10/02 08:12:01.417, 82, 375, 405, 8.60, 0x0000000000000001
2026/10/02 08:12:01.548, 82, 315, 405, 8.31, 0x0000000000000001
2026/10/02 08:12:01.681, 82, 315, 405, 7.76, 0x0000000000000001
2026/10/02 08:12:01.814, 82, 315, 405, 7.49, 0x0000000000000001
2026/10/02 08:12:01.942, 82, 315, 405, 7.26, 0x0000000000000001
2026/10/02 08:12:02.068, 82, 240, 405, 7.04, 0x0000000000000001
2026/10/02 08:12:02.196, 82, 240, 405, 8.83, 0x0000000000000001
2026/10/02 08:12:02.328, 82, 240, 405, 10.17, 0x0000000000000001
2026/10/02 08:12:02.452, 82, 240, 405, 11.51, 0x0000000000000001
2026/10/02 08:12:02.570, 82, 1890, 8001, 14.12, 0x0000000000000001
2026/10/02 08:12:02.690, 82, 1890, 8001, 15.42, 0x0000000000000001
2026/10/02 08:12:02.810, 82, 1890, 8001, 16.67, 0x0000000000000001
2026/10/02 08:12:02.933, 83, 1890, 8001, 17.82, 0x0000000000000001
2026/10/02 08:12:03.067, 83, 1890, 8001, 20.37, 0x0000000000000001
2026/10/02 08:12:03.192, 83, 1890, 8001, 21.10, 0x0000000000000001
2026/10/02 08:12:03.318, 83, 1890, 8001, 21.19, 0x0000000000000001
2026/10/02 08:12:03.436, 83, 1890, 8001, 21.11, 0x0000000000000001
2026/10/02 08:12:03.558, 83, 1890, 8001, 21.06, 0x0000000000000001
2026/10/02 08:12:03.678, 83, 1890, 8001, 21.07, 0x0000000000000001
2026/10/02 08:12:03.798, 83, 1890, 8001, 21.10, 0x0000000000000001
2026/10/02 08:12:03.920, 83, 1890, 8001, 21.17, 0x0000000000000001
2026/10/02 08:12:04.041, 83, 1890, 8001, 21.32, 0x0000000000000001
2026/10/02 08:12:04.164, 83, 1890, 8001, 21.33, 0x0000000000000001
2026/10/02 08:12:04.289, 83, 1890, 8001, 21.49, 0x0000000000000001
2026/10/02 08:12:04.413, 84, 1890, 8001, 21.45, 0x0000000000000001
2026/10/02 08:12:04.534, 84, 1890, 8001, 21.57, 0x0000000000000001
2026/10/02 08:12:04.657, 84, 1890, 8001, 21.58, 0x0000000000000001
2026/10/02 08:12:04.789, 84, 1890, 8001, 21.61, 0x0000000000000001
2026/10/02 08:12:04.913, 84, 1890, 8001, 21.53, 0x0000000000000001
2026/10/02 08:12:05.037, 84, 1890, 8001, 21.45, 0x0000000000000001
2026/10/02 08:12:05.162, 84, 1890, 8001, 21.61, 0x0000000000000001
2026/10/02 08:12:05.288, 84, 1890, 8001, 21.56, 0x0000000000000001
2026/10/02 08:12:05.409, 84, 1890, 8001, 21.48, 0x0000000000000001
2026/10/02 08:12:05.531, 84, 1890, 8001, 21.35, 0x0000000000000001
2026/10/02 08:12:05.661, 84, 1890, 8001, 19.90, 0x0000000000000001
2026/10/02 08:12:05.790, 84, 1890, 8001, 19.16, 0x0000000000000001
2026/10/02 08:12:05.910, 84, 1890, 8001, 18.48, 0x0000000000000001
2026/10/02 08:12:06.048, 84, 570, 810, 17.69, 0x0000000000000001
2026/10/02 08:12:06.183, 84, 570, 810, 15.71, 0x0000000000000001
2026/10/02 08:12:06.303, 84, 570, 810, 14.66, 0x0000000000000001
2026/10/02 08:12:06.431, 83, 570, 810, 13.57, 0x0000000000000001
2026/10/02 08:12:06.552, 83, 510, 810, 11.57, 0x0000000000000001
2026/10/02 08:12:06.688, 83, 510, 810, 11.01, 0x0000000000000001
2026/10/02 08:12:06.819, 83, 510, 810, 10.76, 0x0000000000000001
2026/10/02 08:12:06.947, 82, 510, 810, 10.31, 0x0000000000000001
2026/10/02 08:12:07.091, 82, 435, 810, 10.40, 0x0000000000000001
2026/10/02 08:12:07.242, 82, 435, 810, 10.65, 0x0000000000000001
2026/10/02 08:12:07.381, 82, 435, 810, 10.74, 0x0000000000000001
2026/10/02 08:12:07.502, 82, 570, 810, 10.80, 0x0000000000000001
2026/10/02 08:12:07.625, 82, 570, 810, 11.26, 0x0000000000000001
2026/10/02 08:12:07.752, 82, 570, 810, 12.84, 0x0000000000000001
2026/10/02 08:12:07.876, 82, 570, 810, 13.78, 0x0000000000000001
2026/10/02 08:12:08.004, 82, 1890, 6001, 14.70, 0x0000000000000001
2026/10/02 08:12:08.134, 82, 1890, 6001, 16.52, 0x0000000000000001
2026/10/02 08:12:08.254, 82, 1890, 6001, 17.43, 0x0000000000000001
2026/10/02 08:12:08.372, 83, 1890, 6001, 18.08, 0x0000000000000001
2026/10/02 08:12:08.491, 83, 1890, 7001, 18.84, 0x0000000000000001
2026/10/02 08:12:08.608, 83, 1890, 7001, 19.62, 0x0000000000000001
2026/10/02 08:12:08.732, 83, 1890, 7001, 20.15, 0x0000000000000001
2026/10/02 08:12:08.850, 83, 1890, 7001, 20.33, 0x0000000000000001
2026/10/02 08:12:08.968, 83, 1890, 7001, 20.26, 0x0000000000000001
2026/10/02 08:12:09.089, 83, 1890, 8001, 20.22, 0x0000000000000001
2026/10/02 08:12:09.209, 83, 1890, 8001, 20.18, 0x0000000000000001
2026/10/02 08:12:09.331, 84, 1890, 8001, 20.06, 0x0000000000000001
2026/10/02 08:12:09.456, 84, 1890, 8001, 20.36, 0x0000000000000001
2026/10/02 08:12:09.578, 84, 1890, 8001, 20.67, 0x0000000000000001
2026/10/02 08:12:09.696, 84, 1890, 8001, 20.84, 0x0000000000000001
2026/10/02 08:12:09.816, 84, 1890, 8001, 20.95, 0x0000000000000001
2026/10/02 08:12:09.938, 84, 1890, 8001, 20.90, 0x0000000000000001
2026/10/02 08:12:10.072, 84, 1890, 8001, 21.00, 0x0000000000000001
2026/10/02 08:12:10.193, 84, 1890, 8001, 21.06, 0x0000000000000001
2026/10/02 08:12:10.311, 84, 1890, 8001, 21.12, 0x0000000000000001
2026/10/02 08:12:10.435, 84, 1890, 8001, 21.15, 0x0000000000000001
2026/10/02 08:12:10.554, 84, 1890, 8001, 20.98, 0x0000000000000001
2026/10/02 08:12:10.677, 84, 1890, 8001, 20.93, 0x0000000000000001
2026/10/02 08:12:10.797, 84, 1890, 8001, 21.04, 0x0000000000000001
2026/10/02 08:12:10.916, 84, 1890, 8001, 21.33, 0x0000000000000001
2026/10/02 08:12:11.041, 84, 1890, 8001, 21.42, 0x0000000000000001
2026/10/02 08:12:11.167, 84, 1890, 8001, 21.54, 0x0000000000000001
2026/10/02 08:12:11.286, 84, 1890, 8001, 21.56, 0x0000000000000001
2026/10/02 08:12:11.406, 84, 1890, 8001, 21.59, 0x0000000000000001
2026/10/02 08:12:11.530, 84, 1890, 8001, 21.03, 0x0000000000000001
2026/10/02 08:12:11.653, 84, 1890, 8001, 20.14, 0x0000000000000001
2026/10/02 08:12:11.780, 84, 1890, 8001, 19.10, 0x0000000000000001
2026/10/02 08:12:11.903, 84, 1890, 8001, 18.03, 0x0000000000000001
2026/10/02 08:12:12.032, 84, 585, 6001, 16.41, 0x0000000000000001
2026/10/02 08:12:12.157, 84, 585, 6001, 15.59, 0x0000000000000001
2026/10/02 08:12:12.281, 83, 585, 6001, 14.72, 0x0000000000000001
2026/10/02 08:12:12.401, 83, 585, 6001, 13.15, 0x0000000000000001
2026/10/02 08:12:12.533, 83, 495, 6001, 12.36, 0x0000000000000001
2026/10/02 08:12:12.664, 83, 495, 6001, 12.20, 0x0000000000000001
2026/10/02 08:12:12.784, 82, 495, 6001, 12.43, 0x0000000000000001
2026/10/02 08:12:12.904, 82, 495, 6001, 12.84, 0x0000000000000001
2026/10/02 08:12:13.031, 82, 375, 6001, 12.82, 0x0000000000000001
2026/10/02 08:12:13.166, 82, 375, 6001, 12.60, 0x0000000000000001
2026/10/02 08:12:13.297, 82, 375, 6001, 12.10, 0x0000000000000001
2026/10/02 08:12:13.427, 82, 375, 6001, 11.84, 0x0000000000000001
2026/10/02 08:12:13.552, 82, 300, 810, 11.59, 0x0000000000000001
2026/10/02 08:12:13.677, 82, 300, 810, 11.34, 0x0000000000000001
2026/10/02 08:12:13.799, 82, 300, 810, 10.83, 0x0000000000000001
2026/10/02 08:12:13.930, 82, 300, 810, 10.36, 0x0000000000000001
2026/10/02 08:12:14.067, 82, 255, 810, 10.33, 0x0000000000000001
2026/10/02 08:12:14.189, 82, 255, 810, 10.03, 0x0000000000000001
2026/10/02 08:12:14.313, 82, 255, 810, 10.02, 0x0000000000000001
2026/10/02 08:12:14.433, 82, 210, 810, 10.01, 0x0000000000000001
2026/10/02 08:12:14.567, 82, 210, 810, 10.01, 0x0000000000000001
2026/10/02 08:12:14.690, 82, 210, 810, 10.00, 0x0000000000000001
2026/10/02 08:12:14.817, 82, 210, 810, 9.98, 0x0000000000000001
2026/10/02 08:12:14.940, 82, 210, 810, 9.95, 0x0000000000000001
2026/10/02 08:12:15.062, 82, 210, 810, 9.93, 0x0000000000000001
2026/10/02 08:12:15.182, 82, 210, 810, 9.92, 0x0000000000000001
2026/10/02 08:12:15.311, 82, 210, 810, 9.90, 0x0000000000000001
2026/10/02 08:12:15.434, 82, 210, 810, 9.91, 0x0000000000000001
2026/10/02 08:12:15.561, 82, 210, 810, 9.91, 0x0000000000000001
2026/10/02 08:12:15.683, 82, 210, 810, 9.91, 0x0000000000000001
2026/10/02 08:12:15.806, 82, 210, 810, 9.91, 0x0000000000000001
2026/10/02 08:12:15.933, 82, 210, 810, 9.92, 0x0000000000000001
2026/10/02 08:12:16.055, 82, 210, 810, 9.95, 0x0000000000000001
2026/10/02 08:12:16.192, 82, 210, 810, 9.47, 0x0000000000000001
2026/10/02 08:12:16.328, 82, 210, 810, 9.21, 0x0000000000000001
2026/10/02 08:12:16.454, 82, 210, 405, 9.01, 0x0000000000000001
2026/10/02 08:12:16.579, 82, 210, 405, 8.56, 0x0000000000000001
2026/10/02 08:12:16.713, 82, 210, 405, 8.30, 0x0000000000000001
2026/10/02 08:12:16.847, 82, 210, 405, 8.05, 0x0000000000000001
2026/10/02 08:12:16.983, 82, 210, 405, 7.56, 0x0000000000000001
2026/10/02 08:12:17.108, 82, 210, 405, 7.32, 0x0000000000000001
2026/10/02 08:12:17.239, 82, 210, 405, 7.32, 0x0000000000000001
2026/10/02 08:12:17.366, 82, 210, 405, 7.38, 0x0000000000000001
2026/10/02 08:12:17.493, 82, 210, 405, 7.37, 0x0000000000000001
2026/10/02 08:12:17.633, 82, 210, 405, 7.36, 0x0000000000000001
2026/10/02 08:12:17.767, 82, 210, 405, 7.37, 0x0000000000000001
2026/10/02 08:12:17.894, 82, 210, 405, 7.37, 0x0000000000000001
2026/10/02 08:12:18.023, 82, 210, 405, 7.36, 0x0000000000000001
2026/10/02 08:12:18.163, 82, 210, 405, 7.35, 0x0000000000000001
2026/10/02 08:12:18.293, 82, 210, 405, 7.33, 0x0000000000000001
2026/10/02 08:12:18.419, 82, 210, 405, 7.31, 0x0000000000000001
2026/10/02 08:12:18.554, 82, 210, 405, 7.32, 0x0000000000000001
2026/10/02 08:12:18.680, 82, 210, 405, 7.31, 0x0000000000000001
2026/10/02 08:12:18.814, 82, 210, 405, 7.32, 0x0000000000000001
2026/10/02 08:12:18.937, 82, 210, 405, 7.30, 0x0000000000000001
2026/10/02 08:12:19.072, 82, 210, 405, 7.30, 0x0000000000000001
2026/10/02 08:12:19.210, 82, 210, 405, 7.32, 0x0000000000000001
2026/10/02 08:12:19.347, 82, 210, 405, 7.31, 0x0000000000000001
2026/10/02 08:12:19.479, 82, 210, 405, 7.28, 0x0000000000000001
2026/10/02 08:12:19.629, 82, 210, 405, 7.29, 0x0000000000000001
2026/10/02 08:12:19.775, 82, 210, 405, 7.30, 0x0000000000000001
2026/10/02 08:12:19.911, 82, 210, 405, 7.32, 0x0000000000000001
2026/10/02 08:12:20.042, 82, 210, 405, 7.32, 0x0000000000000001
2026/10/02 08:12:20.173, 82, 210, 405, 7.32, 0x0000000000000001
2026/10/02 08:12:20.301, 82, 210, 405, 7.36, 0x0000000000000001
2026/10/02 08:12:20.433, 82, 210, 405, 7.39, 0x0000000000000001
2026/10/02 08:12:20.565, 82, 210, 405, 7.41, 0x0000000000000001
2026/10/02 08:12:20.700, 82, 210, 405, 7.39, 0x0000000000000001
2026/10/02 08:12:20.843, 82, 210, 405, 7.39, 0x0000000000000001
2026/10/02 08:12:20.975, 82, 210, 405, 7.38, 0x0000000000000001
2026/10/02 08:12:21.105, 82, 210, 405, 7.38, 0x0000000000000001
2026/10/02 08:12:21.234, 82, 210, 405, 7.35, 0x0000000000000001
2026/10/02 08:12:21.360, 82, 210, 405, 7.34, 0x0000000000000001
2026/10/02 08:12:21.489, 82, 210, 405, 7.34, 0x0000000000000001
2026/10/02 08:12:21.621, 82, 210, 405, 7.34, 0x0000000000000001
2026/10/02 08:12:21.769, 82, 210, 405, 7.34, 0x0000000000000001
2026/10/02 08:12:21.898, 82, 210, 405, 7.34, 0x0000000000000001
2026/10/02 08:12:22.031, 82, 210, 405, 7.34, 0x0000000000000001
2026/10/02 08:12:22.160, 82, 210, 405, 7.38, 0x0000000000000001
2026/10/02 08:12:22.306, 82, 210, 405, 7.38, 0x0000000000000001
2026/10/02 08:12:22.434, 82, 210, 405, 7.37, 0x0000000000000001
2026/10/02 08:12:22.570, 82, 210, 405, 7.38, 0x0000000000000001
2026/10/02 08:12:22.699, 82, 210, 405, 7.35, 0x0000000000000001
2026/10/02 08:12:22.841, 82, 210, 405, 7.35, 0x0000000000000001
2026/10/02 08:12:22.972, 82, 210, 405, 7.35, 0x0000000000000001
2026/10/02 08:12:23.108, 82, 210, 405, 7.31, 0x0000000000000001
2026/10/02 08:12:23.236, 82, 210, 405, 7.30, 0x0000000000000001
2026/10/02 08:12:23.375, 82, 210, 405, 7.29, 0x0000000000000001
2026/10/02 08:12:23.504, 82, 210, 405, 7.32, 0x0000000000000001
2026/10/02 08:12:23.635, 82, 210, 405, 7.33, 0x0000000000000001
2026/10/02 08:12:23.764, 82, 210, 405, 7.37, 0x0000000000000001
2026/10/02 08:12:23.894, 82, 210, 405, 7.37, 0x0000000000000001
2026/10/02 08:12:24.020, 82, 210, 405, 7.34, 0x0000000000000001
2026/10/02 08:12:24.147, 82, 210, 405, 7.34, 0x0000000000000001
2026/10/02 08:12:24.278, 82, 210, 405, 7.35, 0x0000000000000001
2026/10/02 08:12:24.406, 82, 210, 405, 7.35, 0x0000000000000001
2026/10/02 08:12:24.543, 82, 210, 405, 7.37, 0x0000000000000001
2026/10/02 08:12:24.696, 82, 210, 405, 7.37, 0x0000000000000001
2026/10/02 08:12:24.822, 82, 210, 405, 7.34, 0x0000000000000001
2026/10/02 08:12:24.947, 82, 210, 405, 7.32, 0x0000000000000001
2026/10/02 08:12:25.082, 82, 210, 405, 7.36, 0x0000000000000001
2026/10/02 08:12:25.234, 82, 210, 405, 7.37, 0x0000000000000001
2026/10/02 08:12:25.374, 82, 210, 405, 7.37, 0x0000000000000001
2026/10/02 08:12:25.513, 82, 210, 405, 7.38, 0x0000000000000001
2026/10/02 08:12:25.645, 82, 210, 405, 7.38, 0x0000000000000001
2026/10/02 08:12:25.772, 82, 210, 405, 7.38, 0x0000000000000001
2026/10/02 08:12:25.901, 82, 210, 405, 7.37, 0x0000000000000001
2026/10/02 08:12:26.038, 82, 210, 405, 7.38, 0x0000000000000001
2026/10/02 08:12:26.167, 82, 210, 405, 7.38, 0x0000000000000001
2026/10/02 08:12:26.295, 82, 210, 405, 7.36, 0x0000000000000001
2026/10/02 08:12:26.428, 82, 210, 405, 7.37, 0x0000000000000001
2026/10/02 08:12:26.575, 82, 210, 405, 7.37, 0x0000000000000001
2026/10/02 08:12:26.703, 82, 210, 405, 7.36, 0x0000000000000001
2026/10/02 08:12:26.829, 82, 210, 405, 7.39, 0x0000000000000001
2026/10/02 08:12:26.967, 82, 210, 405, 7.40, 0x0000000000000001
2026/10/02 08:12:27.105, 82, 210, 405, 7.41, 0x0000000000000001
2026/10/02 08:12:27.265, 82, 210, 405, 7.46, 0x0000000000000001
2026/10/02 08:12:27.397, 82, 210, 405, 7.53, 0x0000000000000001
2026/10/02 08:12:27.530, 82, 210, 405, 7.51, 0x0000000000000001
2026/10/02 08:12:27.663, 82, 225, 405, 7.50, 0x0000000000000001
2026/10/02 08:12:27.811, 82, 225, 405, 7.49, 0x0000000000000001
2026/10/02 08:12:27.948, 82, 225, 405, 7.48, 0x0000000000000001
2026/10/02 08:12:28.094, 82, 225, 405, 7.45, 0x0000000000000001
2026/10/02 08:12:28.226, 82, 225, 405, 7.40, 0x0000000000000001
2026/10/02 08:12:28.353, 82, 225, 405, 7.38, 0x0000000000000001
2026/10/02 08:12:28.505, 81, 225, 405, 7.81, 0x0000000000000001
2026/10/02 08:12:28.624, 81, 1890, 8001, 9.14, 0x0000000000000001
2026/10/02 08:12:28.745, 81, 1890, 8001, 10.41, 0x0000000000000001
2026/10/02 08:12:28.865, 81, 1890, 8001, 11.78, 0x0000000000000001
2026/10/02 08:12:28.987, 82, 1890, 8001, 14.18, 0x0000000000000001
2026/10/02 08:12:29.105, 82, 1890, 8001, 15.37, 0x0000000000000001
2026/10/02 08:12:29.226, 82, 1890, 8001, 16.62, 0x0000000000000001
2026/10/02 08:12:29.345, 82, 1890, 8001, 17.84, 0x0000000000000001
2026/10/02 08:12:29.472, 83, 1890, 8001, 19.08, 0x0000000000000001
2026/10/02 08:12:29.600, 83, 1890, 8001, 21.06, 0x0000000000000001
2026/10/02 08:12:29.724, 83, 1890, 8001, 20.94, 0x0000000000000001
2026/10/02 08:12:29.843, 83, 1890, 8001, 20.91, 0x0000000000000001
2026/10/02 08:12:29.963, 83, 1890, 8001, 20.80, 0x0000000000000001
2026/10/02 08:12:30.080, 83, 1890, 8001, 20.79, 0x0000000000000001
2026/10/02 08:12:30.199, 83, 1890, 8001, 20.86, 0x0000000000000001
2026/10/02 08:12:30.319, 83, 1890, 8001, 20.88, 0x0000000000000001
2026/10/02 08:12:30.450, 83, 1890, 8001, 20.89, 0x0000000000000001
2026/10/02 08:12:30.571, 83, 1890, 8001, 20.90, 0x0000000000000001
2026/10/02 08:12:30.689, 83, 1890, 8001, 20.88, 0x0000000000000001
2026/10/02 08:12:30.813, 83, 1890, 8001, 20.86, 0x0000000000000001
2026/10/02 08:12:30.933, 83, 1890, 8001, 20.86, 0x0000000000000001
2026/10/02 08:12:31.057, 83, 1890, 8001, 20.85, 0x0000000000000001
2026/10/02 08:12:31.180, 83, 1890, 8001, 20.86, 0x0000000000000001
2026/10/02 08:12:31.301, 83, 1890, 8001, 20.87, 0x0000000000000001
2026/10/02 08:12:31.421, 83, 1890, 8001, 20.86, 0x0000000000000001
2026/10/02 08:12:31.544, 83, 1890, 8001, 20.88, 0x0000000000000001
2026/10/02 08:12:31.666, 83, 450, 6001, 20.45, 0x0000000000000001
2026/10/02 08:12:31.795, 83, 450, 6001, 19.02, 0x0000000000000001
2026/10/02 08:12:31.922, 83, 450, 6001, 18.32, 0x0000000000000001
2026/10/02 08:12:32.051, 83, 450, 6001, 17.61, 0x0000000000000001
2026/10/02 08:12:32.178, 83, 390, 6001, 16.90, 0x0000000000000001
2026/10/02 08:12:32.301, 83, 390, 6001, 15.39, 0x0000000000000001
2026/10/02 08:12:32.424, 82, 390, 6001, 14.44, 0x0000000000000001
2026/10/02 08:12:32.560, 82, 390, 6001, 13.45, 0x0000000000000001
2026/10/02 08:12:32.689, 82, 300, 810, 11.86, 0x0000000000000001
2026/10/02 08:12:32.823, 82, 300, 810, 11.61, 0x0000000000000001
2026/10/02 08:12:32.948, 82, 300, 810, 11.36, 0x0000000000000001
2026/10/02 08:12:33.069, 82, 300, 810, 11.10, 0x0000000000000001
2026/10/02 08:12:33.198, 82, 255, 810, 10.56, 0x0000000000000001
2026/10/02 08:12:33.319, 82, 255, 810, 10.29, 0x0000000000000001
2026/10/02 08:12:33.448, 82, 255, 810, 10.06, 0x0000000000000001
2026/10/02 08:12:33.577, 82, 255, 810, 10.08, 0x0000000000000001
2026/10/02 08:12:33.709, 82, 225, 810, 10.20, 0x0000000000000001
2026/10/02 08:12:33.849, 82, 225, 810, 10.24, 0x0000000000000001
2026/10/02 08:12:33.988, 82, 225, 810, 10.29, 0x0000000000000001
2026/10/02 08:12:34.114, 82, 225, 810, 10.26, 0x0000000000000001
2026/10/02 08:12:34.240, 82, 225, 810, 10.27, 0x0000000000000001
2026/10/02 08:12:34.365, 82, 225, 810, 10.33, 0x0000000000000001
2026/10/02 08:12:34.489, 82, 225, 810, 10.35, 0x0000000000000001
2026/10/02 08:12:34.614, 82, 210, 810, 10.27, 0x0000000000000001
2026/10/02 08:12:34.741, 82, 210, 810, 10.17, 0x0000000000000001
2026/10/02 08:12:34.871, 82, 210, 810, 10.10, 0x0000000000000001
2026/10/02 08:12:35.009, 82, 210, 810, 9.97, 0x0000000000000001
2026/10/02 08:12:35.138, 82, 210, 810, 9.97, 0x0000000000000001
2026/10/02 08:12:35.261, 82, 210, 810, 9.98, 0x0000000000000001
2026/10/02 08:12:35.386, 82, 210, 810, 9.93, 0x0000000000000001
2026/10/02 08:12:35.509, 82, 210, 810, 9.86, 0x0000000000000001
2026/10/02 08:12:35.633, 82, 210, 810, 9.85, 0x0000000000000001
2026/10/02 08:12:35.766, 82, 210, 810, 9.88, 0x0000000000000001
2026/10/02 08:12:35.892, 82, 210, 810, 9.88, 0x0000000000000001
2026/10/02 08:12:36.019, 82, 210, 810, 9.63, 0x0000000000000001
2026/10/02 08:12:36.145, 82, 210, 405, 9.42, 0x0000000000000001
2026/10/02 08:12:36.283, 82, 210, 405, 8.96, 0x0000000000000001
2026/10/02 08:12:36.413, 82, 210, 405, 8.74, 0x0000000000000001
2026/10/02 08:12:36.539, 82, 210, 405, 8.50, 0x0000000000000001
2026/10/02 08:12:36.674, 82, 210, 405, 8.03, 0x0000000000000001
2026/10/02 08:12:36.800, 82, 210, 405, 7.79, 0x0000000000000001
2026/10/02 08:12:36.926, 82, 210, 405, 7.33, 0x0000000000000001
2026/10/02 08:12:37.052, 82, 210, 405, 7.33, 0x0000000000000001
2026/10/02 08:12:37.181, 82, 210, 405, 7.32, 0x0000000000000001
2026/10/02 08:12:37.328, 82, 210, 405, 7.33, 0x0000000000000001
2026/10/02 08:12:37.457, 82, 210, 405, 7.32, 0x0000000000000001
2026/10/02 08:12:37.582, 82, 210, 405, 7.35, 0x0000000000000001
2026/10/02 08:12:37.706, 82, 210, 405, 7.32, 0x0000000000000001
2026/10/02 08:12:37.833, 82, 210, 405, 7.34, 0x0000000000000001
2026/10/02 08:12:37.969, 82, 210, 405, 7.38, 0x0000000000000001
2026/10/02 08:12:38.092, 82, 210, 405, 7.39, 0x0000000000000001
2026/10/02 08:12:38.230, 82, 210, 405, 7.39, 0x0000000000000001
2026/10/02 08:12:38.356, 82, 210, 405, 7.39, 0x0000000000000001
2026/10/02 08:12:38.487, 82, 210, 405, 7.36, 0x0000000000000001
2026/10/02 08:12:38.642, 82, 210, 405, 7.36, 0x0000000000000001
2026/10/02 08:12:38.769, 82, 210, 405, 7.36, 0x0000000000000001
2026/10/02 08:12:38.894, 82, 210, 405, 7.34, 0x0000000000000001
2026/10/02 08:12:39.034, 82, 210, 405, 7.32, 0x0000000000000001
2026/10/02 08:12:39.161, 81, 210, 405, 7.29, 0x0000000000000001
2026/10/02 08:12:39.314, 81, 210, 405, 7.26, 0x0000000000000001
2026/10/02 08:12:39.453, 81, 210, 405, 7.28, 0x0000000000000001
2026/10/02 08:12:39.582, 81, 210, 405, 7.30, 0x0000000000000001
2026/10/02 08:12:39.708, 81, 210, 405, 7.28, 0x0000000000000001
2026/10/02 08:12:39.836, 81, 210, 405, 7.28, 0x0000000000000001
2026/10/02 08:12:39.970, 81, 210, 405, 7.29, 0x0000000000000001
2026/10/02 08:12:40.100, 81, 210, 405, 7.29, 0x0000000000000001
2026/10/02 08:12:40.229, 81, 210, 405, 7.31, 0x0000000000000001
2026/10/02 08:12:40.356, 81, 210, 405, 7.30, 0x0000000000000001
2026/10/02 08:12:40.484, 81, 210, 405, 7.29, 0x0000000000000001
2026/10/02 08:12:40.614, 81, 210, 405, 7.31, 0x0000000000000001
2026/10/02 08:12:40.742, 81, 210, 405, 7.30, 0x0000000000000001
2026/10/02 08:12:40.887, 81, 210, 405, 7.31, 0x0000000000000001
2026/10/02 08:12:41.020, 81, 210, 405, 7.31, 0x0000000000000001
2026/10/02 08:12:41.169, 81, 210, 405, 7.31, 0x0000000000000001
2026/10/02 08:12:41.298, 81, 210, 405, 7.30, 0x0000000000000001
2026/10/02 08:12:41.441, 81, 210, 405, 7.33, 0x0000000000000001
2026/10/02 08:12:41.584, 81, 210, 405, 7.35, 0x0000000000000001
2026/10/02 08:12:41.712, 81, 210, 405, 7.34, 0x0000000000000001
2026/10/02 08:12:41.838, 81, 210, 405, 7.28, 0x0000000000000001
2026/10/02 08:12:41.967, 81, 210, 405, 7.30, 0x0000000000000001
2026/10/02 08:12:42.093, 81, 210, 405, 7.30, 0x0000000000000001
2026/10/02 08:12:42.218, 81, 210, 405, 7.28, 0x0000000000000001
2026/10/02 08:12:42.345, 81, 210, 405, 7.30, 0x0000000000000001
2026/10/02 08:12:42.473, 81, 210, 405, 7.28, 0x0000000000000001
2026/10/02 08:12:42.623, 81, 210, 405, 7.30, 0x0000000000000001
2026/10/02 08:12:42.756, 81, 210, 405, 7.26, 0x0000000000000001
2026/10/02 08:12:42.885, 81, 210, 405, 7.26, 0x0000000000000001
2026/10/02 08:12:43.019, 81, 210, 405, 7.25, 0x0000000000000001
2026/10/02 08:12:43.155, 81, 210, 405, 7.27, 0x0000000000000001
2026/10/02 08:12:43.280, 81, 210, 405, 7.28, 0x0000000000000001
2026/10/02 08:12:43.409, 81, 210, 405, 7.27, 0x0000000000000001
2026/10/02 08:12:43.533, 81, 210, 405, 7.33, 0x0000000000000001
2026/10/02 08:12:43.661, 81, 210, 405, 7.30, 0x0000000000000001
2026/10/02 08:12:43.785, 81, 210, 405, 7.34, 0x0000000000000001
2026/10/02 08:12:43.916, 81, 210, 405, 7.33, 0x0000000000000001
2026/10/02 08:12:44.044, 81, 210, 405, 7.35, 0x0000000000000001
2026/10/02 08:12:44.176, 81, 210, 405, 7.34, 0x0000000000000001
2026/10/02 08:12:44.301, 81, 210, 405, 7.35, 0x0000000000000001
2026/10/02 08:12:44.431, 81, 210, 405, 7.34, 0x0000000000000001
2026/10/02 08:12:44.570, 81, 210, 405, 7.33, 0x0000000000000001
2026/10/02 08:12:44.698, 81, 210, 405, 7.34, 0x0000000000000001
2026/10/02 08:12:44.822, 81, 210, 405, 7.30, 0x0000000000000001
2026/10/02 08:12:44.949, 81, 210, 405, 7.30, 0x0000000000000001
2026/10/02 08:12:45.074, 81, 210, 405, 7.29, 0x0000000000000001
2026/10/02 08:12:45.199, 81, 210, 405, 7.32, 0x0000000000000001
2026/10/02 08:12:45.333, 81, 210, 405, 7.27, 0x0000000000000001
2026/10/02 08:12:45.457, 81, 210, 405, 7.26, 0x0000000000000001
2026/10/02 08:12:45.591, 81, 210, 405, 7.27, 0x0000000000000001
2026/10/02 08:12:45.733, 81, 210, 405, 7.26, 0x0000000000000001
2026/10/02 08:12:45.859, 81, 210, 405, 7.27, 0x0000000000000001
2026/10/02 08:12:45.987, 81, 210, 405, 7.30, 0x0000000000000001
2026/10/02 08:12:46.112, 81, 210, 405, 7.32, 0x0000000000000001
2026/10/02 08:12:46.245, 81, 210, 405, 7.29, 0x0000000000000001
2026/10/02 08:12:46.373, 81, 210, 405, 7.27, 0x0000000000000001
2026/10/02 08:12:46.499, 81, 210, 405, 7.31, 0x0000000000000001
2026/10/02 08:12:46.643, 81, 210, 405, 7.32, 0x0000000000000001
2026/10/02 08:12:46.770, 81, 210, 405, 7.32, 0x0000000000000001
2026/10/02 08:12:46.907, 81, 210, 405, 7.30, 0x0000000000000001
2026/10/02 08:12:47.043, 81, 210, 405, 7.30, 0x0000000000000001
2026/10/02 08:12:47.173, 81, 210, 405, 7.31, 0x0000000000000001
2026/10/02 08:12:47.301, 81, 210, 405, 7.34, 0x0000000000000001
2026/10/02 08:12:47.435, 81, 210, 405, 7.37, 0x0000000000000001
2026/10/02 08:12:47.585, 81, 210, 405, 7.40, 0x0000000000000001
2026/10/02 08:12:47.742, 81, 210, 405, 7.41, 0x0000000000000001
2026/10/02 08:12:47.873, 81, 210, 405, 7.43, 0x0000000000000001
2026/10/02 08:12:48.024, 81, 210, 405, 7.45, 0x0000000000000001
2026/10/02 08:12:48.171, 81, 210, 405, 7.45, 0x0000000000000001
2026/10/02 08:12:48.298, 81, 210, 405, 7.43, 0x0000000000000001
2026/10/02 08:12:48.430, 81, 210, 405, 7.43, 0x0000000000000001
2026/10/02 08:12:48.564, 81, 210, 405, 7.44, 0x0000000000000001
2026/10/02 08:12:48.690, 81, 210, 405, 7.42, 0x0000000000000001
2026/10/02 08:12:48.814, 81, 210, 405, 7.41, 0x0000000000000001
2026/10/02 08:12:48.947, 81, 210, 405, 7.41, 0x0000000000000001
2026/10/02 08:12:49.071, 81, 210, 405, 7.41, 0x0000000000000001
2026/10/02 08:12:49.199, 81, 210, 405, 7.42, 0x0000000000000001
2026/10/02 08:12:49.326, 81, 210, 405, 7.42, 0x0000000000000001
2026/10/02 08:12:49.459, 81, 210, 405, 7.43, 0x0000000000000001
2026/10/02 08:12:49.608, 81, 210, 405, 7.44, 0x0000000000000001
2026/10/02 08:12:49.746, 81, 210, 405, 7.43, 0x0000000000000001
2026/10/02 08:12:49.870, 81, 210, 405, 7.43, 0x0000000000000001
2026/10/02 08:12:49.996, 81, 210, 405, 7.41, 0x0000000000000001
2026/10/02 08:12:50.139, 81, 210, 405, 7.42, 0x0000000000000001
2026/10/02 08:12:50.273, 81, 210, 405, 7.42, 0x0000000000000001
2026/10/02 08:12:50.398, 81, 210, 405, 7.41, 0x0000000000000001
2026/10/02 08:12:50.523, 81, 210, 405, 7.41, 0x0000000000000001
2026/10/02 08:12:50.653, 81, 210, 405, 7.41, 0x0000000000000001
2026/10/02 08:12:50.778, 81, 210, 405, 7.42, 0x0000000000000001
2026/10/02 08:12:50.905, 81, 210, 405, 7.43, 0x0000000000000001
2026/10/02 08:12:51.051, 81, 210, 405, 7.44, 0x0000000000000001
2026/10/02 08:12:51.183, 81, 210, 405, 7.43, 0x0000000000000001
2026/10/02 08:12:51.315, 81, 210, 405, 7.43, 0x0000000000000001
2026/10/02 08:12:51.460, 81, 210, 405, 7.43, 0x0000000000000001
2026/10/02 08:12:51.616, 81, 210, 405, 7.43, 0x0000000000000001
2026/10/02 08:12:51.752, 81, 210, 405, 7.41, 0x0000000000000001
2026/10/02 08:12:51.891, 81, 210, 405, 7.42, 0x0000000000000001
2026/10/02 08:12:52.022, 81, 210, 405, 7.41, 0x0000000000000001
2026/10/02 08:12:52.149, 81, 210, 405, 7.41, 0x0000000000000001
2026/10/02 08:12:52.276, 81, 210, 405, 7.40, 0x0000000000000001
2026/10/02 08:12:52.403, 81, 210, 405, 7.40, 0x0000000000000001
2026/10/02 08:12:52.531, 81, 210, 405, 7.41, 0x0000000000000001
2026/10/02 08:12:52.662, 81, 210, 405, 7.38, 0x0000000000000001
2026/10/02 08:12:52.790, 81, 210, 405, 7.37, 0x0000000000000001
2026/10/02 08:12:52.920, 81, 210, 405, 7.37, 0x0000000000000001
2026/10/02 08:12:53.057, 81, 210, 405, 7.37, 0x0000000000000001
2026/10/02 08:12:53.190, 81, 210, 405, 7.37, 0x0000000000000001
2026/10/02 08:12:53.322, 81, 210, 405, 7.36, 0x0000000000000001
2026/10/02 08:12:53.457, 81, 210, 405, 7.35, 0x0000000000000001
2026/10/02 08:12:53.594, 81, 210, 405, 7.39, 0x0000000000000001
2026/10/02 08:12:53.726, 81, 210, 405, 7.41, 0x0000000000000001
2026/10/02 08:12:53.853, 81, 210, 405, 7.42, 0x0000000000000001
2026/10/02 08:12:53.980, 81, 210, 405, 7.42, 0x0000000000000001
2026/10/02 08:12:54.121, 81, 210, 405, 7.39, 0x0000000000000001
2026/10/02 08:12:54.270, 81, 210, 405, 7.62, 0x0000000000000001
2026/10/02 08:12:54.398, 81, 210, 405, 8.72, 0x0000000000000001
2026/10/02 08:12:54.519, 81, 210, 405, 10.02, 0x0000000000000001
2026/10/02 08:12:54.647, 81, 1890, 8001, 12.60, 0x0000000000000001
2026/10/02 08:12:54.775, 81, 1890, 8001, 13.83, 0x0000000000000001
2026/10/02 08:12:54.899, 81, 1890, 8001, 15.02, 0x0000000000000001
2026/10/02 08:12:55.026, 82, 1890, 8001, 16.23, 0x0000000000000001
2026/10/02 08:12:55.156, 82, 1890, 8001, 18.65, 0x0000000000000001
2026/10/02 08:12:55.276, 82, 1890, 8001, 19.88, 0x0000000000000001
2026/10/02 08:12:55.395, 82, 1890, 8001, 21.05, 0x0000000000000001
2026/10/02 08:12:55.523, 83, 1890, 8001, 20.96, 0x0000000000000001
2026/10/02 08:12:55.643, 83, 1890, 8001, 20.79, 0x0000000000000001
2026/10/02 08:12:55.769, 83, 1890, 8001, 20.71, 0x0000000000000001
2026/10/02 08:12:55.893, 83, 1890, 8001, 20.69, 0x0000000000000001
2026/10/02 08:12:56.021, 83, 1890, 8001, 20.75, 0x0000000000000001
2026/10/02 08:12:56.142, 83, 1890, 8001, 20.78, 0x0000000000000001
2026/10/02 08:12:56.265, 83, 1890, 8001, 20.79, 0x0000000000000001
2026/10/02 08:12:56.383, 83, 1890, 8001, 20.89, 0x0000000000000001
2026/10/02 08:12:56.503, 83, 1890, 8001, 20.90, 0x0000000000000001
2026/10/02 08:12:56.627, 83, 1890, 8001, 20.92, 0x0000000000000001
2026/10/02 08:12:56.754, 83, 1890, 8001, 20.95, 0x0000000000000001
2026/10/02 08:12:56.874, 83, 1890, 8001, 20.95, 0x0000000000000001
2026/10/02 08:12:56.995, 83, 1890, 8001, 20.91, 0x0000000000000001
2026/10/02 08:12:57.114, 83, 1890, 8001, 20.88, 0x0000000000000001
2026/10/02 08:12:57.232, 83, 1890, 8001, 20.85, 0x0000000000000001
2026/10/02 08:12:57.354, 83, 1890, 8001, 20.83, 0x0000000000000001
2026/10/02 08:12:57.474, 83, 1890, 8001, 20.70, 0x0000000000000001
2026/10/02 08:12:57.595, 83, 1890, 8001, 20.73, 0x0000000000000001
2026/10/02 08:12:57.719, 83, 510, 6001, 20.11, 0x0000000000000001
2026/10/02 08:12:57.842, 83, 510, 6001, 19.40, 0x0000000000000001
2026/10/02 08:12:57.970, 82, 510, 6001, 17.99, 0x0000000000000001
2026/10/02 08:12:58.097, 82, 510, 6001, 17.33, 0x0000000000000001
2026/10/02 08:12:58.222, 82, 450, 810, 16.44, 0x0000000000000001
2026/10/02 08:12:58.355, 82, 450, 810, 15.49, 0x0000000000000001
2026/10/02 08:12:58.483, 82, 450, 810, 13.61, 0x0000000000000001
2026/10/02 08:12:58.604, 82, 450, 810, 12.67, 0x0000000000000001
2026/10/02 08:12:58.728, 82, 375, 810, 11.45, 0x0000000000000001
2026/10/02 08:12:58.860, 82, 375, 810, 11.32, 0x0000000000000001
2026/10/02 08:12:58.990, 82, 375, 810, 10.53, 0x0000000000000001
2026/10/02 08:12:59.112, 82, 375, 810, 10.48, 0x0000000000000001
2026/10/02 08:12:59.249, 82, 300, 810, 10.19, 0x0000000000000001
2026/10/02 08:12:59.371, 82, 300, 810, 10.07, 0x0000000000000001
2026/10/02 08:12:59.493, 81, 300, 810, 10.02, 0x0000000000000001
2026/10/02 08:12:59.623, 81, 300, 810, 10.01, 0x0000000000000001
2026/10/02 08:12:59.744, 81, 255, 810, 9.97, 0x0000000000000001
2026/10/02 08:12:59.865, 81, 255, 810, 9.97, 0x0000000000000001
2026/10/02 08:12:59.995, 81, 255, 810, 9.96, 0x0000000000000001
2026/10/02 08:13:00.118, 81, 255, 810, 9.95, 0x0000000000000001
2026/10/02 08:13:00.245, 81, 210, 810, 9.95, 0x0000000000000001
2026/10/02 08:13:00.367, 81, 210, 810, 9.94, 0x0000000000000001
2026/10/02 08:13:00.495, 81, 210, 810, 9.94, 0x0000000000000001
2026/10/02 08:13:00.616, 81, 210, 810, 9.94, 0x0000000000000001
2026/10/02 08:13:00.739, 81, 210, 810, 9.93, 0x0000000000000001
2026/10/02 08:13:00.860, 81, 210, 810, 9.92, 0x0000000000000001
2026/10/02 08:13:00.981, 81, 210, 810, 9.90, 0x0000000000000001
2026/10/02 08:13:01.109, 81, 210, 810, 9.90, 0x0000000000000001
2026/10/02 08:13:01.236, 81, 210, 810, 9.90, 0x0000000000000001
2026/10/02 08:13:01.364, 81, 210, 810, 9.89, 0x0000000000000001
2026/10/02 08:13:01.485, 81, 210, 810, 9.93, 0x0000000000000001
2026/10/02 08:13:01.614, 81, 210, 810, 10.00, 0x0000000000000001
2026/10/02 08:13:01.740, 81, 210, 810, 10.02, 0x0000000000000001
2026/10/02 08:13:01.873, 81, 210, 810, 10.13, 0x0000000000000001
2026/10/02 08:13:02.003, 81, 210, 810, 10.15, 0x0000000000000001
2026/10/02 08:13:02.133, 81, 210, 810, 10.16, 0x0000000000000001
2026/10/02 08:13:02.254, 81, 210, 810, 10.18, 0x0000000000000001
2026/10/02 08:13:02.377, 81, 210, 810, 9.91, 0x0000000000000001
2026/10/02 08:13:02.503, 81, 210, 810, 9.58, 0x0000000000000001
2026/10/02 08:13:02.628, 81, 210, 810, 9.40, 0x0000000000000001
2026/10/02 08:13:02.757, 81, 210, 405, 9.11, 0x0000000000000001
2026/10/02 08:13:02.905, 81, 210, 405, 8.58, 0x0000000000000001
2026/10/02 08:13:03.031, 81, 210, 405, 8.29, 0x0000000000000001
2026/10/02 08:13:03.163, 81, 210, 405, 8.02, 0x0000000000000001
2026/10/02 08:13:03.312, 81, 210, 405, 7.51, 0x0000000000000001
2026/10/02 08:13:03.431, 81, 210, 405, 8.37, 0x0000000000000001
2026/10/02 08:13:03.549, 81, 210, 405, 9.61, 0x0000000000000001
2026/10/02 08:13:03.667, 81, 1890, 8001, 12.02, 0x0000000000000001
2026/10/02 08:13:03.806, 81, 1890, 8001, 13.20, 0x0000000000000001
2026/10/02 08:13:03.924, 81, 1890, 8001, 14.44, 0x0000000000000001
2026/10/02 08:13:04.048, 82, 1890, 8001, 15.59, 0x0000000000000001
2026/10/02 08:13:04.172, 82, 1890, 8001, 17.98, 0x0000000000000001
2026/10/02 08:13:04.295, 82, 1890, 8001, 19.16, 0x0000000000000001
2026/10/02 08:13:04.418, 82, 1890, 8001, 20.36, 0x0000000000000001
2026/10/02 08:13:04.542, 83, 1890, 8001, 20.65, 0x0000000000000001
2026/10/02 08:13:04.661, 83, 1890, 8001, 20.66, 0x0000000000000001
2026/10/02 08:13:04.790, 83, 1890, 8001, 20.70, 0x0000000000000001
2026/10/02 08:13:04.914, 83, 1890, 8001, 20.75, 0x0000000000000001
2026/10/02 08:13:05.037, 83, 1890, 8001, 20.80, 0x0000000000000001
2026/10/02 08:13:05.161, 83, 450, 6001, 20.77, 0x0000000000000001
2026/10/02 08:13:05.283, 83, 450, 6001, 19.46, 0x0000000000000001
2026/10/02 08:13:05.405, 83, 450, 6001, 18.73, 0x0000000000000001
2026/10/02 08:13:05.523, 82, 450, 6001, 17.99, 0x0000000000000001
2026/10/02 08:13:05.646, 82, 450, 6001, 17.28, 0x0000000000000001
2026/10/02 08:13:05.773, 82, 390, 6001, 15.83, 0x0000000000000001
2026/10/02 08:13:05.894, 82, 390, 6001, 15.09, 0x0000000000000001
2026/10/02 08:13:06.016, 82, 390, 6001, 14.35, 0x0000000000000001
2026/10/02 08:13:06.138, 82, 390, 6001, 13.61, 0x0000000000000001
2026/10/02 08:13:06.264, 82, 300, 6001, 12.81, 0x0000000000000001
2026/10/02 08:13:06.395, 82, 300, 6001, 12.79, 0x0000000000000001
2026/10/02 08:13:06.528, 82, 300, 6001, 12.76, 0x0000000000000001
2026/10/02 08:13:06.648, 82, 255, 810, 12.54, 0x0000000000000001
2026/10/02 08:13:06.786, 82, 255, 810, 11.99, 0x0000000000000001
2026/10/02 08:13:06.916, 82, 255, 810, 11.72, 0x0000000000000001
2026/10/02 08:13:07.040, 81, 255, 810, 11.48, 0x0000000000000001
2026/10/02 08:13:07.184, 81, 210, 810, 10.96, 0x0000000000000001
2026/10/02 08:13:07.308, 81, 210, 810, 10.72, 0x0000000000000001
2026/10/02 08:13:07.436, 81, 210, 810, 10.48, 0x0000000000000001
2026/10/02 08:13:07.557, 81, 210, 810, 10.00, 0x0000000000000001
2026/10/02 08:13:07.678, 81, 210, 810, 9.95, 0x0000000000000001
2026/10/02 08:13:07.809, 81, 210, 810, 9.95, 0x0000000000000001
2026/10/02 08:13:07.932, 81, 210, 810, 9.95, 0x0000000000000001
2026/10/02 08:13:08.063, 81, 210, 810, 9.94, 0x0000000000000001
2026/10/02 08:13:08.184, 81, 210, 810, 9.94, 0x0000000000000001
2026/10/02 08:13:08.309, 81, 210, 810, 9.93, 0x0000000000000001
2026/10/02 08:13:08.433, 81, 210, 810, 9.93, 0x0000000000000001
2026/10/02 08:13:08.564, 81, 210, 810, 9.93, 0x0000000000000001
2026/10/02 08:13:08.692, 81, 210, 810, 9.93, 0x0000000000000001
2026/10/02 08:13:08.815, 81, 210, 810, 9.93, 0x0000000000000001
2026/10/02 08:13:08.942, 81, 210, 810, 9.93, 0x0000000000000001
2026/10/02 08:13:09.070, 81, 210, 810, 9.92, 0x0000000000000001
2026/10/02 08:13:09.191, 81, 210, 810, 9.92, 0x0000000000000001
2026/10/02 08:13:09.319, 81, 210, 810, 9.92, 0x0000000000000001
2026/10/02 08:13:09.442, 81, 210, 810, 9.92, 0x0000000000000001
2026/10/02 08:13:09.572, 81, 210, 810, 9.93, 0x0000000000000001
2026/10/02 08:13:09.708, 81, 210, 810, 9.92, 0x0000000000000001
2026/10/02 08:13:09.831, 81, 210, 810, 9.92, 0x0000000000000001
2026/10/02 08:13:09.953, 81, 210, 810, 9.92, 0x0000000000000001
2026/10/02 08:13:10.072, 81, 210, 810, 9.91, 0x0000000000000001
2026/10/02 08:13:10.200, 81, 210, 405, 9.68, 0x0000000000000001
2026/10/02 08:13:10.348, 81, 210, 405, 9.19, 0x0000000000000001
2026/10/02 08:13:10.474, 81, 210, 405, 8.94, 0x0000000000000001
2026/10/02 08:13:10.614, 81, 210, 405, 8.70, 0x0000000000000001
2026/10/02 08:13:10.739, 81, 210, 405, 8.25, 0x0000000000000001
2026/10/02 08:13:10.863, 81, 210, 405, 8.02, 0x0000000000000001
2026/10/02 08:13:10.989, 81, 210, 405, 7.79, 0x0000000000000001
2026/10/02 08:13:11.118, 81, 210, 405, 7.57, 0x0000000000000001
2026/10/02 08:13:11.249, 81, 210, 405, 7.37, 0x0000000000000001
2026/10/02 08:13:11.378, 81, 210, 405, 7.36, 0x0000000000000001
2026/10/02 08:13:11.512, 81, 210, 405, 7.39, 0x0000000000000001
2026/10/02 08:13:11.658, 81, 210, 405, 7.39, 0x0000000000000001
2026/10/02 08:13:11.785, 81, 210, 405, 7.40, 0x0000000000000001
2026/10/02 08:13:11.922, 81, 210, 405, 7.41, 0x0000000000000001
2026/10/02 08:13:12.068, 81, 210, 405, 7.41, 0x0000000000000001
2026/10/02 08:13:12.210, 81, 210, 405, 7.42, 0x0000000000000001
2026/10/02 08:13:12.348, 81, 210, 405, 7.41, 0x0000000000000001
2026/10/02 08:13:12.476, 81, 210, 405, 7.42, 0x0000000000000001
2026/10/02 08:13:12.609, 81, 210, 405, 7.42, 0x0000000000000001
2026/10/02 08:13:12.733, 81, 210, 405, 7.45, 0x0000000000000001
2026/10/02 08:13:12.858, 81, 210, 405, 7.43, 0x0000000000000001
2026/10/02 08:13:12.995, 81, 210, 405, 7.41, 0x0000000000000001
2026/10/02 08:13:13.118, 81, 210, 405, 7.38, 0x0000000000000001
2026/10/02 08:13:13.257, 81, 210, 405, 7.38, 0x0000000000000001
2026/10/02 08:13:13.387, 81, 210, 405, 7.38, 0x0000000000000001
2026/10/02 08:13:13.510, 81, 210, 405, 7.39, 0x0000000000000001
2026/10/02 08:13:13.644, 81, 210, 405, 7.41, 0x0000000000000001
2026/10/02 08:13:13.773, 81, 210, 405, 7.41, 0x0000000000000001
2026/10/02 08:13:13.904, 81, 210, 405, 7.41, 0x0000000000000001
2026/10/02 08:13:14.030, 81, 210, 405, 7.45, 0x0000000000000001
2026/10/02 08:13:14.156, 81, 210, 405, 7.48, 0x0000000000000001
2026/10/02 08:13:14.284, 81, 210, 405, 7.45, 0x0000000000000001
2026/10/02 08:13:14.412, 81, 210, 405, 7.41, 0x0000000000000001
2026/10/02 08:13:14.536, 81, 210, 405, 7.42, 0x0000000000000001
2026/10/02 08:13:14.662, 81, 210, 405, 7.39, 0x0000000000000001
2026/10/02 08:13:14.787, 81, 210, 405, 7.39, 0x0000000000000001
2026/10/02 08:13:14.931, 81, 210, 405, 7.37, 0x0000000000000001
2026/10/02 08:13:15.055, 81, 210, 405, 7.34, 0x0000000000000001
2026/10/02 08:13:15.179, 81, 210, 405, 7.34, 0x0000000000000001
2026/10/02 08:13:15.311, 81, 210, 405, 7.37, 0x0000000000000001
2026/10/02 08:13:15.444, 81, 210, 405, 7.39, 0x0000000000000001
2026/10/02 08:13:15.592, 81, 210, 405, 7.41, 0x0000000000000001
2026/10/02 08:13:15.736, 81, 210, 405, 7.38, 0x0000000000000001
2026/10/02 08:13:15.876, 81, 210, 405, 7.39, 0x0000000000000001
2026/10/02 08:13:16.002, 81, 210, 405, 7.41, 0x0000000000000001
2026/10/02 08:13:16.133, 81, 210, 405, 7.42, 0x0000000000000001
2026/10/02 08:13:16.275, 81, 210, 405, 7.42, 0x0000000000000001
2026/10/02 08:13:16.414, 81, 210, 405, 7.42, 0x0000000000000001
2026/10/02 08:13:16.555, 81, 210, 405, 7.44, 0x0000000000000001
2026/10/02 08:13:16.681, 81, 210, 405, 7.45, 0x0000000000000001
2026/10/02 08:13:16.827, 81, 210, 405, 7.46, 0x0000000000000001
2026/10/02 08:13:16.954, 81, 210, 405, 7.47, 0x0000000000000001
2026/10/02 08:13:17.089, 81, 210, 405, 7.47, 0x0000000000000001
2026/10/02 08:13:17.224, 81, 210, 405, 7.49, 0x0000000000000001
2026/10/02 08:13:17.352, 81, 210, 405, 7.47, 0x0000000000000001
2026/10/02 08:13:17.480, 81, 210, 405, 7.47, 0x0000000000000001
2026/10/02 08:13:17.642, 81, 210, 405, 7.55, 0x0000000000000001
2026/10/02 08:13:17.776, 81, 210, 405, 7.59, 0x0000000000000001
2026/10/02 08:13:17.908, 81, 210, 405, 7.62, 0x0000000000000001
2026/10/02 08:13:18.033, 81, 210, 405, 7.62, 0x0000000000000001
2026/10/02 08:13:18.166, 81, 345, 405, 7.64, 0x0000000000000001
2026/10/02 08:13:18.293, 81, 345, 405, 7.64, 0x0000000000000001
2026/10/02 08:13:18.425, 81, 345, 405, 7.72, 0x0000000000000001
2026/10/02 08:13:18.555, 81, 345, 405, 7.67, 0x0000000000000001
2026/10/02 08:13:18.681, 81, 345, 405, 7.58, 0x0000000000000001
2026/10/02 08:13:18.810, 81, 345, 405, 7.52, 0x0000000000000001
2026/10/02 08:13:18.943, 81, 345, 405, 7.55, 0x0000000000000001
2026/10/02 08:13:19.074, 81, 345, 405, 7.45, 0x0000000000000001
2026/10/02 08:13:19.221, 81, 345, 405, 7.44, 0x0000000000000001
2026/10/02 08:13:19.345, 81, 345, 405, 7.43, 0x0000000000000001
2026/10/02 08:13:19.471, 81, 345, 405, 7.40, 0x0000000000000001
2026/10/02 08:13:19.607, 81, 345, 405, 7.44, 0x0000000000000001
2026/10/02 08:13:19.747, 81, 210, 405, 7.41, 0x0000000000000001
2026/10/02 08:13:19.882, 81, 210, 405, 7.37, 0x0000000000000001
2026/10/02 08:13:20.023, 81, 210, 405, 7.36, 0x0000000000000001
2026/10/02 08:13:20.164, 81, 210, 405, 7.42, 0x0000000000000001
2026/10/02 08:13:20.287, 81, 210, 405, 7.39, 0x0000000000000001
2026/10/02 08:13:20.411, 81, 210, 405, 7.38, 0x0000000000000001
2026/10/02 08:13:20.542, 81, 210, 405, 7.40, 0x0000000000000001
2026/10/02 08:13:20.671, 81, 210, 405, 7.39, 0x0000000000000001
2026/10/02 08:13:20.822, 81, 210, 405, 7.42, 0x0000000000000001
2026/10/02 08:13:20.955, 81, 210, 405, 7.43, 0x0000000000000001
2026/10/02 08:13:21.083, 81, 210, 405, 7.43, 0x0000000000000001
2026/10/02 08:13:21.207, 81, 210, 405, 7.43, 0x0000000000000001
2026/10/02 08:13:21.346, 81, 210, 405, 7.43, 0x0000000000000001
2026/10/02 08:13:21.478, 81, 210, 405, 7.46, 0x0000000000000001
2026/10/02 08:13:21.619, 81, 210, 405, 7.46, 0x0000000000000001
2026/10/02 08:13:21.744, 81, 210, 405, 7.48, 0x0000000000000001
2026/10/02 08:13:21.873, 81, 210, 405, 7.47, 0x0000000000000001
2026/10/02 08:13:21.997, 81, 210, 405, 7.46, 0x0000000000000001
2026/10/02 08:13:22.122, 81, 210, 405, 7.47, 0x0000000000000001
2026/10/02 08:13:22.260, 81, 210, 405, 7.45, 0x0000000000000001
2026/10/02 08:13:22.392, 81, 210, 405, 7.44, 0x0000000000000001
2026/10/02 08:13:22.552, 81, 210, 405, 7.49, 0x0000000000000001
2026/10/02 08:13:22.689, 81, 255, 405, 7.47, 0x0000000000000001
2026/10/02 08:13:22.836, 81, 255, 405, 7.49, 0x0000000000000001
2026/10/02 08:13:22.971, 81, 255, 405, 7.51, 0x0000000000000001
2026/10/02 08:13:23.111, 81, 255, 405, 7.54, 0x0000000000000001
2026/10/02 08:13:23.257, 81, 255, 405, 7.53, 0x0000000000000001
2026/10/02 08:13:23.386, 81, 255, 405, 7.54, 0x0000000000000001
2026/10/02 08:13:23.514, 81, 255, 405, 7.54, 0x0000000000000001
2026/10/02 08:13:23.647, 81, 255, 405, 7.49, 0x0000000000000001
2026/10/02 08:13:23.791, 81, 255, 405, 7.51, 0x0000000000000001
2026/10/02 08:13:23.935, 81, 255, 405, 7.43, 0x0000000000000001
2026/10/02 08:13:24.067, 81, 255, 405, 7.40, 0x0000000000000001
2026/10/02 08:13:24.197, 81, 255, 405, 7.38, 0x0000000000000001
2026/10/02 08:13:24.336, 81, 255, 405, 7.37, 0x0000000000000001
2026/10/02 08:13:24.468, 81, 255, 405, 7.37, 0x0000000000000001
2026/10/02 08:13:24.602, 81, 255, 405, 7.37, 0x0000000000000001
2026/10/02 08:13:24.732, 81, 210, 405, 7.37, 0x0000000000000001
2026/10/02 08:13:24.861, 81, 210, 405, 7.36, 0x0000000000000001
2026/10/02 08:13:24.993, 81, 210, 405, 7.36, 0x0000000000000001
2026/10/02 08:13:25.124, 81, 210, 405, 7.39, 0x0000000000000001
2026/10/02 08:13:25.252, 81, 210, 405, 7.40, 0x0000000000000001
2026/10/02 08:13:25.384, 81, 210, 405, 7.39, 0x0000000000000001
2026/10/02 08:13:25.533, 81, 210, 405, 7.39, 0x0000000000000001
2026/10/02 08:13:25.680, 81, 210, 405, 7.43, 0x0000000000000001
2026/10/02 08:13:25.816, 81, 210, 405, 7.41, 0x0000000000000001
2026/10/02 08:13:25.946, 81, 210, 405, 7.40, 0x0000000000000001
2026/10/02 08:13:26.079, 81, 210, 405, 7.94, 0x0000000000000001
2026/10/02 08:13:26.204, 81, 1890, 8001, 9.09, 0x0000000000000001
2026/10/02 08:13:26.334, 81, 1890, 8001, 10.30, 0x0000000000000001
2026/10/02 08:13:26.454, 81, 1890, 8001, 11.47, 0x0000000000000001
2026/10/02 08:13:26.578, 82, 1890, 8001, 12.68, 0x0000000000000001
2026/10/02 08:13:26.712, 82, 1890, 8001, 15.04, 0x0000000000000001
2026/10/02 08:13:26.836, 82, 1890, 8001, 16.21, 0x0000000000000001
2026/10/02 08:13:26.963, 82, 1890, 8001, 17.53, 0x0000000000000001
2026/10/02 08:13:27.086, 82, 1890, 8001, 18.60, 0x0000000000000001
2026/10/02 08:13:27.223, 82, 1890, 8001, 20.46, 0x0000000000000001
2026/10/02 08:13:27.351, 82, 1890, 8001, 20.46, 0x0000000000000001
2026/10/02 08:13:27.472, 82, 1890, 8001, 20.44, 0x0000000000000001
2026/10/02 08:13:27.603, 82, 1890, 8001, 20.48, 0x0000000000000001
2026/10/02 08:13:27.735, 82, 1890, 8001, 20.51, 0x0000000000000001
2026/10/02 08:13:27.858, 82, 1890, 8001, 20.55, 0x0000000000000001
2026/10/02 08:13:27.985, 82, 1890, 8001, 20.59, 0x0000000000000001
2026/10/02 08:13:28.109, 82, 1890, 8001, 20.59, 0x0000000000000001
2026/10/02 08:13:28.233, 82, 1890, 8001, 20.59, 0x0000000000000001
2026/10/02 08:13:28.353, 82, 1890, 8001, 20.60, 0x0000000000000001
2026/10/02 08:13:28.481, 82, 1890, 8001, 20.58, 0x0000000000000001
2026/10/02 08:13:28.605, 82, 1890, 8001, 20.60, 0x0000000000000001
2026/10/02 08:13:28.747, 82, 1890, 8001, 20.60, 0x0000000000000001
2026/10/02 08:13:28.872, 82, 1890, 8001, 20.58, 0x0000000000000001
2026/10/02 08:13:28.992, 82, 1890, 8001, 20.57, 0x0000000000000001
2026/10/02 08:13:29.113, 82, 1890, 8001, 20.57, 0x0000000000000001
2026/10/02 08:13:29.241, 82, 1890, 8001, 20.56, 0x0000000000000001
2026/10/02 08:13:29.360, 82, 1890, 8001, 20.59, 0x0000000000000001
2026/10/02 08:13:29.480, 82, 1890, 8001, 20.60, 0x0000000000000001
2026/10/02 08:13:29.606, 82, 1890, 8001, 20.61, 0x0000000000000001
2026/10/02 08:13:29.731, 82, 435, 810, 19.49, 0x0000000000000001
2026/10/02 08:13:29.856, 82, 435, 810, 18.57, 0x0000000000000001
2026/10/02 08:13:29.991, 82, 435, 810, 17.83, 0x0000000000000001
2026/10/02 08:13:30.112, 82, 435, 810, 17.13, 0x0000000000000001
2026/10/02 08:13:30.235, 82, 375, 6001, 15.75, 0x0000000000000001
2026/10/02 08:13:30.361, 82, 375, 6001, 15.03, 0x0000000000000001
2026/10/02 08:13:30.495, 82, 375, 6001, 14.32, 0x0000000000000001
2026/10/02 08:13:30.620, 81, 375, 6001, 13.61, 0x0000000000000001
2026/10/02 08:13:30.743, 81, 285, 6001, 12.31, 0x0000000000000001
2026/10/02 08:13:30.864, 81, 285, 6001, 12.51, 0x0000000000000001
2026/10/02 08:13:31.000, 81, 285, 6001, 12.73, 0x0000000000000001
2026/10/02 08:13:31.126, 81, 285, 6001, 12.69, 0x0000000000000001
2026/10/02 08:13:31.256, 81, 240, 6001, 12.64, 0x0000000000000001
2026/10/02 08:13:31.382, 81, 240, 6001, 12.63, 0x0000000000000001
2026/10/02 08:13:31.508, 81, 240, 6001, 12.61, 0x0000000000000001
2026/10/02 08:13:31.634, 81, 240, 6001, 12.60, 0x0000000000000001
2026/10/02 08:13:31.767, 81, 210, 810, 12.42, 0x0000000000000001
2026/10/02 08:13:31.890, 81, 210, 810, 12.20, 0x0000000000000001
2026/10/02 08:13:32.023, 81, 210, 810, 11.96, 0x0000000000000001
2026/10/02 08:13:32.146, 81, 210, 810, 11.45, 0x0000000000000001
2026/10/02 08:13:32.268, 81, 210, 810, 11.18, 0x0000000000000001
2026/10/02 08:13:32.389, 81, 210, 810, 10.77, 0x0000000000000001
2026/10/02 08:13:32.510, 81, 210, 810, 10.69, 0x0000000000000001
2026/10/02 08:13:32.638, 81, 210, 810, 10.45, 0x0000000000000001
2026/10/02 08:13:32.769, 81, 210, 810, 9.93, 0x0000000000000001
2026/10/02 08:13:32.896, 81, 210, 810, 9.87, 0x0000000000000001
2026/10/02 08:13:33.025, 81, 210, 810, 9.87, 0x0000000000000001
2026/10/02 08:13:33.166, 81, 210, 810, 9.88, 0x0000000000000001
2026/10/02 08:13:33.298, 81, 210, 810, 9.90, 0x0000000000000001
2026/10/02 08:13:33.425, 81, 210, 810, 9.90, 0x0000000000000001
2026/10/02 08:13:33.547, 81, 210, 810, 9.90, 0x0000000000000001
2026/10/02 08:13:33.671, 81, 210, 810, 9.93, 0x0000000000000001
2026/10/02 08:13:33.803, 81, 210, 810, 9.93, 0x0000000000000001
2026/10/02 08:13:33.926, 81, 210, 810, 9.93, 0x0000000000000001
2026/10/02 08:13:34.054, 81, 210, 810, 9.91, 0x0000000000000001
2026/10/02 08:13:34.185, 81, 210, 810, 9.88, 0x0000000000000001
2026/10/02 08:13:34.306, 81, 210, 810, 9.88, 0x0000000000000001
2026/10/02 08:13:34.437, 81, 210, 810, 9.88, 0x0000000000000001
2026/10/02 08:13:34.563, 81, 210, 810, 9.89, 0x0000000000000001
2026/10/02 08:13:34.692, 81, 210, 810, 9.88, 0x0000000000000001
2026/10/02 08:13:34.815, 81, 210, 810, 9.89, 0x0000000000000001
2026/10/02 08:13:34.935, 81, 210, 810, 9.87, 0x0000000000000001
2026/10/02 08:13:35.055, 81, 210, 810, 9.86, 0x0000000000000001
2026/10/02 08:13:35.180, 81, 210, 810, 9.88, 0x0000000000000001
2026/10/02 08:13:35.301, 81, 210, 810, 9.90, 0x0000000000000001
2026/10/02 08:13:35.426, 81, 210, 810, 9.67, 0x0000000000000001
2026/10/02 08:13:35.557, 81, 210, 810, 9.24, 0x0000000000000001
2026/10/02 08:13:35.683, 81, 210, 810, 8.95, 0x0000000000000001
2026/10/02 08:13:35.808, 81, 210, 405, 8.73, 0x0000000000000001
2026/10/02 08:13:35.933, 81, 210, 405, 8.52, 0x0000000000000001
2026/10/02 08:13:36.058, 81, 210, 405, 8.11, 0x0000000000000001
2026/10/02 08:13:36.186, 81, 210, 405, 7.88, 0x0000000000000001
2026/10/02 08:13:36.310, 81, 210, 405, 7.65, 0x0000000000000001
2026/10/02 08:13:36.446, 81, 210, 405, 7.42, 0x0000000000000001
2026/10/02 08:13:36.591, 81, 210, 405, 7.43, 0x0000000000000001
2026/10/02 08:13:36.716, 81, 210, 405, 7.43, 0x0000000000000001
2026/10/02 08:13:36.851, 81, 210, 405, 7.44, 0x0000000000000001
2026/10/02 08:13:36.978, 81, 210, 405, 7.44, 0x0000000000000001
2026/10/02 08:13:37.105, 81, 210, 405, 7.43, 0x0000000000000001
2026/10/02 08:13:37.230, 81, 210, 405, 7.43, 0x0000000000000001
2026/10/02 08:13:37.356, 81, 210, 405, 7.41, 0x0000000000000001
2026/10/02 08:13:37.483, 81, 210, 405, 7.41, 0x0000000000000001
2026/10/02 08:13:37.624, 81, 210, 405, 7.41, 0x0000000000000001
2026/10/02 08:13:37.764, 81, 210, 405, 7.39, 0x0000000000000001
2026/10/02 08:13:37.896, 81, 210, 405, 7.39, 0x0000000000000001
2026/10/02 08:13:38.051, 81, 210, 405, 7.36, 0x0000000000000001
2026/10/02 08:13:38.176, 81, 210, 405, 7.34, 0x0000000000000001
2026/10/02 08:13:38.326, 81, 210, 405, 7.34, 0x0000000000000001
2026/10/02 08:13:38.456, 81, 210, 405, 7.33, 0x0000000000000001
2026/10/02 08:13:38.582, 81, 210, 405, 7.32, 0x0000000000000001
2026/10/02 08:13:38.710, 81, 210, 405, 7.32, 0x0000000000000001
2026/10/02 08:13:38.835, 81, 210, 405, 7.32, 0x0000000000000001
2026/10/02 08:13:38.964, 81, 210, 405, 7.34, 0x0000000000000001
2026/10/02 08:13:39.098, 81, 210, 405, 7.33, 0x0000000000000001
2026/10/02 08:13:39.229, 81, 210, 405, 7.37, 0x0000000000000001
2026/10/02 08:13:39.352, 81, 210, 405, 7.41, 0x0000000000000001
2026/10/02 08:13:39.477, 81, 210, 405, 7.42, 0x0000000000000001
2026/10/02 08:13:39.600, 81, 210, 405, 7.45, 0x0000000000000001
2026/10/02 08:13:39.732, 81, 210, 405, 7.45, 0x0000000000000001
2026/10/02 08:13:39.863, 81, 210, 405, 7.46, 0x0000000000000001
2026/10/02 08:13:39.988, 81, 210, 405, 7.44, 0x0000000000000001
2026/10/02 08:13:40.115, 81, 210, 405, 7.45, 0x0000000000000001
2026/10/02 08:13:40.246, 81, 210, 405, 7.43, 0x0000000000000001
2026/10/02 08:13:40.371, 81, 210, 405, 7.42, 0x0000000000000001
2026/10/02 08:13:40.497, 81, 210, 405, 7.42, 0x0000000000000001
2026/10/02 08:13:40.627, 81, 210, 405, 7.40, 0x0000000000000001
2026/10/02 08:13:40.752, 81, 210, 405, 7.40, 0x0000000000000001
2026/10/02 08:13:40.898, 81, 210, 405, 7.39, 0x0000000000000001
2026/10/02 08:13:41.023, 81, 210, 405, 7.39, 0x0000000000000001
2026/10/02 08:13:41.147, 81, 210, 405, 7.39, 0x0000000000000001
2026/10/02 08:13:41.272, 81, 210, 405, 7.39, 0x0000000000000001
2026/10/02 08:13:41.397, 81, 210, 405, 7.41, 0x0000000000000001
2026/10/02 08:13:41.532, 81, 210, 405, 7.41, 0x0000000000000001
2026/10/02 08:13:41.658, 81, 210, 405, 7.41, 0x0000000000000001
2026/10/02 08:13:41.797, 81, 210, 405, 7.40, 0x0000000000000001
2026/10/02 08:13:41.921, 81, 210, 405, 7.38, 0x0000000000000001
2026/10/02 08:13:42.069, 81, 210, 405, 7.37, 0x0000000000000001
2026/10/02 08:13:42.215, 81, 210, 405, 7.37, 0x0000000000000001
2026/10/02 08:13:42.341, 81, 210, 405, 7.36, 0x0000000000000001
2026/10/02 08:13:42.466, 81, 210, 405, 7.35, 0x0000000000000001
2026/10/02 08:13:42.591, 81, 210, 405, 7.38, 0x0000000000000001
2026/10/02 08:13:42.736, 81, 210, 405, 7.36, 0x0000000000000001
2026/10/02 08:13:42.869, 81, 210, 405, 7.36, 0x0000000000000001
2026/10/02 08:13:42.994, 81, 210, 405, 7.36, 0x0000000000000001
2026/10/02 08:13:43.126, 81, 210, 405, 7.36, 0x0000000000000001
2026/10/02 08:13:43.270, 81, 210, 405, 7.37, 0x0000000000000001
2026/10/02 08:13:43.396, 81, 210, 405, 7.37, 0x0000000000000001
2026/10/02 08:13:43.528, 81, 210, 405, 7.35, 0x0000000000000001
2026/10/02 08:13:43.691, 81, 210, 405, 7.37, 0x0000000000000001
2026/10/02 08:13:43.816, 81, 210, 405, 7.38, 0x0000000000000001
2026/10/02 08:13:43.944, 81, 210, 405, 7.38, 0x0000000000000001
2026/10/02 08:13:44.069, 81, 210, 405, 7.40, 0x0000000000000001
2026/10/02 08:13:44.201, 81, 210, 405, 7.39, 0x0000000000000001
2026/10/02 08:13:44.329, 81, 210, 405, 7.41, 0x0000000000000001
2026/10/02 08:13:44.454, 81, 210, 405, 7.40, 0x0000000000000001
2026/10/02 08:13:44.582, 81, 210, 405, 7.40, 0x0000000000000001
2026/10/02 08:13:44.717, 81, 210, 405, 7.41, 0x0000000000000001
2026/10/02 08:13:44.842, 81, 210, 405, 7.41, 0x0000000000000001
2026/10/02 08:13:44.968, 81, 210, 405, 7.40, 0x0000000000000001
2026/10/02 08:13:45.099, 81, 210, 405, 7.42, 0x0000000000000001
2026/10/02 08:13:45.226, 81, 210, 405, 7.40, 0x0000000000000001
2026/10/02 08:13:45.373, 81, 210, 405, 7.39, 0x0000000000000001
2026/10/02 08:13:45.521, 81, 210, 405, 7.39, 0x0000000000000001
2026/10/02 08:13:45.661, 81, 210, 405, 7.40, 0x0000000000000001
2026/10/02 08:13:45.787, 81, 210, 405, 7.40, 0x0000000000000001
2026/10/02 08:13:45.918, 81, 210, 405, 7.41, 0x0000000000000001
2026/10/02 08:13:46.045, 81, 210, 405, 7.39, 0x0000000000000001
2026/10/02 08:13:46.170, 81, 210, 405, 7.38, 0x0000000000000001
2026/10/02 08:13:46.300, 81, 210, 405, 7.42, 0x0000000000000001
2026/10/02 08:13:46.433, 81, 210, 405, 7.42, 0x0000000000000001
2026/10/02 08:13:46.558, 81, 210, 405, 7.42, 0x0000000000000001
2026/10/02 08:13:46.692, 81, 210, 405, 7.45, 0x0000000000000001
2026/10/02 08:13:46.819, 81, 210, 405, 7.43, 0x0000000000000001
2026/10/02 08:13:46.946, 81, 210, 405, 7.43, 0x0000000000000001
2026/10/02 08:13:47.077, 81, 210, 405, 7.42, 0x0000000000000001
2026/10/02 08:13:47.202, 81, 210, 405, 7.46, 0x0000000000000001
2026/10/02 08:13:47.330, 81, 210, 405, 7.46, 0x0000000000000001
2026/10/02 08:13:47.454, 81, 210, 405, 7.45, 0x0000000000000001
2026/10/02 08:13:47.577, 81, 210, 405, 7.44, 0x0000000000000001
2026/10/02 08:13:47.705, 81, 210, 405, 7.42, 0x0000000000000001
2026/10/02 08:13:47.829, 81, 210, 405, 7.40, 0x0000000000000001
2026/10/02 08:13:47.955, 81, 210, 405, 7.39, 0x0000000000000001
2026/10/02 08:13:48.098, 81, 210, 405, 7.49, 0x0000000000000001
2026/10/02 08:13:48.222, 81, 240, 405, 7.47, 0x0000000000000001
2026/10/02 08:13:48.348, 81, 240, 405, 7.45, 0x0000000000000001
2026/10/02 08:13:48.473, 81, 240, 405, 7.47, 0x0000000000000001
2026/10/02 08:13:48.599, 81, 240, 405, 7.47, 0x0000000000000001
2026/10/02 08:13:48.727, 81, 240, 405, 7.47, 0x0000000000000001
2026/10/02 08:13:48.866, 81, 240, 405, 7.50, 0x0000000000000001
2026/10/02 08:13:48.991, 81, 240, 405, 7.50, 0x0000000000000001
2026/10/02 08:13:49.117, 81, 240, 405, 7.42, 0x0000000000000001
2026/10/02 08:13:49.265, 81, 240, 405, 7.41, 0x0000000000000001
2026/10/02 08:13:49.391, 81, 240, 405, 7.43, 0x0000000000000001
2026/10/02 08:13:49.521, 81, 240, 405, 7.42, 0x0000000000000001
2026/10/02 08:13:49.649, 81, 240, 405, 7.42, 0x0000000000000001
2026/10/02 08:13:49.778, 81, 240, 405, 7.42, 0x0000000000000001
2026/10/02 08:13:49.914, 81, 240, 405, 7.42, 0x0000000000000001
2026/10/02 08:13:50.057, 81, 240, 405, 7.40, 0x0000000000000001
2026/10/02 08:13:50.197, 81, 210, 405, 7.41, 0x0000000000000001
2026/10/02 08:13:50.324, 81, 210, 405, 7.39, 0x0000000000000001
2026/10/02 08:13:50.448, 81, 210, 405, 7.39, 0x0000000000000001
2026/10/02 08:13:50.582, 81, 210, 405, 7.41, 0x0000000000000001
2026/10/02 08:13:50.716, 81, 210, 405, 7.41, 0x0000000000000001
2026/10/02 08:13:50.841, 81, 210, 405, 7.40, 0x0000000000000001
2026/10/02 08:13:50.968, 81, 210, 405, 7.39, 0x0000000000000001
2026/10/02 08:13:51.095, 81, 210, 405, 7.41, 0x0000000000000001
2026/10/02 08:13:51.218, 81, 210, 405, 7.40, 0x0000000000000001
2026/10/02 08:13:51.348, 81, 210, 405, 7.44, 0x0000000000000001
2026/10/02 08:13:51.485, 81, 210, 405, 7.43, 0x0000000000000001
2026/10/02 08:13:51.613, 81, 210, 405, 7.45, 0x0000000000000001
2026/10/02 08:13:51.738, 81, 210, 405, 7.43, 0x0000000000000001
2026/10/02 08:13:51.872, 81, 210, 405, 7.42, 0x0000000000000001
2026/10/02 08:13:51.998, 81, 210, 405, 7.41, 0x0000000000000001
2026/10/02 08:13:52.123, 81, 210, 405, 7.39, 0x0000000000000001
2026/10/02 08:13:52.264, 81, 210, 405, 7.36, 0x0000000000000001
2026/10/02 08:13:52.388, 81, 210, 405, 7.33, 0x0000000000000001
2026/10/02 08:13:52.515, 81, 210, 405, 7.33, 0x0000000000000001
2026/10/02 08:13:52.664, 81, 210, 405, 7.33, 0x0000000000000001
2026/10/02 08:13:52.789, 81, 210, 405, 7.32, 0x0000000000000001
2026/10/02 08:13:52.914, 81, 210, 405, 7.33, 0x0000000000000001
2026/10/02 08:13:53.050, 81, 210, 405, 7.36, 0x0000000000000001
2026/10/02 08:13:53.181, 81, 210, 405, 7.40, 0x0000000000000001
2026/10/02 08:13:53.327, 81, 210, 405, 7.41, 0x0000000000000001
2026/10/02 08:13:53.469, 81, 210, 405, 7.43, 0x0000000000000001
2026/10/02 08:13:53.597, 81, 210, 405, 7.40, 0x0000000000000001
2026/10/02 08:13:53.722, 81, 210, 405, 7.40, 0x0000000000000001
2026/10/02 08:13:53.847, 81, 210, 405, 7.40, 0x0000000000000001
2026/10/02 08:13:53.983, 81, 210, 405, 7.42, 0x0000000000000001
2026/10/02 08:13:54.108, 81, 210, 405, 7.42, 0x0000000000000001
2026/10/02 08:13:54.233, 81, 210, 405, 7.37, 0x0000000000000001
2026/10/02 08:13:54.359, 81, 210, 405, 7.36, 0x0000000000000001
2026/10/02 08:13:54.488, 80, 210, 405, 7.36, 0x0000000000000001
2026/10/02 08:13:54.617, 80, 210, 405, 7.39, 0x0000000000000001
2026/10/02 08:13:54.749, 80, 210, 405, 7.38, 0x0000000000000001
2026/10/02 08:13:54.877, 80, 210, 405, 7.36, 0x0000000000000001
2026/10/02 08:13:55.002, 80, 210, 405, 7.34, 0x0000000000000001
2026/10/02 08:13:55.127, 80, 210, 405, 7.35, 0x0000000000000001
2026/10/02 08:13:55.260, 80, 210, 405, 7.38, 0x0000000000000001
2026/10/02 08:13:55.384, 80, 210, 405, 7.37, 0x0000000000000001
2026/10/02 08:13:55.534, 80, 210, 405, 7.34, 0x0000000000000001
2026/10/02 08:13:55.678, 80, 210, 405, 7.32, 0x0000000000000001
2026/10/02 08:13:55.803, 80, 210, 405, 7.34, 0x0000000000000001
2026/10/02 08:13:55.932, 80, 210, 405, 7.35, 0x0000000000000001
2026/10/02 08:13:56.062, 80, 210, 405, 7.36, 0x0000000000000001
2026/10/02 08:13:56.191, 80, 210, 405, 7.32, 0x0000000000000001
2026/10/02 08:13:56.337, 80, 210, 405, 7.91, 0x0000000000000001
2026/10/02 08:13:56.464, 80, 210, 405, 9.08, 0x0000000000000001
2026/10/02 08:13:56.587, 80, 210, 405, 10.26, 0x0000000000000001
2026/10/02 08:13:56.711, 80, 1890, 8001, 11.53, 0x0000000000000001
2026/10/02 08:13:56.834, 80, 1890, 8001, 12.73, 0x0000000000000001
2026/10/02 08:13:56.959, 80, 1890, 8001, 15.10, 0x0000000000000001
2026/10/02 08:13:57.084, 82, 1890, 8001, 16.29, 0x0000000000000001
2026/10/02 08:13:57.212, 82, 1890, 8001, 17.48, 0x0000000000000001
2026/10/02 08:13:57.340, 82, 1890, 8001, 18.69, 0x0000000000000001
2026/10/02 08:13:57.472, 82, 1890, 8001, 20.47, 0x0000000000000001
2026/10/02 08:13:57.594, 82, 1890, 8001, 20.52, 0x0000000000000001
2026/10/02 08:13:57.717, 82, 1890, 8001, 20.55, 0x0000000000000001
2026/10/02 08:13:57.844, 82, 1890, 8001, 20.54, 0x0000000000000001
2026/10/02 08:13:57.965, 82, 1890, 8001, 20.54, 0x0000000000000001
2026/10/02 08:13:58.089, 82, 1890, 8001, 20.60, 0x0000000000000001
2026/10/02 08:13:58.213, 82, 1890, 8001, 20.62, 0x0000000000000001
2026/10/02 08:13:58.334, 82, 1890, 8001, 20.64, 0x0000000000000001
2026/10/02 08:13:58.464, 82, 1890, 8001, 20.67, 0x0000000000000001
2026/10/02 08:13:58.593, 82, 1890, 8001, 20.71, 0x0000000000000001
2026/10/02 08:13:58.725, 82, 1890, 8001, 20.71, 0x0000000000000001
2026/10/02 08:13:58.850, 82, 1890, 8001, 20.68, 0x0000000000000001
2026/10/02 08:13:58.972, 82, 1890, 8001, 20.65, 0x0000000000000001
2026/10/02 08:13:59.092, 82, 1890, 8001, 20.59, 0x0000000000000001
2026/10/02 08:13:59.214, 82, 1890, 8001, 20.60, 0x0000000000000001
2026/10/02 08:13:59.342, 82, 1890, 8001, 20.62, 0x0000000000000001
2026/10/02 08:13:59.468, 82, 1890, 8001, 20.58, 0x0000000000000001
2026/10/02 08:13:59.598, 82, 1890, 8001, 20.54, 0x0000000000000001
2026/10/02 08:13:59.726, 82, 450, 6001, 20.02, 0x0000000000000001
2026/10/02 08:13:59.855, 82, 450, 6001, 19.30, 0x0000000000000001
2026/10/02 08:13:59.984, 82, 450, 6001, 18.61, 0x0000000000000001
2026/10/02 08:14:00.114, 82, 450, 6001, 17.23, 0x0000000000000001
2026/10/02 08:14:00.244, 82, 375, 6001, 16.55, 0x0000000000000001
2026/10/02 08:14:00.377, 82, 375, 6001, 15.83, 0x0000000000000001
2026/10/02 08:14:00.501, 82, 375, 6001, 15.07, 0x0000000000000001
2026/10/02 08:14:00.627, 81, 375, 6001, 13.66, 0x0000000000000001
2026/10/02 08:14:00.766, 81, 300, 6001, 12.72, 0x0000000000000001
2026/10/02 08:14:00.890, 81, 300, 6001, 12.69, 0x0000000000000001
2026/10/02 08:14:01.015, 81, 300, 6001, 12.66, 0x0000000000000001
2026/10/02 08:14:01.140, 81, 300, 6001, 12.40, 0x0000000000000001
2026/10/02 08:14:01.264, 81, 255, 810, 12.12, 0x0000000000000001
2026/10/02 08:14:01.387, 81, 255, 810, 11.84, 0x0000000000000001
2026/10/02 08:14:01.529, 81, 255, 810, 11.33, 0x0000000000000001
2026/10/02 08:14:01.661, 81, 255, 810, 11.08, 0x0000000000000001
2026/10/02 08:14:01.785, 81, 210, 810, 10.84, 0x0000000000000001
2026/10/02 08:14:01.914, 81, 210, 810, 10.60, 0x0000000000000001
2026/10/02 08:14:02.039, 81, 210, 810, 10.13, 0x0000000000000001
2026/10/02 08:14:02.173, 81, 210, 810, 9.87, 0x0000000000000001
2026/10/02 08:14:02.301, 81, 210, 810, 9.86, 0x0000000000000001
2026/10/02 08:14:02.428, 81, 210, 810, 9.87, 0x0000000000000001
2026/10/02 08:14:02.553, 81, 210, 810, 9.86, 0x0000000000000001
2026/10/02 08:14:02.676, 81, 210, 810, 9.87, 0x0000000000000001
2026/10/02 08:14:02.801, 81, 210, 810, 9.86, 0x0000000000000001
2026/10/02 08:14:02.926, 81, 210, 810, 9.86, 0x0000000000000001
2026/10/02 08:14:03.054, 81, 210, 810, 9.85, 0x0000000000000001
2026/10/02 08:14:03.182, 81, 210, 810, 9.85, 0x0000000000000001
2026/10/02 08:14:03.311, 81, 210, 810, 9.84, 0x0000000000000001
2026/10/02 08:14:03.443, 81, 210, 810, 9.94, 0x0000000000000001
2026/10/02 08:14:03.571, 81, 210, 810, 10.02, 0x0000000000000001
2026/10/02 08:14:03.706, 81, 210, 810, 10.08, 0x0000000000000001
2026/10/02 08:14:03.837, 81, 240, 810, 10.15, 0x0000000000000001
2026/10/02 08:14:03.977, 81, 240, 810, 10.21, 0x0000000000000001
2026/10/02 08:14:04.102, 81, 240, 810, 10.31, 0x0000000000000001
2026/10/02 08:14:04.239, 81, 240, 810, 10.32, 0x0000000000000001
2026/10/02 08:14:04.360, 81, 240, 810, 10.28, 0x0000000000000001
2026/10/02 08:14:04.489, 81, 240, 810, 10.27, 0x0000000000000001
2026/10/02 08:14:04.616, 81, 240, 810, 10.17, 0x0000000000000001
2026/10/02 08:14:04.738, 81, 240, 810, 10.15, 0x0000000000000001
2026/10/02 08:14:04.864, 81, 240, 405, 9.60, 0x0000000000000001
2026/10/02 08:14:04.989, 81, 240, 405, 9.31, 0x0000000000000001
2026/10/02 08:14:05.116, 81, 240, 405, 9.06, 0x0000000000000001
2026/10/02 08:14:05.241, 81, 240, 405, 8.77, 0x0000000000000001
2026/10/02 08:14:05.368, 81, 240, 405, 8.32, 0x0000000000000001
2026/10/02 08:14:05.495, 81, 240, 405, 8.10, 0x0000000000000001
2026/10/02 08:14:05.622, 81, 240, 405, 7.89, 0x0000000000000001
2026/10/02 08:14:05.750, 81, 240, 405, 7.61, 0x0000000000000001
2026/10/02 08:14:05.877, 81, 210, 405, 7.55, 0x0000000000000001
2026/10/02 08:14:06.000, 81, 210, 405, 8.61, 0x0000000000000001
2026/10/02 08:14:06.126, 81, 210, 405, 9.81, 0x0000000000000001
2026/10/02 08:14:06.244, 81, 210, 405, 10.97, 0x0000000000000001
2026/10/02 08:14:06.366, 81, 1890, 8001, 13.32, 0x0000000000000001
2026/10/02 08:14:06.486, 81, 1890, 8001, 14.53, 0x0000000000000001
2026/10/02 08:14:06.606, 81, 1890, 8001, 15.73, 0x0000000000000001
2026/10/02 08:14:06.726, 82, 1890, 8001, 16.94, 0x0000000000000001
2026/10/02 08:14:06.847, 82, 1890, 8001, 18.21, 0x0000000000000001
2026/10/02 08:14:06.969, 82, 1890, 8001, 20.62, 0x0000000000000001
2026/10/02 08:14:07.086, 82, 1890, 8001, 20.59, 0x0000000000000001
2026/10/02 08:14:07.207, 82, 1890, 8001, 20.58, 0x0000000000000001
2026/10/02 08:14:07.343, 82, 1890, 8001, 20.61, 0x0000000000000001
2026/10/02 08:14:07.467, 82, 1890, 8001, 20.62, 0x0000000000000001
2026/10/02 08:14:07.585, 82, 1890, 8001, 20.64, 0x0000000000000001
2026/10/02 08:14:07.712, 82, 1890, 8001, 20.67, 0x0000000000000001
2026/10/02 08:14:07.832, 82, 1890, 8001, 20.66, 0x0000000000000001
2026/10/02 08:14:07.950, 82, 1890, 8001, 20.64, 0x0000000000000001
2026/10/02 08:14:08.076, 82, 1890, 8001, 20.59, 0x0000000000000001
2026/10/02 08:14:08.198, 82, 1890, 8001, 20.59, 0x0000000000000001
2026/10/02 08:14:08.324, 82, 1890, 8001, 20.62, 0x0000000000000001
2026/10/02 08:14:08.443, 82, 1890, 8001, 20.66, 0x0000000000000001
2026/10/02 08:14:08.569, 82, 1890, 8001, 20.72, 0x0000000000000001
2026/10/02 08:14:08.685, 82, 1890, 8001, 20.72, 0x0000000000000001
2026/10/02 08:14:08.805, 82, 1890, 8001, 20.70, 0x0000000000000001
2026/10/02 08:14:08.928, 82, 1890, 8001, 20.72, 0x0000000000000001
2026/10/02 08:14:09.049, 82, 1890, 8001, 20.70, 0x0000000000000001
2026/10/02 08:14:09.178, 82, 1890, 8001, 20.76, 0x0000000000000001
2026/10/02 08:14:09.304, 82, 1890, 8001, 20.81, 0x0000000000000001
2026/10/02 08:14:09.427, 82, 1890, 8001, 20.82, 0x0000000000000001
2026/10/02 08:14:09.546, 82, 1890, 8001, 20.83, 0x0000000000000001
2026/10/02 08:14:09.667, 82, 1890, 8001, 20.83, 0x0000000000000001
2026/10/02 08:14:09.791, 82, 450, 810, 20.30, 0x0000000000000001
2026/10/02 08:14:09.912, 82, 450, 810, 19.34, 0x0000000000000001
2026/10/02 08:14:10.033, 82, 450, 810, 18.39, 0x0000000000000001
2026/10/02 08:14:10.161, 82, 450, 810, 16.70, 0x0000000000000001
2026/10/02 08:14:10.282, 82, 390, 6001, 15.96, 0x0000000000000001
2026/10/02 08:14:10.403, 82, 390, 6001, 15.23, 0x0000000000000001
2026/10/02 08:14:10.522, 82, 390, 6001, 14.49, 0x0000000000000001
2026/10/02 08:14:10.647, 81, 390, 6001, 13.02, 0x0000000000000001
2026/10/02 08:14:10.771, 81, 300, 6001, 12.02, 0x0000000000000001
2026/10/02 08:14:10.901, 81, 300, 6001, 12.24, 0x0000000000000001
2026/10/02 08:14:11.022, 81, 300, 6001, 12.26, 0x0000000000000001
2026/10/02 08:14:11.146, 81, 300, 6001, 12.71, 0x0000000000000001
2026/10/02 08:14:11.278, 81, 255, 6001, 12.68, 0x0000000000000001
2026/10/02 08:14:11.409, 81, 255, 6001, 12.65, 0x0000000000000001
2026/10/02 08:14:11.533, 81, 255, 6001, 12.63, 0x0000000000000001
2026/10/02 08:14:11.671, 81, 255, 6001, 12.60, 0x0000000000000001
2026/10/02 08:14:11.810, 81, 210, 6001, 12.58, 0x0000000000000001
2026/10/02 08:14:11.937, 81, 210, 6001, 12.58, 0x0000000000000001
2026/10/02 08:14:12.061, 81, 210, 6001, 12.14, 0x0000000000000001
2026/10/02 08:14:12.181, 81, 210, 6001, 11.90, 0x0000000000000001
2026/10/02 08:14:12.310, 81, 210, 810, 11.64, 0x0000000000000001
2026/10/02 08:14:12.438, 81, 210, 810, 11.41, 0x0000000000000001
2026/10/02 08:14:12.566, 81, 210, 810, 10.93, 0x0000000000000001
2026/10/02 08:14:12.695, 81, 210, 810, 10.49, 0x0000000000000001
2026/10/02 08:14:12.816, 81, 210, 810, 10.25, 0x0000000000000001
2026/10/02 08:14:12.938, 81, 210, 810, 9.97, 0x0000000000000001
2026/10/02 08:14:13.068, 81, 210, 810, 9.93, 0x0000000000000001
2026/10/02 08:14:13.196, 81, 210, 810, 9.93, 0x0000000000000001
2026/10/02 08:14:13.318, 81, 210, 810, 9.92, 0x0000000000000001
2026/10/02 08:14:13.442, 81, 210, 810, 9.93, 0x0000000000000001
2026/10/02 08:14:13.572, 81, 210, 810, 9.93, 0x0000000000000001
2026/10/02 08:14:13.695, 81, 210, 810, 9.92, 0x0000000000000001
2026/10/02 08:14:13.817, 81, 210, 810, 9.93, 0x0000000000000001
2026/10/02 08:14:13.944, 81, 210, 810, 9.93, 0x0000000000000001
2026/10/02 08:14:14.068, 81, 210, 810, 9.94, 0x0000000000000001
2026/10/02 08:14:14.200, 81, 210, 810, 9.94, 0x0000000000000001
2026/10/02 08:14:14.323, 81, 210, 810, 9.93, 0x0000000000000001
2026/10/02 08:14:14.450, 81, 210, 810, 9.92, 0x0000000000000001
2026/10/02 08:14:14.573, 81, 210, 810, 9.93, 0x0000000000000001
2026/10/02 08:14:14.703, 81, 210, 810, 9.95, 0x0000000000000001
2026/10/02 08:14:14.831, 81, 210, 810, 10.01, 0x0000000000000001
2026/10/02 08:14:14.977, 81, 210, 810, 10.11, 0x0000000000000001
2026/10/02 08:14:15.102, 81, 210, 810, 10.10, 0x0000000000000001
2026/10/02 08:14:15.223, 81, 210, 810, 10.09, 0x0000000000000001
2026/10/02 08:14:15.349, 81, 210, 810, 10.10, 0x0000000000000001
2026/10/02 08:14:15.481, 81, 210, 810, 10.09, 0x0000000000000001
2026/10/02 08:14:15.607, 81, 210, 810, 9.88, 0x0000000000000001
2026/10/02 08:14:15.741, 81, 210, 810, 9.43, 0x0000000000000001
2026/10/02 08:14:15.879, 81, 210, 405, 9.19, 0x0000000000000001
2026/10/02 08:14:16.013, 81, 210, 405, 8.93, 0x0000000000000001
2026/10/02 08:14:16.152, 81, 210, 405, 8.44, 0x0000000000000001
2026/10/02 08:14:16.290, 81, 240, 405, 8.24, 0x0000000000000001
2026/10/02 08:14:16.419, 81, 240, 405, 7.75, 0x0000000000000001
2026/10/02 08:14:16.551, 81, 240, 405, 7.53, 0x0000000000000001
2026/10/02 08:14:16.695, 81, 240, 405, 7.53, 0x0000000000000001
2026/10/02 08:14:16.822, 81, 240, 405, 7.45, 0x0000000000000001
2026/10/02 08:14:16.946, 81, 240, 405, 7.44, 0x0000000000000001
2026/10/02 08:14:17.078, 81, 240, 405, 7.42, 0x0000000000000001
2026/10/02 08:14:17.204, 81, 240, 405, 7.43, 0x0000000000000001
2026/10/02 08:14:17.345, 81, 240, 405, 7.41, 0x0000000000000001
2026/10/02 08:14:17.471, 81, 240, 405, 7.47, 0x0000000000000001
2026/10/02 08:14:17.597, 81, 240, 405, 7.46, 0x0000000000000001
2026/10/02 08:14:17.722, 81, 240, 405, 7.45, 0x0000000000000001
2026/10/02 08:14:17.854, 81, 210, 405, 7.45, 0x0000000000000001
2026/10/02 08:14:17.982, 81, 210, 405, 7.47, 0x0000000000000001
2026/10/02 08:14:18.106, 81, 210, 405, 7.45, 0x0000000000000001
2026/10/02 08:14:18.242, 81, 210, 405, 7.44, 0x0000000000000001
2026/10/02 08:14:18.376, 81, 210, 405, 7.44, 0x0000000000000001
2026/10/02 08:14:18.504, 81, 210, 405, 7.46, 0x0000000000000001
2026/10/02 08:14:18.638, 81, 210, 405, 7.46, 0x0000000000000001
2026/10/02 08:14:18.780, 81, 210, 405, 7.46, 0x0000000000000001
2026/10/02 08:14:18.919, 81, 210, 405, 7.48, 0x0000000000000001
2026/10/02 08:14:19.045, 81, 210, 405, 7.47, 0x0000000000000001
2026/10/02 08:14:19.170, 81, 210, 405, 7.49, 0x0000000000000001
2026/10/02 08:14:19.305, 81, 210, 405, 7.50, 0x0000000000000001
2026/10/02 08:14:19.435, 81, 210, 405, 7.46, 0x0000000000000001
2026/10/02 08:14:19.568, 81, 210, 405, 7.45, 0x0000000000000001
2026/10/02 08:14:19.698, 81, 210, 405, 7.46, 0x0000000000000001
2026/10/02 08:14:19.825, 81, 210, 405, 7.50, 0x0000000000000001
2026/10/02 08:14:19.963, 81, 210, 405, 7.53, 0x0000000000000001
2026/10/02 08:14:20.113, 81, 210, 405, 7.67, 0x0000000000000001
2026/10/02 08:14:20.238, 81, 330, 405, 7.70, 0x0000000000000001
2026/10/02 08:14:20.363, 81, 330, 405, 7.66, 0x0000000000000001
2026/10/02 08:14:20.488, 81, 330, 405, 7.66, 0x0000000000000001
2026/10/02 08:14:20.614, 81, 330, 405, 7.68, 0x0000000000000001
2026/10/02 08:14:20.739, 81, 330, 405, 7.66, 0x0000000000000001
2026/10/02 08:14:20.870, 81, 330, 405, 7.66, 0x0000000000000001
2026/10/02 08:14:20.994, 81, 330, 405, 7.62, 0x0000000000000001
2026/10/02 08:14:21.128, 81, 330, 405, 8.62, 0x0000000000000001
2026/10/02 08:14:21.254, 81, 1890, 8001, 9.85, 0x0000000000000001
2026/10/02 08:14:21.371, 81, 1890, 8001, 11.15, 0x0000000000000001
2026/10/02 08:14:21.493, 82, 1890, 8001, 13.61, 0x0000000000000001
2026/10/02 08:14:21.612, 82, 1890, 8001, 14.80, 0x0000000000000001
2026/10/02 08:14:21.729, 82, 1890, 8001, 16.10, 0x0000000000000001
2026/10/02 08:14:21.848, 82, 1890, 8001, 17.40, 0x0000000000000001
2026/10/02 08:14:21.968, 82, 1890, 8001, 18.72, 0x0000000000000001
2026/10/02 08:14:22.093, 82, 1890, 8001, 21.28, 0x0000000000000001
2026/10/02 08:14:22.210, 82, 1890, 8001, 21.44, 0x0000000000000001
2026/10/02 08:14:22.329, 82, 1890, 8001, 21.46, 0x0000000000000001
2026/10/02 08:14:22.447, 82, 1890, 8001, 21.45, 0x0000000000000001
2026/10/02 08:14:22.570, 82, 1890, 8001, 21.37, 0x0000000000000001
2026/10/02 08:14:22.693, 82, 1890, 8001, 21.40, 0x0000000000000001
2026/10/02 08:14:22.818, 82, 1890, 8001, 21.29, 0x0000000000000001
2026/10/02 08:14:22.937, 82, 1890, 8001, 21.19, 0x0000000000000001
2026/10/02 08:14:23.057, 82, 1890, 8001, 21.15, 0x0000000000000001
2026/10/02 08:14:23.177, 82, 1890, 8001, 20.97, 0x0000000000000001
2026/10/02 08:14:23.295, 82, 1890, 8001, 20.96, 0x0000000000000001
2026/10/02 08:14:23.414, 82, 1890, 8001, 20.84, 0x0000000000000001
2026/10/02 08:14:23.534, 82, 1890, 8001, 20.80, 0x0000000000000001
2026/10/02 08:14:23.656, 82, 1890, 8001, 20.79, 0x0000000000000001
2026/10/02 08:14:23.778, 82, 1890, 8001, 20.84, 0x0000000000000001
2026/10/02 08:14:23.896, 82, 1890, 8001, 20.90, 0x0000000000000001
2026/10/02 08:14:24.014, 82, 1890, 8001, 20.90, 0x0000000000000001
2026/10/02 08:14:24.137, 82, 1890, 8001, 20.86, 0x0000000000000001
2026/10/02 08:14:24.256, 82, 1890, 8001, 20.89, 0x0000000000000001
2026/10/02 08:14:24.373, 82, 1890, 8001, 20.86, 0x0000000000000001
2026/10/02 08:14:24.491, 82, 1890, 8001, 20.92, 0x0000000000000001
2026/10/02 08:14:24.614, 82, 1890, 8001, 20.91, 0x0000000000000001
2026/10/02 08:14:24.735, 82, 570, 6001, 20.49, 0x0000000000000001
2026/10/02 08:14:24.865, 82, 570, 6001, 19.01, 0x0000000000000001
2026/10/02 08:14:24.986, 82, 570, 6001, 18.24, 0x0000000000000001
2026/10/02 08:14:25.108, 82, 570, 6001, 17.54, 0x0000000000000001
2026/10/02 08:14:25.228, 82, 465, 6001, 16.87, 0x0000000000000001
2026/10/02 08:14:25.347, 82, 465, 6001, 15.54, 0x0000000000000001
2026/10/02 08:14:25.482, 82, 465, 6001, 14.83, 0x0000000000000001
2026/10/02 08:14:25.604, 82, 465, 6001, 14.02, 0x0000000000000001
2026/10/02 08:14:25.724, 82, 420, 6001, 13.03, 0x0000000000000001
2026/10/02 08:14:25.846, 81, 420, 6001, 13.17, 0x0000000000000001
2026/10/02 08:14:25.973, 81, 420, 6001, 13.17, 0x0000000000000001
2026/10/02 08:14:26.101, 81, 420, 6001, 13.16, 0x0000000000000001
2026/10/02 08:14:26.228, 81, 375, 810, 13.16, 0x0000000000000001
2026/10/02 08:14:26.350, 81, 375, 810, 12.60, 0x0000000000000001
2026/10/02 08:14:26.476, 81, 375, 810, 12.27, 0x0000000000000001
2026/10/02 08:14:26.613, 81, 375, 810, 12.06, 0x0000000000000001
2026/10/02 08:14:26.743, 81, 330, 810, 11.63, 0x0000000000000001
2026/10/02 08:14:26.873, 81, 330, 810, 11.33, 0x0000000000000001
2026/10/02 08:14:26.994, 81, 330, 810, 11.00, 0x0000000000000001
2026/10/02 08:14:27.116, 81, 330, 810, 10.80, 0x0000000000000001
2026/10/02 08:14:27.236, 81, 300, 810, 10.24, 0x0000000000000001
2026/10/02 08:14:27.358, 81, 300, 810, 10.24, 0x0000000000000001
2026/10/02 08:14:27.496, 81, 300, 810, 10.25, 0x0000000000000001
2026/10/02 08:14:27.617, 81, 300, 810, 10.20, 0x0000000000000001
2026/10/02 08:14:27.749, 81, 255, 810, 10.17, 0x0000000000000001
2026/10/02 08:14:27.870, 81, 255, 810, 10.13, 0x0000000000000001
2026/10/02 08:14:28.000, 81, 255, 810, 10.11, 0x0000000000000001
2026/10/02 08:14:28.125, 81, 255, 810, 10.04, 0x0000000000000001
2026/10/02 08:14:28.259, 81, 210, 810, 9.99, 0x0000000000000001
2026/10/02 08:14:28.390, 81, 210, 810, 9.99, 0x0000000000000001
2026/10/02 08:14:28.516, 81, 210, 810, 9.95, 0x0000000000000001
2026/10/02 08:14:28.644, 81, 210, 810, 9.95, 0x0000000000000001
2026/10/02 08:14:28.769, 81, 210, 810, 9.89, 0x0000000000000001
2026/10/02 08:14:28.893, 81, 210, 810, 9.85, 0x0000000000000001
2026/10/02 08:14:29.031, 81, 210, 810, 9.87, 0x0000000000000001
2026/10/02 08:14:29.165, 81, 210, 810, 9.88, 0x0000000000000001
2026/10/02 08:14:29.297, 81, 210, 810, 9.88, 0x0000000000000001
2026/10/02 08:14:29.434, 81, 210, 810, 9.89, 0x0000000000000001
2026/10/02 08:14:29.557, 81, 210, 810, 9.89, 0x0000000000000001
2026/10/02 08:14:29.692, 81, 210, 810, 9.91, 0x0000000000000001
2026/10/02 08:14:29.818, 81, 210, 810, 9.91, 0x0000000000000001
2026/10/02 08:14:29.948, 81, 210, 810, 9.70, 0x0000000000000001
2026/10/02 08:14:30.076, 81, 210, 810, 9.19, 0x0000000000000001
2026/10/02 08:14:30.204, 81, 210, 810, 9.02, 0x0000000000000001
2026/10/02 08:14:30.333, 81, 210, 405, 8.79, 0x0000000000000001
2026/10/02 08:14:30.468, 81, 210, 405, 8.59, 0x0000000000000001
2026/10/02 08:14:30.597, 81, 210, 405, 7.97, 0x0000000000000001
2026/10/02 08:14:30.729, 81, 210, 405, 7.71, 0x0000000000000001
2026/10/02 08:14:30.858, 81, 210, 405, 7.69, 0x0000000000000001
2026/10/02 08:14:30.987, 81, 210, 405, 7.47, 0x0000000000000001
2026/10/02 08:14:31.122, 81, 210, 405, 7.49, 0x0000000000000001
2026/10/02 08:14:31.259, 81, 210, 405, 7.49, 0x0000000000000001
2026/10/02 08:14:31.386, 81, 210, 405, 7.49, 0x0000000000000001
2026/10/02 08:14:31.536, 81, 210, 405, 7.48, 0x0000000000000001
2026/10/02 08:14:31.675, 81, 210, 405, 7.49, 0x0000000000000001
2026/10/02 08:14:31.804, 81, 210, 405, 7.49, 0x0000000000000001
2026/10/02 08:14:31.934, 81, 210, 405, 7.46, 0x0000000000000001
2026/10/02 08:14:32.063, 81, 210, 405, 7.45, 0x0000000000000001
2026/10/02 08:14:32.197, 81, 210, 405, 7.42, 0x0000000000000001
2026/10/02 08:14:32.345, 81, 210, 405, 7.39, 0x0000000000000001
2026/10/02 08:14:32.482, 81, 210, 405, 7.39, 0x0000000000000001
2026/10/02 08:14:32.642, 81, 210, 405, 7.38, 0x0000000000000001
2026/10/02 08:14:32.769, 81, 210, 405, 7.34, 0x0000000000000001
2026/10/02 08:14:32.895, 81, 210, 405, 7.29, 0x0000000000000001
2026/10/02 08:14:33.032, 81, 210, 405, 7.32, 0x0000000000000001
2026/10/02 08:14:33.168, 81, 210, 405, 7.32, 0x0000000000000001
2026/10/02 08:14:33.295, 81, 210, 405, 7.35, 0x0000000000000001
2026/10/02 08:14:33.421, 81, 210, 405, 7.32, 0x0000000000000001
2026/10/02 08:14:33.561, 81, 210, 405, 7.33, 0x0000000000000001
2026/10/02 08:14:33.701, 81, 210, 405, 7.33, 0x0000000000000001
2026/10/02 08:14:33.830, 81, 210, 405, 7.36, 0x0000000000000001
2026/10/02 08:14:33.971, 81, 210, 405, 7.35, 0x0000000000000001
2026/10/02 08:14:34.099, 81, 210, 405, 7.34, 0x0000000000000001
2026/10/02 08:14:34.228, 81, 210, 405, 7.36, 0x0000000000000001
2026/10/02 08:14:34.356, 81, 210, 405, 7.36, 0x0000000000000001
2026/10/02 08:14:34.486, 81, 210, 405, 7.36, 0x0000000000000001
2026/10/02 08:14:34.617, 81, 210, 405, 7.34, 0x0000000000000001
2026/10/02 08:14:34.745, 81, 210, 405, 7.33, 0x0000000000000001
2026/10/02 08:14:34.884, 81, 210, 405, 7.34, 0x0000000000000001
2026/10/02 08:14:35.012, 81, 210, 405, 7.35, 0x0000000000000001
2026/10/02 08:14:35.158, 81, 210, 405, 7.38, 0x0000000000000001
2026/10/02 08:14:35.285, 81, 210, 405, 7.39, 0x0000000000000001
2026/10/02 08:14:35.433, 81, 210, 405, 7.41, 0x0000000000000001
2026/10/02 08:14:35.564, 81, 210, 405, 7.43, 0x0000000000000001
2026/10/02 08:14:35.698, 81, 210, 405, 7.45, 0x0000000000000001
2026/10/02 08:14:35.825, 81, 210, 405, 7.46, 0x0000000000000001
2026/10/02 08:14:35.962, 81, 210, 405, 7.46, 0x0000000000000001
2026/10/02 08:14:36.089, 81, 210, 405, 7.45, 0x0000000000000001
2026/10/02 08:14:36.239, 81, 210, 405, 7.46, 0x0000000000000001
2026/10/02 08:14:36.373, 81, 210, 405, 7.45, 0x0000000000000001
2026/10/02 08:14:36.498, 81, 210, 405, 7.44, 0x0000000000000001
2026/10/02 08:14:36.624, 81, 210, 405, 7.43, 0x0000000000000001
2026/10/02 08:14:36.760, 81, 210, 405, 7.44, 0x0000000000000001
2026/10/02 08:14:36.891, 81, 210, 405, 7.42, 0x0000000000000001
2026/10/02 08:14:37.035, 81, 210, 405, 7.43, 0x0000000000000001
2026/10/02 08:14:37.171, 81, 210, 405, 7.39, 0x0000000000000001
2026/10/02 08:14:37.318, 81, 210, 405, 7.36, 0x0000000000000001
2026/10/02 08:14:37.442, 81, 210, 405, 7.37, 0x0000000000000001
2026/10/02 08:14:37.571, 81, 210, 405, 7.36, 0x0000000000000001
2026/10/02 08:14:37.708, 81, 210, 405, 7.39, 0x0000000000000001
2026/10/02 08:14:37.846, 81, 210, 405, 7.40, 0x0000000000000001
2026/10/02 08:14:37.983, 81, 210, 405, 7.40, 0x0000000000000001
2026/10/02 08:14:38.109, 81, 210, 405, 7.38, 0x0000000000000001
2026/10/02 08:14:38.260, 81, 210, 405, 7.43, 0x0000000000000001
2026/10/02 08:14:38.387, 81, 210, 405, 7.43, 0x0000000000000001
2026/10/02 08:14:38.518, 81, 210, 405, 7.42, 0x0000000000000001
2026/10/02 08:14:38.646, 81, 210, 405, 7.41, 0x0000000000000001
2026/10/02 08:14:38.771, 81, 210, 405, 7.39, 0x0000000000000001
2026/10/02 08:14:38.897, 81, 210, 405, 7.37, 0x0000000000000001
2026/10/02 08:14:39.027, 81, 210, 405, 7.36, 0x0000000000000001
2026/10/02 08:14:39.156, 81, 210, 405, 7.37, 0x0000000000000001
2026/10/02 08:14:39.280, 81, 210, 405, 7.37, 0x0000000000000001
2026/10/02 08:14:39.425, 81, 210, 405, 7.37, 0x0000000000000001
2026/10/02 08:14:39.552, 81, 210, 405, 7.39, 0x0000000000000001
2026/10/02 08:14:39.707, 81, 210, 405, 7.44, 0x0000000000000001
2026/10/02 08:14:39.831, 81, 1890, 8001, 8.31, 0x0000000000000001
2026/10/02 08:14:39.961, 81, 1890, 8001, 10.96, 0x0000000000000001
2026/10/02 08:14:40.079, 82, 1890, 8001, 12.27, 0x0000000000000001
2026/10/02 08:14:40.197, 82, 1890, 8001, 13.65, 0x0000000000000001
2026/10/02 08:14:40.314, 82, 1890, 8001, 14.77, 0x0000000000000001
2026/10/02 08:14:40.433, 82, 1890, 8001, 15.93, 0x0000000000000001
2026/10/02 08:14:40.552, 82, 1890, 8001, 18.14, 0x0000000000000001
2026/10/02 08:14:40.675, 82, 1890, 8001, 19.35, 0x0000000000000001
2026/10/02 08:14:40.795, 82, 1890, 8001, 20.41, 0x0000000000000001
2026/10/02 08:14:40.913, 82, 1890, 8001, 20.73, 0x0000000000000001
2026/10/02 08:14:41.042, 82, 1890, 8001, 20.59, 0x0000000000000001
2026/10/02 08:14:41.163, 82, 1890, 8001, 20.50, 0x0000000000000001
2026/10/02 08:14:41.286, 82, 1890, 8001, 20.44, 0x0000000000000001
2026/10/02 08:14:41.413, 82, 1890, 8001, 20.54, 0x0000000000000001
2026/10/02 08:14:41.532, 82, 1890, 8001, 20.68, 0x0000000000000001
2026/10/02 08:14:41.653, 82, 1890, 8001, 20.93, 0x0000000000000001
2026/10/02 08:14:41.771, 82, 1890, 8001, 21.02, 0x0000000000000001
2026/10/02 08:14:41.890, 82, 1890, 8001, 21.05, 0x0000000000000001
2026/10/02 08:14:42.008, 82, 1890, 8001, 21.05, 0x0000000000000001
2026/10/02 08:14:42.128, 82, 1890, 8001, 21.05, 0x0000000000000001
2026/10/02 08:14:42.252, 82, 1890, 8001, 21.01, 0x0000000000000001
2026/10/02 08:14:42.371, 82, 1890, 8001, 20.94, 0x0000000000000001
2026/10/02 08:14:42.488, 82, 1890, 8001, 20.89, 0x0000000000000001
2026/10/02 08:14:42.608, 82, 1890, 8001, 20.79, 0x0000000000000001
2026/10/02 08:14:42.727, 82, 1890, 8001, 20.84, 0x0000000000000001
2026/10/02 08:14:42.851, 82, 570, 6001, 19.79, 0x0000000000000001
2026/10/02 08:14:42.971, 82, 570, 6001, 19.07, 0x0000000000000001
2026/10/02 08:14:43.091, 82, 570, 6001, 18.36, 0x0000000000000001
2026/10/02 08:14:43.215, 82, 570, 6001, 17.64, 0x0000000000000001
2026/10/02 08:14:43.338, 82, 465, 6001, 16.19, 0x0000000000000001
2026/10/02 08:14:43.463, 81, 465, 6001, 15.44, 0x0000000000000001
2026/10/02 08:14:43.585, 81, 465, 6001, 14.74, 0x0000000000000001
2026/10/02 08:14:43.719, 81, 465, 6001, 13.23, 0x0000000000000001
2026/10/02 08:14:43.841, 81, 405, 6001, 12.73, 0x0000000000000001
2026/10/02 08:14:43.974, 81, 405, 6001, 12.70, 0x0000000000000001
2026/10/02 08:14:44.094, 81, 405, 6001, 12.66, 0x0000000000000001
2026/10/02 08:14:44.222, 81, 405, 6001, 12.65, 0x0000000000000001
2026/10/02 08:14:44.343, 81, 315, 810, 12.36, 0x0000000000000001
2026/10/02 08:14:44.468, 81, 315, 810, 12.08, 0x0000000000000001
2026/10/02 08:14:44.602, 81, 315, 810, 11.81, 0x0000000000000001
2026/10/02 08:14:44.736, 81, 315, 810, 11.21, 0x0000000000000001
2026/10/02 08:14:44.861, 81, 270, 810, 11.10, 0x0000000000000001
2026/10/02 08:14:44.983, 81, 270, 810, 10.93, 0x0000000000000001
2026/10/02 08:14:45.109, 81, 270, 810, 10.59, 0x0000000000000001
2026/10/02 08:14:45.242, 81, 270, 810, 10.38, 0x0000000000000001
2026/10/02 08:14:45.366, 81, 255, 810, 10.24, 0x0000000000000001
2026/10/02 08:14:45.490, 81, 255, 810, 10.30, 0x0000000000000001
2026/10/02 08:14:45.624, 81, 255, 810, 10.31, 0x0000000000000001
2026/10/02 08:14:45.761, 81, 255, 810, 10.34, 0x0000000000000001
2026/10/02 08:14:45.886, 81, 270, 810, 10.39, 0x0000000000000001
2026/10/02 08:14:46.015, 81, 270, 810, 10.43, 0x0000000000000001
2026/10/02 08:14:46.159, 81, 270, 810, 10.43, 0x0000000000000001
2026/10/02 08:14:46.283, 81, 270, 810, 10.46, 0x0000000000000001
2026/10/02 08:14:46.414, 81, 270, 810, 10.37, 0x0000000000000001
2026/10/02 08:14:46.543, 81, 270, 810, 10.36, 0x0000000000000001
2026/10/02 08:14:46.676, 81, 270, 810, 10.41, 0x0000000000000001
2026/10/02 08:14:46.799, 81, 270, 810, 10.44, 0x0000000000000001
2026/10/02 08:14:46.920, 81, 315, 810, 10.51, 0x0000000000000001
2026/10/02 08:14:47.047, 81, 315, 810, 10.48, 0x0000000000000001
2026/10/02 08:14:47.170, 81, 315, 810, 10.45, 0x0000000000000001
2026/10/02 08:14:47.293, 81, 315, 810, 10.47, 0x0000000000000001
2026/10/02 08:14:47.414, 81, 315, 810, 10.49, 0x0000000000000001
2026/10/02 08:14:47.556, 81, 315, 810, 10.50, 0x0000000000000001
2026/10/02 08:14:47.689, 81, 315, 810, 10.47, 0x0000000000000001
2026/10/02 08:14:47.813, 81, 315, 810, 10.41, 0x0000000000000001
2026/10/02 08:14:47.955, 81, 315, 810, 10.43, 0x0000000000000001
2026/10/02 08:14:48.086, 81, 315, 810, 10.45, 0x0000000000000001
2026/10/02 08:14:48.208, 81, 315, 810, 10.50, 0x0000000000000001
2026/10/02 08:14:48.337, 81, 315, 810, 10.56, 0x0000000000000001
2026/10/02 08:14:48.459, 81, 315, 810, 10.52, 0x0000000000000001
2026/10/02 08:14:48.586, 81, 315, 810, 10.45, 0x0000000000000001
2026/10/02 08:14:48.717, 81, 315, 810, 10.36, 0x0000000000000001
2026/10/02 08:14:48.849, 81, 270, 810, 10.29, 0x0000000000000001
2026/10/02 08:14:48.970, 81, 270, 810, 10.23, 0x0000000000000001
2026/10/02 08:14:49.090, 81, 270, 810, 10.17, 0x0000000000000001
2026/10/02 08:14:49.237, 81, 270, 810, 9.59, 0x0000000000000001
2026/10/02 08:14:49.369, 81, 225, 405, 9.32, 0x0000000000000001
2026/10/02 08:14:49.509, 81, 225, 405, 8.75, 0x0000000000000001
2026/10/02 08:14:49.637, 81, 225, 405, 8.54, 0x0000000000000001
2026/10/02 08:14:49.761, 81, 225, 405, 8.28, 0x0000000000000001
2026/10/02 08:14:49.910, 81, 210, 405, 7.76, 0x0000000000000001
2026/10/02 08:14:50.055, 81, 210, 405, 7.55, 0x0000000000000001
2026/10/02 08:14:50.180, 81, 210, 405, 7.34, 0x0000000000000001
2026/10/02 08:14:50.317, 81, 210, 405, 7.35, 0x0000000000000001
2026/10/02 08:14:50.443, 81, 210, 405, 7.35, 0x0000000000000001
2026/10/02 08:14:50.569, 81, 210, 405, 7.39, 0x0000000000000001
2026/10/02 08:14:50.695, 81, 210, 405, 7.41, 0x0000000000000001
2026/10/02 08:14:50.821, 81, 210, 405, 7.39, 0x0000000000000001
2026/10/02 08:14:50.953, 81, 210, 405, 7.35, 0x0000000000000001
2026/10/02 08:14:51.080, 81, 210, 405, 7.36, 0x0000000000000001
2026/10/02 08:14:51.216, 81, 210, 405, 7.36, 0x0000000000000001
2026/10/02 08:14:51.351, 81, 210, 405, 7.36, 0x0000000000000001
2026/10/02 08:14:51.476, 81, 210, 405, 7.38, 0x0000000000000001
2026/10/02 08:14:51.603, 81, 210, 405, 7.33, 0x0000000000000001
2026/10/02 08:14:51.753, 81, 210, 405, 7.34, 0x0000000000000001
2026/10/02 08:14:51.883, 81, 210, 405, 7.33, 0x0000000000000001
2026/10/02 08:14:52.007, 81, 210, 405, 7.36, 0x0000000000000001
2026/10/02 08:14:52.132, 81, 210, 405, 7.35, 0x0000000000000001
2026/10/02 08:14:52.262, 81, 210, 405, 7.32, 0x0000000000000001
2026/10/02 08:14:52.388, 81, 210, 405, 7.32, 0x0000000000000001
2026/10/02 08:14:52.525, 81, 210, 405, 7.30, 0x0000000000000001
2026/10/02 08:14:52.652, 81, 210, 405, 7.31, 0x0000000000000001
2026/10/02 08:14:52.793, 81, 210, 405, 7.30, 0x0000000000000001
2026/10/02 08:14:52.945, 81, 210, 405, 7.28, 0x0000000000000001
2026/10/02 08:14:53.069, 81, 210, 405, 7.26, 0x0000000000000001
2026/10/02 08:14:53.193, 81, 210, 405, 7.32, 0x0000000000000001
2026/10/02 08:14:53.320, 81, 210, 405, 7.32, 0x0000000000000001
2026/10/02 08:14:53.457, 81, 210, 405, 7.31, 0x0000000000000001
2026/10/02 08:14:53.610, 81, 210, 405, 7.31, 0x0000000000000001
2026/10/02 08:14:53.735, 81, 210, 405, 7.30, 0x0000000000000001
2026/10/02 08:14:53.859, 81, 210, 405, 7.27, 0x0000000000000001
2026/10/02 08:14:54.005, 81, 210, 405, 7.29, 0x0000000000000001
2026/10/02 08:14:54.131, 81, 210, 405, 7.28, 0x0000000000000001
2026/10/02 08:14:54.255, 81, 210, 405, 7.28, 0x0000000000000001
2026/10/02 08:14:54.392, 81, 210, 405, 7.30, 0x0000000000000001
2026/10/02 08:14:54.534, 81, 210, 405, 7.31, 0x0000000000000001
2026/10/02 08:14:54.678, 81, 210, 405, 7.29, 0x0000000000000001
2026/10/02 08:14:54.826, 81, 210, 405, 7.31, 0x0000000000000001
2026/10/02 08:14:54.951, 81, 210, 405, 7.34, 0x0000000000000001
2026/10/02 08:14:55.081, 81, 210, 405, 7.35, 0x0000000000000001
2026/10/02 08:14:55.209, 81, 210, 405, 7.32, 0x0000000000000001
2026/10/02 08:14:55.333, 81, 210, 405, 7.31, 0x0000000000000001
2026/10/02 08:14:55.489, 81, 210, 405, 7.41, 0x0000000000000001
2026/10/02 08:14:55.631, 81, 210, 405, 7.47, 0x0000000000000001
2026/10/02 08:14:55.752, 81, 210, 405, 9.59, 0x0000000000000001
2026/10/02 08:14:55.883, 81, 1890, 8001, 10.77, 0x0000000000000001
2026/10/02 08:14:56.004, 81, 1890, 8001, 11.94, 0x0000000000000001
2026/10/02 08:14:56.125, 81, 1890, 8001, 13.11, 0x0000000000000001
2026/10/02 08:14:56.250, 81, 1890, 8001, 15.57, 0x0000000000000001
2026/10/02 08:14:56.370, 82, 1890, 8001, 16.81, 0x0000000000000001
2026/10/02 08:14:56.496, 82, 1890, 8001, 18.12, 0x0000000000000001
2026/10/02 08:14:56.623, 82, 1890, 8001, 19.16, 0x0000000000000001
2026/10/02 08:14:56.749, 82, 1890, 8001, 20.54, 0x0000000000000001
2026/10/02 08:14:56.874, 82, 1890, 8001, 20.58, 0x0000000000000001
2026/10/02 08:14:56.991, 82, 1890, 8001, 20.56, 0x0000000000000001
2026/10/02 08:14:57.110, 82, 1890, 8001, 20.58, 0x0000000000000001
2026/10/02 08:14:57.233, 82, 1890, 8001, 20.55, 0x0000000000000001
2026/10/02 08:14:57.352, 82, 1890, 8001, 20.57, 0x0000000000000001
2026/10/02 08:14:57.478, 82, 1890, 8001, 19.72, 0x0000000000000001
2026/10/02 08:14:57.606, 82, 1890, 8001, 18.78, 0x0000000000000001
2026/10/02 08:14:57.727, 82, 1890, 8001, 16.82, 0x0000000000000001
2026/10/02 08:14:57.858, 81, 375, 810, 15.92, 0x0000000000000001
2026/10/02 08:14:57.986, 81, 375, 810, 14.99, 0x0000000000000001
2026/10/02 08:14:58.108, 81, 375, 810, 13.38, 0x0000000000000001
2026/10/02 08:14:58.235, 81, 375, 810, 12.13, 0x0000000000000001
2026/10/02 08:14:58.363, 81, 315, 810, 11.16, 0x0000000000000001
2026/10/02 08:14:58.485, 81, 315, 810, 10.17, 0x0000000000000001
2026/10/02 08:14:58.607, 81, 315, 810, 10.01, 0x0000000000000001
2026/10/02 08:14:58.732, 81, 315, 810, 9.95, 0x0000000000000001
2026/10/02 08:14:58.858, 81, 255, 810, 9.93, 0x0000000000000001
2026/10/02 08:14:58.980, 81, 255, 810, 9.87, 0x0000000000000001
2026/10/02 08:14:59.102, 81, 255, 810, 9.83, 0x0000000000000001
2026/10/02 08:14:59.232, 81, 255, 810, 9.83, 0x0000000000000001
2026/10/02 08:14:59.356, 81, 225, 810, 9.81, 0x0000000000000001
2026/10/02 08:14:59.479, 81, 225, 810, 9.81, 0x0000000000000001
2026/10/02 08:14:59.599, 81, 225, 810, 9.80, 0x0000000000000001
2026/10/02 08:14:59.731, 81, 225, 810, 9.80, 0x0000000000000001
2026/10/02 08:14:59.853, 81, 210, 810, 9.78, 0x0000000000000001
2026/10/02 08:14:59.976, 81, 210, 810, 9.79, 0x0000000000000001
2026/10/02 08:15:00.102, 81, 210, 810, 9.81, 0x0000000000000001
2026/10/02 08:15:00.240, 81, 210, 810, 9.81, 0x0000000000000001
2026/10/02 08:15:00.373, 81, 210, 810, 9.81, 0x0000000000000001
2026/10/02 08:15:00.505, 81, 210, 810, 9.60, 0x0000000000000001
2026/10/02 08:15:00.644, 81, 210, 810, 9.17, 0x0000000000000001
2026/10/02 08:15:00.773, 81, 210, 405, 8.86, 0x0000000000000001
2026/10/02 08:15:00.906, 81, 210, 405, 8.71, 0x0000000000000001
2026/10/02 08:15:01.047, 81, 210, 405, 8.25, 0x0000000000000001
2026/10/02 08:15:01.192, 81, 210, 405, 8.02, 0x0000000000000001
2026/10/02 08:15:01.339, 81, 210, 405, 7.80, 0x0000000000000001
2026/10/02 08:15:01.492, 81, 210, 405, 7.37, 0x0000000000000001
2026/10/02 08:15:01.620, 81, 210, 405, 7.36, 0x0000000000000001
2026/10/02 08:15:01.749, 81, 210, 405, 7.36, 0x0000000000000001
2026/10/02 08:15:01.882, 81, 210, 405, 7.36, 0x0000000000000001
2026/10/02 08:15:02.011, 81, 210, 405, 7.35, 0x0000000000000001
2026/10/02 08:15:02.144, 81, 210, 405, 7.34, 0x0000000000000001
2026/10/02 08:15:02.274, 81, 210, 405, 7.34, 0x0000000000000001
2026/10/02 08:15:02.412, 81, 210, 405, 7.32, 0x0000000000000001
2026/10/02 08:15:02.542, 81, 210, 405, 7.31, 0x0000000000000001
2026/10/02 08:15:02.676, 81, 210, 405, 7.30, 0x0000000000000001
2026/10/02 08:15:02.803, 81, 210, 405, 7.30, 0x0000000000000001
2026/10/02 08:15:02.932, 81, 210, 405, 7.32, 0x0000000000000001
2026/10/02 08:15:03.068, 81, 210, 405, 7.32, 0x0000000000000001
2026/10/02 08:15:03.195, 81, 210, 405, 7.34, 0x0000000000000001
2026/10/02 08:15:03.330, 81, 210, 405, 7.33, 0x0000000000000001
2026/10/02 08:15:03.467, 81, 210, 405, 7.32, 0x0000000000000001
2026/10/02 08:15:03.595, 81, 210, 405, 7.36, 0x0000000000000001
2026/10/02 08:15:03.737, 81, 210, 405, 7.36, 0x0000000000000001
2026/10/02 08:15:03.894, 81, 210, 405, 7.34, 0x0000000000000001
2026/10/02 08:15:04.022, 81, 210, 405, 7.32, 0x0000000000000001
2026/10/02 08:15:04.177, 81, 210, 405, 7.38, 0x0000000000000001
2026/10/02 08:15:04.313, 81, 210, 405, 7.42, 0x0000000000000001
2026/10/02 08:15:04.441, 81, 330, 405, 7.43, 0x0000000000000001
2026/10/02 08:15:04.567, 81, 330, 405, 7.42, 0x0000000000000001
2026/10/02 08:15:04.694, 81, 330, 405, 7.42, 0x0000000000000001
2026/10/02 08:15:04.840, 81, 330, 405, 7.47, 0x0000000000000001
2026/10/02 08:15:04.980, 81, 330, 405, 7.56, 0x0000000000000001
2026/10/02 08:15:05.109, 81, 330, 405, 7.58, 0x0000000000000001
2026/10/02 08:15:05.249, 81, 330, 405, 7.50, 0x0000000000000001
2026/10/02 08:15:05.376, 81, 330, 405, 7.49, 0x0000000000000001
2026/10/02 08:15:05.503, 81, 330, 405, 7.44, 0x0000000000000001
2026/10/02 08:15:05.640, 81, 330, 405, 7.46, 0x0000000000000001
2026/10/02 08:15:05.769, 81, 330, 405, 7.47, 0x0000000000000001
2026/10/02 08:15:05.898, 81, 330, 405, 7.41, 0x0000000000000001
2026/10/02 08:15:06.029, 81, 330, 405, 7.35, 0x0000000000000001
2026/10/02 08:15:06.161, 81, 330, 405, 7.32, 0x0000000000000001
2026/10/02 08:15:06.290, 81, 330, 405, 7.35, 0x0000000000000001
2026/10/02 08:15:06.425, 81, 210, 405, 7.32, 0x0000000000000001
2026/10/02 08:15:06.552, 81, 210, 405, 7.34, 0x0000000000000001
2026/10/02 08:15:06.698, 81, 210, 405, 7.35, 0x0000000000000001
2026/10/02 08:15:06.824, 81, 210, 405, 7.33, 0x0000000000000001
2026/10/02 08:15:06.954, 81, 210, 405, 7.36, 0x0000000000000001
2026/10/02 08:15:07.084, 81, 210, 405, 7.38, 0x0000000000000001
2026/10/02 08:15:07.215, 81, 210, 405, 7.36, 0x0000000000000001
2026/10/02 08:15:07.343, 80, 210, 405, 7.35, 0x0000000000000001
2026/10/02 08:15:07.470, 80, 210, 405, 7.34, 0x0000000000000001
2026/10/02 08:15:07.603, 80, 210, 405, 7.35, 0x0000000000000001
2026/10/02 08:15:07.731, 80, 210, 405, 7.35, 0x0000000000000001
2026/10/02 08:15:07.859, 80, 210, 405, 7.36, 0x0000000000000001
2026/10/02 08:15:07.991, 80, 210, 405, 7.34, 0x0000000000000001
2026/10/02 08:15:08.117, 80, 210, 405, 7.34, 0x0000000000000001
2026/10/02 08:15:08.243, 80, 210, 405, 7.33, 0x0000000000000001
2026/10/02 08:15:08.370, 80, 210, 405, 7.31, 0x0000000000000001
2026/10/02 08:15:08.512, 80, 210, 405, 7.32, 0x0000000000000001
2026/10/02 08:15:08.676, 80, 210, 405, 7.48, 0x0000000000000001
2026/10/02 08:15:08.843, 80, 210, 405, 7.68, 0x0000000000000001
2026/10/02 08:15:08.992, 80, 1890, 8001, 8.30, 0x0000000000000001
2026/10/02 08:15:09.111, 80, 1890, 8001, 9.43, 0x0000000000000001
2026/10/02 08:15:09.230, 80, 1890, 8001, 10.57, 0x0000000000000001
2026/10/02 08:15:09.353, 81, 1890, 8001, 12.97, 0x0000000000000001
2026/10/02 08:15:09.476, 81, 1890, 8001, 14.13, 0x0000000000000001
2026/10/02 08:15:09.594, 81, 1890, 8001, 15.30, 0x0000000000000001
2026/10/02 08:15:09.712, 81, 1890, 8001, 16.45, 0x0000000000000001
2026/10/02 08:15:09.828, 82, 1890, 8001, 17.53, 0x0000000000000001
2026/10/02 08:15:09.950, 82, 1890, 8001, 19.84, 0x0000000000000001
2026/10/02 08:15:10.070, 82, 1890, 8001, 20.42, 0x0000000000000001
2026/10/02 08:15:10.188, 82, 1890, 8001, 20.59, 0x0000000000000001
2026/10/02 08:15:10.309, 82, 1890, 8001, 20.71, 0x0000000000000001
2026/10/02 08:15:10.429, 82, 1890, 8001, 20.89, 0x0000000000000001
2026/10/02 08:15:10.552, 82, 1890, 8001, 21.08, 0x0000000000000001
2026/10/02 08:15:10.672, 82, 1890, 8001, 21.10, 0x0000000000000001
2026/10/02 08:15:10.793, 82, 1890, 8001, 20.58, 0x0000000000000001
2026/10/02 08:15:10.914, 82, 705, 6001, 19.93, 0x0000000000000001
2026/10/02 08:15:11.037, 82, 705, 6001, 18.57, 0x0000000000000001
2026/10/02 08:15:11.175, 82, 705, 6001, 17.88, 0x0000000000000001
2026/10/02 08:15:11.300, 81, 705, 6001, 17.10, 0x0000000000000001
2026/10/02 08:15:11.428, 81, 615, 6001, 16.38, 0x0000000000000001
2026/10/02 08:15:11.554, 81, 615, 6001, 14.80, 0x0000000000000001
2026/10/02 08:15:11.682, 81, 615, 6001, 13.46, 0x0000000000000001
2026/10/02 08:15:11.804, 81, 615, 6001, 13.30, 0x0000000000000001
2026/10/02 08:15:11.925, 81, 510, 810, 13.21, 0x0000000000000001
2026/10/02 08:15:12.050, 81, 510, 810, 12.67, 0x0000000000000001
2026/10/02 08:15:12.179, 81, 510, 810, 12.33, 0x0000000000000001
2026/10/02 08:15:12.306, 81, 510, 810, 12.00, 0x0000000000000001
2026/10/02 08:15:12.429, 81, 435, 810, 11.52, 0x0000000000000001
2026/10/02 08:15:12.555, 81, 435, 810, 11.07, 0x0000000000000001
2026/10/02 08:15:12.683, 81, 435, 810, 10.79, 0x0000000000000001
2026/10/02 08:15:12.803, 81, 435, 810, 10.49, 0x0000000000000001
2026/10/02 08:15:12.926, 81, 345, 810, 10.22, 0x0000000000000001
2026/10/02 08:15:13.054, 81, 345, 810, 9.97, 0x0000000000000001
2026/10/02 08:15:13.192, 81, 345, 810, 9.95, 0x0000000000000001
2026/10/02 08:15:13.313, 81, 345, 810, 9.93, 0x0000000000000001
2026/10/02 08:15:13.445, 81, 300, 810, 9.92, 0x0000000000000001
2026/10/02 08:15:13.578, 81, 300, 810, 9.91, 0x0000000000000001
2026/10/02 08:15:13.700, 81, 300, 810, 9.90, 0x0000000000000001
2026/10/02 08:15:13.825, 81, 300, 810, 9.91, 0x0000000000000001
2026/10/02 08:15:13.959, 81, 225, 810, 9.90, 0x0000000000000001
2026/10/02 08:15:14.088, 81, 225, 810, 9.88, 0x0000000000000001
2026/10/02 08:15:14.218, 81, 225, 810, 9.92, 0x0000000000000001
2026/10/02 08:15:14.340, 81, 225, 810, 9.94, 0x0000000000000001
2026/10/02 08:15:14.470, 81, 210, 810, 9.95, 0x0000000000000001
2026/10/02 08:15:14.593, 81, 210, 810, 9.93, 0x0000000000000001
2026/10/02 08:15:14.724, 81, 210, 810, 9.94, 0x0000000000000001
2026/10/02 08:15:14.852, 81, 210, 810, 9.96, 0x0000000000000001
2026/10/02 08:15:14.985, 81, 210, 810, 9.94, 0x0000000000000001
2026/10/02 08:15:15.113, 81, 210, 810, 9.92, 0x0000000000000001
2026/10/02 08:15:15.235, 81, 210, 810, 9.88, 0x0000000000000001
2026/10/02 08:15:15.355, 81, 210, 810, 9.88, 0x0000000000000001
2026/10/02 08:15:15.477, 81, 210, 810, 9.87, 0x0000000000000001
2026/10/02 08:15:15.601, 81, 210, 810, 9.64, 0x0000000000000001
2026/10/02 08:15:15.726, 81, 210, 810, 9.20, 0x0000000000000001
2026/10/02 08:15:15.857, 81, 210, 810, 8.86, 0x0000000000000001
2026/10/02 08:15:15.982, 81, 210, 405, 8.71, 0x0000000000000001
2026/10/02 08:15:16.133, 81, 210, 405, 8.26, 0x0000000000000001
2026/10/02 08:15:16.278, 81, 210, 405, 8.05, 0x0000000000000001
2026/10/02 08:15:16.433, 81, 210, 405, 7.38, 0x0000000000000001
2026/10/02 08:15:16.568, 81, 210, 405, 7.37, 0x0000000000000001
2026/10/02 08:15:16.694, 81, 210, 405, 7.37, 0x0000000000000001
2026/10/02 08:15:16.818, 81, 210, 405, 7.36, 0x0000000000000001
2026/10/02 08:15:16.948, 81, 210, 405, 7.37, 0x0000000000000001
2026/10/02 08:15:17.073, 81, 210, 405, 7.36, 0x0000000000000001
2026/10/02 08:15:17.216, 81, 210, 405, 7.39, 0x0000000000000001
2026/10/02 08:15:17.346, 81, 210, 405, 7.35, 0x0000000000000001
2026/10/02 08:15:17.470, 80, 210, 405, 7.35, 0x0000000000000001
2026/10/02 08:15:17.594, 80, 210, 405, 7.35, 0x0000000000000001
2026/10/02 08:15:17.739, 80, 210, 405, 7.37, 0x0000000000000001
2026/10/02 08:15:17.864, 80, 210, 405, 7.39, 0x0000000000000001
2026/10/02 08:15:17.991, 80, 210, 405, 7.37, 0x0000000000000001
2026/10/02 08:15:18.121, 80, 210, 405, 7.37, 0x0000000000000001
2026/10/02 08:15:18.255, 80, 210, 405, 7.35, 0x0000000000000001
2026/10/02 08:15:18.390, 80, 210, 405, 7.37, 0x0000000000000001
2026/10/02 08:15:18.519, 80, 210, 405, 7.40, 0x0000000000000001
2026/10/02 08:15:18.650, 80, 210, 405, 7.40, 0x0000000000000001
2026/10/02 08:15:18.789, 80, 210, 405, 7.41, 0x0000000000000001
2026/10/02 08:15:18.919, 80, 210, 405, 7.34, 0x0000000000000001
2026/10/02 08:15:19.057, 80, 210, 405, 7.40, 0x0000000000000001
2026/10/02 08:15:19.194, 80, 210, 405, 7.41, 0x0000000000000001
2026/10/02 08:15:19.319, 80, 210, 405, 7.48, 0x0000000000000001
2026/10/02 08:15:19.444, 80, 210, 405, 7.46, 0x0000000000000001
2026/10/02 08:15:19.591, 81, 210, 405, 7.43, 0x0000000000000001
2026/10/02 08:15:19.724, 81, 210, 405, 7.44, 0x0000000000000001
2026/10/02 08:15:19.859, 81, 210, 405, 7.41, 0x0000000000000001
2026/10/02 08:15:19.985, 81, 255, 405, 7.41, 0x0000000000000001
2026/10/02 08:15:20.121, 80, 255, 405, 7.39, 0x0000000000000001
2026/10/02 08:15:20.248, 80, 255, 405, 7.38, 0x0000000000000001
2026/10/02 08:15:20.378, 80, 255, 405, 7.32, 0x0000000000000001
2026/10/02 08:15:20.504, 80, 255, 405, 7.34, 0x0000000000000001
2026/10/02 08:15:20.637, 80, 255, 405, 7.34, 0x0000000000000001
2026/10/02 08:15:20.767, 80, 255, 405, 7.32, 0x0000000000000001
2026/10/02 08:15:20.893, 80, 255, 405, 7.31, 0x0000000000000001
2026/10/02 08:15:21.020, 80, 255, 405, 7.33, 0x0000000000000001
2026/10/02 08:15:21.147, 80, 255, 405, 7.34, 0x0000000000000001
2026/10/02 08:15:21.272, 80, 255, 405, 7.33, 0x0000000000000001
2026/10/02 08:15:21.409, 80, 210, 405, 7.34, 0x0000000000000001
2026/10/02 08:15:21.539, 80, 210, 405, 7.34, 0x0000000000000001
2026/10/02 08:15:21.669, 80, 210, 405, 7.35, 0x0000000000000001
2026/10/02 08:15:21.796, 80, 210, 405, 7.39, 0x0000000000000001
2026/10/02 08:15:21.926, 80, 210, 405, 7.38, 0x0000000000000001
2026/10/02 08:15:22.053, 80, 210, 405, 7.38, 0x0000000000000001
2026/10/02 08:15:22.203, 80, 210, 405, 7.38, 0x0000000000000001
2026/10/02 08:15:22.327, 80, 210, 405, 7.38, 0x0000000000000001
2026/10/02 08:15:22.454, 80, 210, 405, 7.37, 0x0000000000000001
2026/10/02 08:15:22.591, 80, 210, 405, 7.39, 0x0000000000000001
2026/10/02 08:15:22.715, 80, 210, 405, 7.40, 0x0000000000000001
2026/10/02 08:15:22.859, 80, 210, 405, 7.38, 0x0000000000000001
2026/10/02 08:15:22.995, 80, 210, 405, 7.38, 0x0000000000000001
2026/10/02 08:15:23.122, 80, 210, 405, 7.37, 0x0000000000000001
2026/10/02 08:15:23.248, 80, 210, 405, 7.37, 0x0000000000000001
2026/10/02 08:15:23.376, 80, 210, 405, 7.37, 0x0000000000000001
2026/10/02 08:15:23.509, 80, 210, 405, 7.37, 0x0000000000000001
2026/10/02 08:15:23.634, 80, 210, 405, 7.37, 0x0000000000000001
2026/10/02 08:15:23.769, 80, 210, 405, 7.36, 0x0000000000000001
2026/10/02 08:15:23.901, 80, 210, 405, 7.37, 0x0000000000000001
2026/10/02 08:15:24.026, 80, 210, 405, 7.36, 0x0000000000000001
2026/10/02 08:15:24.162, 80, 210, 405, 7.38, 0x0000000000000001
2026/10/02 08:15:24.311, 80, 210, 405, 7.38, 0x0000000000000001
2026/10/02 08:15:24.438, 80, 210, 405, 7.39, 0x0000000000000001
2026/10/02 08:15:24.588, 80, 210, 405, 7.39, 0x0000000000000001
2026/10/02 08:15:24.714, 80, 210, 405, 7.41, 0x0000000000000001
2026/10/02 08:15:24.842, 80, 210, 405, 7.40, 0x0000000000000001
2026/10/02 08:15:24.973, 80, 210, 405, 7.39, 0x0000000000000001
2026/10/02 08:15:25.103, 80, 210, 405, 7.38, 0x0000000000000001
2026/10/02 08:15:25.250, 80, 210, 405, 7.38, 0x0000000000000001
2026/10/02 08:15:25.398, 80, 210, 405, 7.37, 0x0000000000000001
2026/10/02 08:15:25.532, 80, 210, 405, 7.36, 0x0000000000000001
2026/10/02 08:15:25.683, 80, 210, 405, 7.36, 0x0000000000000001
2026/10/02 08:15:25.825, 80, 210, 405, 7.35, 0x0000000000000001
2026/10/02 08:15:25.957, 80, 210, 405, 7.35, 0x0000000000000001
2026/10/02 08:15:26.115, 80, 210, 405, 7.36, 0x0000000000000001
2026/10/02 08:15:26.241, 80, 210, 405, 7.37, 0x0000000000000001
2026/10/02 08:15:26.367, 80, 210, 405, 7.37, 0x0000000000000001
2026/10/02 08:15:26.514, 80, 210, 405, 7.38, 0x0000000000000001
2026/10/02 08:15:26.640, 80, 210, 405, 7.37, 0x0000000000000001
2026/10/02 08:15:26.787, 80, 210, 405, 7.35, 0x0000000000000001
2026/10/02 08:15:26.916, 80, 210, 405, 7.35, 0x0000000000000001
2026/10/02 08:15:27.042, 80, 210, 405, 7.34, 0x0000000000000001
2026/10/02 08:15:27.168, 80, 210, 405, 7.35, 0x0000000000000001
2026/10/02 08:15:27.294, 80, 210, 405, 7.34, 0x0000000000000001
2026/10/02 08:15:27.425, 80, 210, 405, 7.34, 0x0000000000000001
2026/10/02 08:15:27.550, 80, 210, 405, 7.32, 0x0000000000000001
2026/10/02 08:15:27.682, 80, 210, 405, 7.32, 0x0000000000000001
2026/10/02 08:15:27.806, 80, 210, 405, 7.34, 0x0000000000000001
2026/10/02 08:15:27.932, 80, 210, 405, 7.35, 0x0000000000000001
2026/10/02 08:15:28.063, 80, 210, 405, 7.35, 0x0000000000000001
2026/10/02 08:15:28.193, 80, 210, 405, 7.35, 0x0000000000000001
2026/10/02 08:15:28.318, 80, 210, 405, 7.37, 0x0000000000000001
2026/10/02 08:15:28.451, 80, 210, 405, 7.40, 0x0000000000000001
2026/10/02 08:15:28.581, 80, 210, 405, 7.39, 0x0000000000000001
2026/10/02 08:15:28.723, 80, 210, 405, 7.41, 0x0000000000000001
2026/10/02 08:15:28.850, 80, 210, 405, 7.41, 0x0000000000000001
2026/10/02 08:15:28.976, 80, 210, 405, 7.40, 0x0000000000000001
2026/10/02 08:15:29.103, 80, 210, 405, 7.40, 0x0000000000000001
2026/10/02 08:15:29.229, 80, 210, 405, 7.40, 0x0000000000000001
2026/10/02 08:15:29.354, 80, 210, 405, 7.40, 0x0000000000000001
2026/10/02 08:15:29.487, 80, 210, 405, 7.40, 0x0000000000000001
2026/10/02 08:15:29.613, 80, 210, 405, 7.41, 0x0000000000000001
2026/10/02 08:15:29.739, 80, 210, 405, 7.40, 0x0000000000000001
2026/10/02 08:15:29.885, 80, 210, 405, 7.40, 0x0000000000000001
2026/10/02 08:15:30.013, 80, 210, 405, 7.41, 0x0000000000000001
2026/10/02 08:15:30.145, 80, 210, 405, 7.37, 0x0000000000000001
2026/10/02 08:15:30.292, 80, 210, 405, 7.43, 0x0000000000000001
2026/10/02 08:15:30.445, 80, 210, 405, 8.45, 0x0000000000000001
2026/10/02 08:15:30.568, 80, 210, 405, 9.73, 0x0000000000000001
2026/10/02 08:15:30.688, 80, 210, 405, 11.05, 0x0000000000000001
2026/10/02 08:15:30.805, 80, 210, 405, 12.32, 0x0000000000000001
2026/10/02 08:15:30.931, 80, 1890, 8001, 14.89, 0x0000000000000001
2026/10/02 08:15:31.052, 80, 1890, 8001, 16.19, 0x0000000000000001
2026/10/02 08:15:31.170, 82, 1890, 8001, 17.51, 0x0000000000000001
2026/10/02 08:15:31.287, 82, 1890, 8001, 18.79, 0x0000000000000001
2026/10/02 08:15:31.405, 82, 1890, 8001, 19.94, 0x0000000000000001
2026/10/02 08:15:31.526, 82, 1890, 8001, 21.33, 0x0000000000000001
2026/10/02 08:15:31.644, 82, 1890, 8001, 21.22, 0x0000000000000001
2026/10/02 08:15:31.761, 82, 1890, 8001, 21.16, 0x0000000000000001
2026/10/02 08:15:31.878, 82, 1890, 8001, 21.10, 0x0000000000000001
2026/10/02 08:15:32.003, 82, 1890, 8001, 20.92, 0x0000000000000001
2026/10/02 08:15:32.121, 82, 1890, 8001, 20.81, 0x0000000000000001
2026/10/02 08:15:32.243, 82, 1890, 8001, 19.89, 0x0000000000000001
2026/10/02 08:15:32.364, 82, 615, 810, 18.88, 0x0000000000000001
2026/10/02 08:15:32.489, 82, 615, 810, 17.95, 0x0000000000000001
2026/10/02 08:15:32.619, 81, 615, 810, 16.03, 0x0000000000000001
2026/10/02 08:15:32.741, 81, 615, 810, 15.13, 0x0000000000000001
2026/10/02 08:15:32.874, 81, 495, 810, 14.16, 0x0000000000000001
2026/10/02 08:15:32.997, 81, 495, 810, 12.13, 0x0000000000000001
2026/10/02 08:15:33.122, 81, 495, 810, 11.21, 0x0000000000000001
2026/10/02 08:15:33.249, 81, 495, 810, 10.25, 0x0000000000000001
2026/10/02 08:15:33.375, 81, 420, 810, 10.09, 0x0000000000000001
2026/10/02 08:15:33.502, 81, 420, 810, 10.07, 0x0000000000000001
2026/10/02 08:15:33.634, 81, 420, 810, 10.02, 0x0000000000000001
2026/10/02 08:15:33.762, 81, 420, 810, 10.00, 0x0000000000000001
2026/10/02 08:15:33.889, 81, 330, 810, 9.98, 0x0000000000000001
2026/10/02 08:15:34.015, 81, 330, 810, 9.97, 0x0000000000000001
2026/10/02 08:15:34.153, 80, 330, 810, 9.95, 0x0000000000000001
2026/10/02 08:15:34.278, 80, 330, 810, 9.96, 0x0000000000000001
2026/10/02 08:15:34.405, 80, 270, 810, 9.99, 0x0000000000000001
2026/10/02 08:15:34.539, 80, 270, 810, 9.97, 0x0000000000000001
2026/10/02 08:15:34.682, 80, 270, 810, 9.94, 0x0000000000000001
2026/10/02 08:15:34.808, 80, 270, 810, 9.93, 0x0000000000000001
2026/10/02 08:15:34.930, 80, 225, 810, 9.92, 0x0000000000000001
2026/10/02 08:15:35.054, 80, 225, 810, 9.90, 0x0000000000000001
2026/10/02 08:15:35.189, 80, 225, 810, 9.90, 0x0000000000000001
2026/10/02 08:15:35.317, 80, 225, 810, 9.90, 0x0000000000000001
2026/10/02 08:15:35.440, 80, 210, 810, 9.89, 0x0000000000000001
2026/10/02 08:15:35.570, 80, 210, 810, 9.89, 0x0000000000000001
2026/10/02 08:15:35.706, 80, 210, 810, 9.90, 0x0000000000000001
2026/10/02 08:15:35.839, 80, 210, 810, 9.93, 0x0000000000000001
2026/10/02 08:15:35.967, 80, 210, 405, 9.46, 0x0000000000000001
2026/10/02 08:15:36.096, 80, 210, 405, 9.15, 0x0000000000000001
2026/10/02 08:15:36.225, 80, 210, 405, 9.00, 0x0000000000000001
2026/10/02 08:15:36.368, 80, 210, 405, 8.54, 0x0000000000000001
2026/10/02 08:15:36.499, 80, 210, 405, 8.16, 0x0000000000000001
2026/10/02 08:15:36.655, 80, 210, 405, 8.84, 0x0000000000000001
2026/10/02 08:15:36.776, 80, 210, 405, 10.86, 0x0000000000000001
2026/10/02 08:15:36.907, 80, 1890, 8001, 11.83, 0x0000000000000001
2026/10/02 08:15:37.030, 80, 1890, 8001, 13.03, 0x0000000000000001
2026/10/02 08:15:37.152, 80, 1890, 8001, 14.22, 0x0000000000000001
2026/10/02 08:15:37.275, 82, 1890, 8001, 15.44, 0x0000000000000001
2026/10/02 08:15:37.396, 82, 1890, 8001, 17.76, 0x0000000000000001
2026/10/02 08:15:37.519, 82, 1890, 8001, 18.98, 0x0000000000000001
2026/10/02 08:15:37.647, 82, 1890, 8001, 20.15, 0x0000000000000001
2026/10/02 08:15:37.771, 82, 1890, 8001, 20.59, 0x0000000000000001
2026/10/02 08:15:37.894, 82, 1890, 8001, 20.52, 0x0000000000000001
2026/10/02 08:15:38.017, 82, 1890, 8001, 20.52, 0x0000000000000001
2026/10/02 08:15:38.147, 82, 1890, 8001, 20.53, 0x0000000000000001
2026/10/02 08:15:38.272, 82, 1890, 8001, 20.57, 0x0000000000000001
2026/10/02 08:15:38.391, 82, 1890, 8001, 20.63, 0x0000000000000001
2026/10/02 08:15:38.514, 82, 1890, 8001, 20.66, 0x0000000000000001
2026/10/02 08:15:38.641, 82, 1890, 8001, 20.68, 0x0000000000000001
2026/10/02 08:15:38.769, 82, 1890, 8001, 20.74, 0x0000000000000001
2026/10/02 08:15:38.891, 82, 1890, 8001, 20.74, 0x0000000000000001
2026/10/02 08:15:39.020, 82, 1890, 8001, 20.77, 0x0000000000000001
2026/10/02 08:15:39.139, 82, 1890, 8001, 20.77, 0x0000000000000001
2026/10/02 08:15:39.257, 82, 1890, 8001, 20.77, 0x0000000000000001
2026/10/02 08:15:39.387, 82, 1890, 8001, 20.76, 0x0000000000000001
2026/10/02 08:15:39.509, 82, 1890, 8001, 20.76, 0x0000000000000001
2026/10/02 08:15:39.636, 82, 1890, 8001, 20.75, 0x0000000000000001
2026/10/02 08:15:39.757, 82, 1890, 8001, 20.62, 0x0000000000000001
2026/10/02 08:15:39.882, 82, 1890, 8001, 19.89, 0x0000000000000001
2026/10/02 08:15:40.003, 82, 420, 6001, 19.17, 0x0000000000000001
2026/10/02 08:15:40.130, 82, 420, 6001, 17.68, 0x0000000000000001
2026/10/02 08:15:40.252, 81, 420, 6001, 16.96, 0x0000000000000001
2026/10/02 08:15:40.383, 81, 420, 6001, 16.27, 0x0000000000000001
2026/10/02 08:15:40.508, 81, 330, 6001, 15.56, 0x0000000000000001
2026/10/02 08:15:40.640, 81, 330, 6001, 14.09, 0x0000000000000001
2026/10/02 08:15:40.769, 81, 330, 6001, 13.35, 0x0000000000000001
2026/10/02 08:15:40.893, 81, 330, 6001, 12.71, 0x0000000000000001
2026/10/02 08:15:41.014, 81, 285, 6001, 12.68, 0x0000000000000001
2026/10/02 08:15:41.144, 81, 285, 6001, 12.67, 0x0000000000000001
2026/10/02 08:15:41.272, 81, 285, 6001, 12.65, 0x0000000000000001
2026/10/02 08:15:41.395, 81, 285, 6001, 12.43, 0x0000000000000001
2026/10/02 08:15:41.518, 81, 240, 810, 11.79, 0x0000000000000001
2026/10/02 08:15:41.649, 81, 240, 810, 11.66, 0x0000000000000001
2026/10/02 08:15:41.786, 81, 240, 810, 11.30, 0x0000000000000001
2026/10/02 08:15:41.917, 81, 240, 810, 10.93, 0x0000000000000001
2026/10/02 08:15:42.043, 81, 210, 810, 10.49, 0x0000000000000001
2026/10/02 08:15:42.167, 81, 210, 810, 10.43, 0x0000000000000001
2026/10/02 08:15:42.302, 81, 210, 810, 10.20, 0x0000000000000001
2026/10/02 08:15:42.423, 81, 210, 810, 9.93, 0x0000000000000001
2026/10/02 08:15:42.544, 81, 210, 810, 9.92, 0x0000000000000001
2026/10/02 08:15:42.669, 81, 210, 810, 9.88, 0x0000000000000001
2026/10/02 08:15:42.804, 81, 210, 810, 9.88, 0x0000000000000001
2026/10/02 08:15:42.931, 81, 210, 810, 9.92, 0x0000000000000001
2026/10/02 08:15:43.063, 81, 210, 810, 9.93, 0x0000000000000001
2026/10/02 08:15:43.185, 81, 210, 810, 9.92, 0x0000000000000001
2026/10/02 08:15:43.316, 81, 210, 810, 9.91, 0x0000000000000001
2026/10/02 08:15:43.447, 81, 210, 810, 9.91, 0x0000000000000001
2026/10/02 08:15:43.569, 81, 210, 810, 9.90, 0x0000000000000001
2026/10/02 08:15:43.700, 81, 210, 810, 9.90, 0x0000000000000001
2026/10/02 08:15:43.830, 81, 210, 810, 9.91, 0x0000000000000001
2026/10/02 08:15:43.962, 81, 210, 810, 9.90, 0x0000000000000001
2026/10/02 08:15:44.092, 81, 210, 810, 9.87, 0x0000000000000001
2026/10/02 08:15:44.212, 81, 210, 810, 9.84, 0x0000000000000001
2026/10/02 08:15:44.335, 81, 210, 810, 9.65, 0x0000000000000001
2026/10/02 08:15:44.463, 81, 210, 810, 9.41, 0x0000000000000001
2026/10/02 08:15:44.607, 81, 210, 405, 9.17, 0x0000000000000001
2026/10/02 08:15:44.754, 81, 210, 405, 9.64, 0x0000000000000001
2026/10/02 08:15:44.872, 81, 210, 405, 10.56, 0x0000000000000001
2026/10/02 08:15:44.993, 81, 1890, 8001, 11.56, 0x0000000000000001
2026/10/02 08:15:45.114, 81, 1890, 8001, 12.55, 0x0000000000000001
2026/10/02 08:15:45.232, 81, 1890, 8001, 14.44, 0x0000000000000001
2026/10/02 08:15:45.351, 82, 1890, 8001, 15.42, 0x0000000000000001
2026/10/02 08:15:45.474, 82, 1890, 8001, 16.64, 0x0000000000000001
2026/10/02 08:15:45.594, 82, 1890, 8001, 17.85, 0x0000000000000001
2026/10/02 08:15:45.711, 82, 1890, 8001, 19.02, 0x0000000000000001
2026/10/02 08:15:45.831, 82, 1890, 8001, 20.59, 0x0000000000000001
2026/10/02 08:15:45.948, 82, 1890, 8001, 20.59, 0x0000000000000001
2026/10/02 08:15:46.074, 82, 1890, 8001, 20.58, 0x0000000000000001
2026/10/02 08:15:46.202, 82, 1890, 8001, 20.56, 0x0000000000000001
2026/10/02 08:15:46.323, 82, 1890, 8001, 20.62, 0x0000000000000001
2026/10/02 08:15:46.449, 82, 1890, 8001, 20.59, 0x0000000000000001
2026/10/02 08:15:46.572, 82, 450, 6001, 19.94, 0x0000000000000001
2026/10/02 08:15:46.699, 82, 450, 6001, 19.24, 0x0000000000000001
2026/10/02 08:15:46.825, 82, 450, 6001, 17.85, 0x0000000000000001
2026/10/02 08:15:46.954, 82, 450, 6001, 17.12, 0x0000000000000001
2026/10/02 08:15:47.083, 82, 405, 6001, 16.44, 0x0000000000000001
2026/10/02 08:15:47.221, 82, 405, 6001, 15.02, 0x0000000000000001
2026/10/02 08:15:47.358, 81, 405, 6001, 13.72, 0x0000000000000001
2026/10/02 08:15:47.485, 81, 330, 6001, 12.94, 0x0000000000000001
2026/10/02 08:15:47.618, 81, 330, 6001, 12.81, 0x0000000000000001
2026/10/02 08:15:47.749, 81, 330, 6001, 12.78, 0x0000000000000001
2026/10/02 08:15:47.867, 81, 330, 6001, 12.68, 0x0000000000000001
2026/10/02 08:15:47.990, 81, 285, 6001, 12.67, 0x0000000000000001
2026/10/02 08:15:48.117, 81, 285, 6001, 12.63, 0x0000000000000001
2026/10/02 08:15:48.254, 81, 285, 6001, 12.65, 0x0000000000000001
2026/10/02 08:15:48.378, 81, 285, 6001, 12.61, 0x0000000000000001
2026/10/02 08:15:48.506, 81, 225, 810, 12.57, 0x0000000000000001
2026/10/02 08:15:48.628, 81, 225, 810, 12.08, 0x0000000000000001
2026/10/02 08:15:48.766, 81, 225, 810, 11.90, 0x0000000000000001
2026/10/02 08:15:48.887, 81, 225, 810, 11.66, 0x0000000000000001
2026/10/02 08:15:49.033, 81, 210, 810, 11.29, 0x0000000000000001
2026/10/02 08:15:49.159, 81, 210, 810, 11.04, 0x0000000000000001
2026/10/02 08:15:49.289, 81, 210, 810, 10.57, 0x0000000000000001
2026/10/02 08:15:49.422, 81, 210, 810, 10.34, 0x0000000000000001
2026/10/02 08:15:49.546, 81, 210, 810, 10.09, 0x0000000000000001
2026/10/02 08:15:49.669, 81, 210, 810, 10.02, 0x0000000000000001
2026/10/02 08:15:49.804, 81, 210, 810, 10.01, 0x0000000000000001
2026/10/02 08:15:49.930, 81, 210, 810, 10.00, 0x0000000000000001
2026/10/02 08:15:50.052, 81, 210, 810, 9.99, 0x0000000000000001
2026/10/02 08:15:50.184, 81, 210, 810, 10.01, 0x0000000000000001
2026/10/02 08:15:50.313, 81, 210, 810, 10.10, 0x0000000000000001
2026/10/02 08:15:50.442, 81, 210, 810, 10.11, 0x0000000000000001
2026/10/02 08:15:50.576, 81, 210, 810, 10.09, 0x0000000000000001
2026/10/02 08:15:50.707, 81, 210, 810, 10.09, 0x0000000000000001
2026/10/02 08:15:50.828, 81, 210, 810, 10.08, 0x0000000000000001
2026/10/02 08:15:50.955, 81, 210, 810, 10.10, 0x0000000000000001
2026/10/02 08:15:51.082, 81, 210, 810, 10.11, 0x0000000000000001
2026/10/02 08:15:51.205, 81, 210, 810, 9.98, 0x0000000000000001
2026/10/02 08:15:51.334, 81, 210, 810, 9.95, 0x0000000000000001
2026/10/02 08:15:51.459, 81, 210, 810, 9.96, 0x0000000000000001
2026/10/02 08:15:51.580, 81, 210, 810, 9.91, 0x0000000000000001
2026/10/02 08:15:51.700, 81, 210, 810, 9.92, 0x0000000000000001
2026/10/02 08:15:51.839, 81, 210, 810, 9.92, 0x0000000000000001
2026/10/02 08:15:51.967, 81, 210, 810, 9.93, 0x0000000000000001
2026/10/02 08:15:52.088, 81, 210, 810, 9.69, 0x0000000000000001
2026/10/02 08:15:52.236, 81, 210, 810, 9.46, 0x0000000000000001
2026/10/02 08:15:52.364, 81, 210, 810, 9.23, 0x0000000000000001
2026/10/02 08:15:52.502, 81, 210, 405, 8.72, 0x0000000000000001
2026/10/02 08:15:52.628, 81, 210, 405, 8.51, 0x0000000000000001
2026/10/02 08:15:52.754, 81, 210, 405, 8.30, 0x0000000000000001
2026/10/02 08:15:52.898, 81, 210, 405, 7.84, 0x0000000000000001
2026/10/02 08:15:53.029, 81, 210, 405, 7.56, 0x0000000000000001
2026/10/02 08:15:53.170, 81, 210, 405, 7.32, 0x0000000000000001
2026/10/02 08:15:53.297, 81, 210, 405, 7.36, 0x0000000000000001
2026/10/02 08:15:53.421, 81, 210, 405, 7.36, 0x0000000000000001
2026/10/02 08:15:53.549, 80, 210, 405, 7.36, 0x0000000000000001
2026/10/02 08:15:53.677, 80, 210, 405, 7.36, 0x0000000000000001
2026/10/02 08:15:53.826, 80, 210, 405, 7.36, 0x0000000000000001
2026/10/02 08:15:53.956, 80, 210, 405, 7.37, 0x0000000000000001
2026/10/02 08:15:54.091, 80, 210, 405, 7.47, 0x0000000000000001
2026/10/02 08:15:54.244, 80, 210, 405, 7.51, 0x0000000000000001
2026/10/02 08:15:54.373, 80, 210, 405, 7.53, 0x0000000000000001
2026/10/02 08:15:54.515, 80, 315, 405, 7.51, 0x0000000000000001
2026/10/02 08:15:54.641, 80, 315, 405, 7.53, 0x0000000000000001
2026/10/02 08:15:54.774, 80, 315, 405, 7.53, 0x0000000000000001
2026/10/02 08:15:54.902, 80, 315, 405, 7.52, 0x0000000000000001
2026/10/02 08:15:55.028, 80, 315, 405, 7.51, 0x0000000000000001
2026/10/02 08:15:55.157, 80, 315, 405, 7.48, 0x0000000000000001
2026/10/02 08:15:55.283, 80, 315, 405, 7.43, 0x0000000000000001
2026/10/02 08:15:55.419, 80, 315, 405, 7.42, 0x0000000000000001
2026/10/02 08:15:55.565, 80, 315, 405, 7.37, 0x0000000000000001
2026/10/02 08:15:55.698, 80, 315, 405, 7.33, 0x0000000000000001
2026/10/02 08:15:55.837, 80, 315, 405, 7.32, 0x0000000000000001
2026/10/02 08:15:55.968, 80, 315, 405, 7.34, 0x0000000000000001
2026/10/02 08:15:56.112, 80, 315, 405, 7.30, 0x0000000000000001
2026/10/02 08:15:56.241, 80, 315, 405, 7.27, 0x0000000000000001
2026/10/02 08:15:56.372, 80, 315, 405, 7.27, 0x0000000000000001
2026/10/02 08:15:56.505, 80, 210, 405, 7.27, 0x0000000000000001
2026/10/02 08:15:56.632, 80, 210, 405, 7.29, 0x0000000000000001
2026/10/02 08:15:56.761, 80, 210, 405, 7.35, 0x0000000000000001
2026/10/02 08:15:56.886, 80, 210, 405, 7.33, 0x0000000000000001
2026/10/02 08:15:57.021, 80, 210, 405, 7.32, 0x0000000000000001
2026/10/02 08:15:57.146, 80, 210, 405, 7.30, 0x0000000000000001
2026/10/02 08:15:57.280, 80, 210, 405, 7.83, 0x0000000000000001
2026/10/02 08:15:57.403, 80, 210, 405, 9.08, 0x0000000000000001
2026/10/02 08:15:57.528, 80, 1890, 8001, 10.34, 0x0000000000000001
2026/10/02 08:15:57.647, 80, 1890, 8001, 12.77, 0x0000000000000001
2026/10/02 08:15:57.767, 81, 1890, 8001, 13.94, 0x0000000000000001
2026/10/02 08:15:57.885, 81, 1890, 8001, 15.13, 0x0000000000000001
2026/10/02 08:15:58.003, 81, 1890, 8001, 16.31, 0x0000000000000001
2026/10/02 08:15:58.128, 81, 1890, 8001, 17.49, 0x0000000000000001
2026/10/02 08:15:58.245, 82, 1890, 8001, 19.84, 0x0000000000000001
2026/10/02 08:15:58.371, 82, 1890, 8001, 20.55, 0x0000000000000001
2026/10/02 08:15:58.494, 82, 1890, 8001, 20.48, 0x0000000000000001
2026/10/02 08:15:58.617, 82, 1890, 8001, 20.41, 0x0000000000000001
2026/10/02 08:15:58.739, 82, 1890, 8001, 20.33, 0x0000000000000001
2026/10/02 08:15:58.862, 82, 1890, 8001, 20.32, 0x0000000000000001
2026/10/02 08:15:58.984, 82, 1890, 8001, 20.33, 0x0000000000000001
2026/10/02 08:15:59.109, 82, 1890, 8001, 20.36, 0x0000000000000001
2026/10/02 08:15:59.226, 82, 1890, 8001, 20.39, 0x0000000000000001
2026/10/02 08:15:59.347, 82, 1890, 8001, 20.42, 0x0000000000000001
2026/10/02 08:15:59.465, 82, 1890, 8001, 20.44, 0x0000000000000001
2026/10/02 08:15:59.583, 82, 1890, 8001, 20.46, 0x0000000000000001
2026/10/02 08:15:59.702, 82, 1890, 8001, 20.45, 0x0000000000000001
2026/10/02 08:15:59.818, 82, 1890, 8001, 20.50, 0x0000000000000001
2026/10/02 08:15:59.936, 82, 1890, 8001, 20.49, 0x0000000000000001
2026/10/02 08:16:00.056, 82, 1890, 8001, 20.48, 0x0000000000000001
2026/10/02 08:16:00.174, 82, 1890, 8001, 20.47, 0x0000000000000001
2026/10/02 08:16:00.293, 82, 1890, 8001, 20.47, 0x0000000000000001
2026/10/02 08:16:00.415, 82, 1890, 8001, 20.48, 0x0000000000000001
2026/10/02 08:16:00.535, 82, 1890, 8001, 20.45, 0x0000000000000001
2026/10/02 08:16:00.653, 82, 1890, 8001, 20.45, 0x0000000000000001
2026/10/02 08:16:00.772, 82, 1890, 8001, 19.82, 0x0000000000000001
2026/10/02 08:16:00.895, 82, 480, 6001, 19.11, 0x0000000000000001
2026/10/02 08:16:01.024, 82, 480, 6001, 17.56, 0x0000000000000001
2026/10/02 08:16:01.150, 81, 480, 6001, 16.63, 0x0000000000000001
2026/10/02 08:16:01.273, 81, 480, 6001, 15.69, 0x0000000000000001
2026/10/02 08:16:01.405, 81, 375, 810, 13.79, 0x0000000000000001
2026/10/02 08:16:01.533, 81, 375, 810, 12.85, 0x0000000000000001
2026/10/02 08:16:01.656, 81, 375, 810, 11.89, 0x0000000000000001
2026/10/02 08:16:01.777, 81, 375, 810, 10.93, 0x0000000000000001
2026/10/02 08:16:01.899, 81, 315, 810, 10.37, 0x0000000000000001
2026/10/02 08:16:02.029, 81, 315, 810, 10.10, 0x0000000000000001
2026/10/02 08:16:02.167, 81, 315, 810, 10.05, 0x0000000000000001
2026/10/02 08:16:02.290, 81, 315, 810, 9.99, 0x0000000000000001
2026/10/02 08:16:02.421, 81, 255, 810, 9.94, 0x0000000000000001
2026/10/02 08:16:02.548, 81, 255, 810, 9.89, 0x0000000000000001
2026/10/02 08:16:02.668, 81, 255, 810, 9.87, 0x0000000000000001
2026/10/02 08:16:02.792, 81, 255, 810, 9.85, 0x0000000000000001
2026/10/02 08:16:02.923, 81, 210, 810, 9.91, 0x0000000000000001
2026/10/02 08:16:03.052, 81, 210, 810, 9.99, 0x0000000000000001
2026/10/02 08:16:03.180, 81, 210, 810, 10.03, 0x0000000000000001
2026/10/02 08:16:03.305, 81, 210, 810, 10.03, 0x0000000000000001
2026/10/02 08:16:03.424, 81, 210, 810, 10.03, 0x0000000000000001
2026/10/02 08:16:03.554, 81, 210, 810, 10.08, 0x0000000000000001
2026/10/02 08:16:03.683, 81, 210, 810, 10.10, 0x0000000000000001
2026/10/02 08:16:03.814, 81, 210, 810, 10.11, 0x0000000000000001
2026/10/02 08:16:03.946, 81, 210, 810, 10.11, 0x0000000000000001
2026/10/02 08:16:04.074, 81, 210, 810, 9.97, 0x0000000000000001
2026/10/02 08:16:04.207, 81, 210, 810, 9.92, 0x0000000000000001
2026/10/02 08:16:04.328, 81, 210, 810, 9.94, 0x0000000000000001
2026/10/02 08:16:04.455, 81, 210, 810, 10.05, 0x0000000000000001
2026/10/02 08:16:04.586, 81, 210, 810, 9.96, 0x0000000000000001
2026/10/02 08:16:04.714, 81, 210, 810, 10.66, 0x0000000000000001
2026/10/02 08:16:04.838, 81, 210, 810, 11.67, 0x0000000000000001
2026/10/02 08:16:04.958, 81, 1890, 8001, 12.73, 0x0000000000000001
2026/10/02 08:16:05.083, 81, 1890, 8001, 14.62, 0x0000000000000001
2026/10/02 08:16:05.205, 82, 1890, 8001, 15.57, 0x0000000000000001
2026/10/02 08:16:05.333, 82, 1890, 8001, 16.55, 0x0000000000000001
2026/10/02 08:16:05.456, 82, 1890, 8001, 17.52, 0x0000000000000001
2026/10/02 08:16:05.581, 82, 1890, 8001, 19.33, 0x0000000000000001
2026/10/02 08:16:05.702, 82, 1890, 8001, 20.51, 0x0000000000000001
2026/10/02 08:16:05.824, 82, 1890, 8001, 20.63, 0x0000000000000001
2026/10/02 08:16:05.948, 82, 1890, 8001, 20.62, 0x0000000000000001
2026/10/02 08:16:06.081, 82, 1890, 8001, 20.50, 0x0000000000000001
2026/10/02 08:16:06.206, 82, 1890, 8001, 20.55, 0x0000000000000001
2026/10/02 08:16:06.342, 82, 1890, 8001, 20.59, 0x0000000000000001
2026/10/02 08:16:06.468, 82, 1890, 8001, 20.61, 0x0000000000000001
2026/10/02 08:16:06.593, 82, 1890, 8001, 20.61, 0x0000000000000001
2026/10/02 08:16:06.722, 82, 1890, 8001, 20.65, 0x0000000000000001
2026/10/02 08:16:06.850, 82, 1890, 8001, 20.66, 0x0000000000000001
2026/10/02 08:16:06.970, 82, 1890, 8001, 20.67, 0x0000000000000001
2026/10/02 08:16:07.091, 82, 1890, 8001, 20.67, 0x0000000000000001
2026/10/02 08:16:07.213, 82, 1890, 8001, 20.73, 0x0000000000000001
2026/10/02 08:16:07.337, 82, 1890, 8001, 20.76, 0x0000000000000001
2026/10/02 08:16:07.458, 82, 1890, 8001, 20.76, 0x0000000000000001
2026/10/02 08:16:07.581, 82, 1890, 8001, 20.76, 0x0000000000000001
2026/10/02 08:16:07.714, 82, 1890, 8001, 20.76, 0x0000000000000001
2026/10/02 08:16:07.837, 82, 1890, 8001, 19.42, 0x0000000000000001
2026/10/02 08:16:07.960, 82, 420, 6001, 18.70, 0x0000000000000001
2026/10/02 08:16:08.092, 82, 420, 6001, 17.99, 0x0000000000000001
2026/10/02 08:16:08.215, 81, 420, 6001, 17.27, 0x0000000000000001
2026/10/02 08:16:08.338, 81, 420, 6001, 16.53, 0x0000000000000001
2026/10/02 08:16:08.470, 81, 330, 6001, 15.11, 0x0000000000000001
2026/10/02 08:16:08.593, 81, 330, 6001, 14.35, 0x0000000000000001
2026/10/02 08:16:08.716, 81, 330, 6001, 12.89, 0x0000000000000001
2026/10/02 08:16:08.838, 81, 330, 6001, 12.86, 0x0000000000000001
2026/10/02 08:16:08.968, 81, 270, 6001, 12.71, 0x0000000000000001
2026/10/02 08:16:09.097, 81, 270, 6001, 12.69, 0x0000000000000001
2026/10/02 08:16:09.220, 81, 270, 6001, 12.65, 0x0000000000000001
2026/10/02 08:16:09.343, 81, 270, 6001, 12.63, 0x0000000000000001
2026/10/02 08:16:09.472, 81, 210, 810, 12.38, 0x0000000000000001
2026/10/02 08:16:09.593, 81, 210, 810, 12.14, 0x0000000000000001
2026/10/02 08:16:09.727, 81, 210, 810, 11.90, 0x0000000000000001
2026/10/02 08:16:09.851, 81, 210, 810, 11.67, 0x0000000000000001
2026/10/02 08:16:09.987, 81, 210, 810, 11.18, 0x0000000000000001
2026/10/02 08:16:10.124, 81, 210, 810, 10.95, 0x0000000000000001
2026/10/02 08:16:10.248, 81, 210, 810, 10.71, 0x0000000000000001
2026/10/02 08:16:10.382, 81, 210, 810, 10.22, 0x0000000000000001
2026/10/02 08:16:10.505, 81, 210, 810, 9.97, 0x0000000000000001
2026/10/02 08:16:10.646, 81, 210, 810, 9.91, 0x0000000000000001
2026/10/02 08:16:10.770, 81, 210, 810, 9.92, 0x0000000000000001
2026/10/02 08:16:10.897, 81, 210, 810, 9.91, 0x0000000000000001
2026/10/02 08:16:11.030, 81, 210, 810, 9.91, 0x0000000000000001
2026/10/02 08:16:11.163, 81, 210, 810, 9.92, 0x0000000000000001
2026/10/02 08:16:11.289, 81, 210, 810, 9.92, 0x0000000000000001
2026/10/02 08:16:11.431, 81, 210, 810, 9.90, 0x0000000000000001
2026/10/02 08:16:11.562, 81, 210, 810, 9.88, 0x0000000000000001
2026/10/02 08:16:11.694, 81, 210, 810, 10.21, 0x0000000000000001
2026/10/02 08:16:11.829, 81, 210, 810, 10.30, 0x0000000000000001
2026/10/02 08:16:11.957, 81, 210, 810, 10.29, 0x0000000000000001
2026/10/02 08:16:12.091, 81, 420, 810, 10.44, 0x0000000000000001
2026/10/02 08:16:12.227, 81, 420, 810, 10.43, 0x0000000000000001
2026/10/02 08:16:12.348, 81, 420, 810, 10.41, 0x0000000000000001
2026/10/02 08:16:12.471, 81, 420, 810, 10.47, 0x0000000000000001
2026/10/02 08:16:12.594, 81, 420, 810, 10.49, 0x0000000000000001
2026/10/02 08:16:12.720, 81, 420, 810, 10.18, 0x0000000000000001
2026/10/02 08:16:12.844, 81, 420, 810, 10.15, 0x0000000000000001
2026/10/02 08:16:12.968, 81, 420, 810, 10.05, 0x0000000000000001
2026/10/02 08:16:13.102, 81, 420, 810, 10.07, 0x0000000000000001
2026/10/02 08:16:13.224, 81, 420, 810, 9.97, 0x0000000000000001
2026/10/02 08:16:13.358, 81, 420, 810, 9.95, 0x0000000000000001
2026/10/02 08:16:13.479, 81, 420, 810, 9.96, 0x0000000000000001
2026/10/02 08:16:13.607, 81, 420, 810, 9.93, 0x0000000000000001
2026/10/02 08:16:13.749, 81, 420, 810, 9.64, 0x0000000000000001
2026/10/02 08:16:13.882, 81, 420, 810, 9.44, 0x0000000000000001
2026/10/02 08:16:14.009, 81, 210, 405, 9.00, 0x0000000000000001
2026/10/02 08:16:14.134, 81, 210, 405, 8.70, 0x0000000000000001
2026/10/02 08:16:14.262, 81, 210, 405, 8.44, 0x0000000000000001
2026/10/02 08:16:14.388, 81, 210, 405, 8.23, 0x0000000000000001
2026/10/02 08:16:14.512, 81, 210, 405, 7.80, 0x0000000000000001
2026/10/02 08:16:14.640, 81, 210, 405, 7.38, 0x0000000000000001
2026/10/02 08:16:14.765, 81, 210, 405, 7.38, 0x0000000000000001
2026/10/02 08:16:14.891, 81, 210, 405, 7.38, 0x0000000000000001
2026/10/02 08:16:15.017, 81, 210, 405, 7.39, 0x0000000000000001
2026/10/02 08:16:15.141, 81, 210, 405, 7.40, 0x0000000000000001
2026/10/02 08:16:15.283, 81, 210, 405, 7.43, 0x0000000000000001
2026/10/02 08:16:15.427, 81, 210, 405, 7.54, 0x0000000000000001
2026/10/02 08:16:15.556, 81, 270, 405, 7.51, 0x0000000000000001
2026/10/02 08:16:15.679, 81, 270, 405, 7.50, 0x0000000000000001
2026/10/02 08:16:15.805, 81, 270, 405, 7.48, 0x0000000000000001
2026/10/02 08:16:15.936, 81, 270, 405, 7.47, 0x0000000000000001
2026/10/02 08:16:16.070, 81, 270, 405, 7.47, 0x0000000000000001
2026/10/02 08:16:16.200, 81, 270, 405, 7.43, 0x0000000000000001
2026/10/02 08:16:16.328, 81, 270, 405, 7.39, 0x0000000000000001
2026/10/02 08:16:16.451, 81, 270, 405, 7.32, 0x0000000000000001
2026/10/02 08:16:16.575, 81, 270, 405, 7.28, 0x0000000000000001
2026/10/02 08:16:16.698, 81, 270, 405, 7.28, 0x0000000000000001
2026/10/02 08:16:16.827, 81, 270, 405, 7.30, 0x0000000000000001
2026/10/02 08:16:16.952, 81, 270, 405, 7.30, 0x0000000000000001
2026/10/02 08:16:17.078, 81, 270, 405, 7.30, 0x0000000000000001
2026/10/02 08:16:17.211, 81, 270, 405, 7.30, 0x0000000000000001
2026/10/02 08:16:17.343, 81, 270, 405, 7.31, 0x0000000000000001
2026/10/02 08:16:17.478, 81, 270, 405, 7.31, 0x0000000000000001
2026/10/02 08:16:17.605, 81, 210, 405, 7.31, 0x0000000000000001
2026/10/02 08:16:17.728, 81, 210, 405, 7.31, 0x0000000000000001
2026/10/02 08:16:17.860, 81, 210, 405, 7.31, 0x0000000000000001
2026/10/02 08:16:17.983, 81, 210, 405, 7.31, 0x0000000000000001
2026/10/02 08:16:18.107, 81, 210, 405, 7.31, 0x0000000000000001
2026/10/02 08:16:18.230, 81, 210, 405, 7.31, 0x0000000000000001
2026/10/02 08:16:18.353, 81, 210, 405, 7.31, 0x0000000000000001
2026/10/02 08:16:18.481, 81, 210, 405, 7.31, 0x0000000000000001
2026/10/02 08:16:18.604, 81, 210, 405, 7.30, 0x0000000000000001
2026/10/02 08:16:18.726, 81, 210, 405, 7.30, 0x0000000000000001
2026/10/02 08:16:18.849, 81, 210, 405, 7.29, 0x0000000000000001
2026/10/02 08:16:18.972, 81, 210, 405, 7.29, 0x0000000000000001
2026/10/02 08:16:19.099, 81, 210, 405, 7.30, 0x0000000000000001
2026/10/02 08:16:19.227, 81, 210, 405, 7.31, 0x0000000000000001
2026/10/02 08:16:19.357, 81, 210, 405, 7.32, 0x0000000000000001
2026/10/02 08:16:19.482, 81, 210, 405, 7.32, 0x0000000000000001
2026/10/02 08:16:19.606, 81, 210, 405, 7.32, 0x0000000000000001
2026/10/02 08:16:19.730, 81, 210, 405, 7.32, 0x0000000000000001
2026/10/02 08:16:19.861, 81, 210, 405, 7.33, 0x0000000000000001
2026/10/02 08:16:19.983, 81, 210, 405, 7.34, 0x0000000000000001
2026/10/02 08:16:20.122, 81, 210, 405, 7.35, 0x0000000000000001
2026/10/02 08:16:20.245, 81, 210, 405, 7.34, 0x0000000000000001
2026/10/02 08:16:20.396, 81, 210, 405, 7.47, 0x0000000000000001
2026/10/02 08:16:20.522, 81, 315, 405, 7.47, 0x0000000000000001
2026/10/02 08:16:20.670, 81, 315, 405, 7.51, 0x0000000000000001
2026/10/02 08:16:20.794, 81, 315, 405, 7.48, 0x0000000000000001
2026/10/02 08:16:20.916, 81, 315, 405, 7.47, 0x0000000000000001
2026/10/02 08:16:21.049, 81, 315, 405, 7.49, 0x0000000000000001
2026/10/02 08:16:21.197, 81, 315, 405, 7.58, 0x0000000000000001
2026/10/02 08:16:21.338, 81, 315, 405, 7.57, 0x0000000000000001
2026/10/02 08:16:21.461, 81, 315, 405, 7.52, 0x0000000000000001
2026/10/02 08:16:21.593, 81, 315, 405, 7.40, 0x0000000000000001
2026/10/02 08:16:21.723, 81, 315, 405, 7.41, 0x0000000000000001
2026/10/02 08:16:21.853, 81, 315, 405, 7.48, 0x0000000000000001
2026/10/02 08:16:21.977, 81, 315, 405, 7.49, 0x0000000000000001
2026/10/02 08:16:22.105, 81, 315, 405, 7.51, 0x0000000000000001
2026/10/02 08:16:22.240, 81, 315, 405, 7.51, 0x0000000000000001
2026/10/02 08:16:22.372, 81, 315, 405, 7.52, 0x0000000000000001
2026/10/02 08:16:22.508, 81, 255, 405, 7.56, 0x0000000000000001
2026/10/02 08:16:22.632, 81, 255, 405, 7.58, 0x0000000000000001
2026/10/02 08:16:22.755, 81, 255, 405, 7.60, 0x0000000000000001
2026/10/02 08:16:22.879, 81, 255, 405, 7.56, 0x0000000000000001
2026/10/02 08:16:23.010, 81, 225, 405, 7.54, 0x0000000000000001
2026/10/02 08:16:23.137, 80, 225, 405, 7.56, 0x0000000000000001
2026/10/02 08:16:23.269, 80, 225, 405, 7.53, 0x0000000000000001
2026/10/02 08:16:23.396, 80, 225, 405, 7.47, 0x0000000000000001
2026/10/02 08:16:23.558, 80, 210, 405, 7.49, 0x0000000000000001
2026/10/02 08:16:23.709, 81, 210, 405, 8.43, 0x0000000000000001
2026/10/02 08:16:23.825, 81, 210, 405, 9.65, 0x0000000000000001
2026/10/02 08:16:23.942, 81, 210, 405, 10.86, 0x0000000000000001
2026/10/02 08:16:24.065, 81, 1890, 8001, 12.06, 0x0000000000000001
2026/10/02 08:16:24.182, 82, 1890, 8001, 14.44, 0x0000000000000001
2026/10/02 08:16:24.298, 82, 1890, 8001, 15.63, 0x0000000000000001
2026/10/02 08:16:24.419, 82, 1890, 8001, 16.85, 0x0000000000000001
2026/10/02 08:16:24.538, 82, 1890, 8001, 18.09, 0x0000000000000001
2026/10/02 08:16:24.656, 82, 1890, 8001, 19.20, 0x0000000000000001
2026/10/02 08:16:24.776, 82, 1890, 8001, 20.64, 0x0000000000000001
2026/10/02 08:16:24.894, 82, 1890, 8001, 20.62, 0x0000000000000001
2026/10/02 08:16:25.016, 82, 1890, 8001, 20.62, 0x0000000000000001
2026/10/02 08:16:25.145, 82, 1890, 8001, 20.64, 0x0000000000000001
2026/10/02 08:16:25.264, 82, 1890, 8001, 20.85, 0x0000000000000001
2026/10/02 08:16:25.382, 82, 1890, 8001, 20.90, 0x0000000000000001
2026/10/02 08:16:25.512, 82, 735, 6001, 20.42, 0x0000000000000001
2026/10/02 08:16:25.644, 82, 735, 6001, 19.71, 0x0000000000000001
2026/10/02 08:16:25.770, 82, 735, 6001, 18.38, 0x0000000000000001
2026/10/02 08:16:25.904, 82, 735, 6001, 17.68, 0x0000000000000001
2026/10/02 08:16:26.030, 82, 675, 6001, 16.97, 0x0000000000000001
2026/10/02 08:16:26.154, 81, 675, 6001, 16.18, 0x0000000000000001
2026/10/02 08:16:26.286, 81, 675, 6001, 13.93, 0x0000000000000001
2026/10/02 08:16:26.421, 81, 675, 6001, 13.16, 0x0000000000000001
2026/10/02 08:16:26.541, 81, 540, 6001, 12.93, 0x0000000000000001
2026/10/02 08:16:26.676, 81, 540, 6001, 13.03, 0x0000000000000001
2026/10/02 08:16:26.800, 81, 540, 6001, 13.01, 0x0000000000000001
2026/10/02 08:16:26.940, 81, 540, 6001, 13.06, 0x0000000000000001
2026/10/02 08:16:27.076, 81, 495, 6001, 13.14, 0x0000000000000001
2026/10/02 08:16:27.206, 81, 495, 6001, 13.23, 0x0000000000000001
2026/10/02 08:16:27.329, 81, 495, 6001, 13.23, 0x0000000000000001
2026/10/02 08:16:27.453, 81, 495, 6001, 13.03, 0x0000000000000001
2026/10/02 08:16:27.574, 81, 420, 6001, 12.94, 0x0000000000000001
2026/10/02 08:16:27.696, 81, 420, 6001, 12.80, 0x0000000000000001
2026/10/02 08:16:27.822, 81, 420, 6001, 12.71, 0x0000000000000001
2026/10/02 08:16:27.949, 81, 420, 6001, 12.66, 0x0000000000000001
2026/10/02 08:16:28.082, 81, 330, 810, 12.36, 0x0000000000000001
2026/10/02 08:16:28.204, 81, 330, 810, 12.07, 0x0000000000000001
2026/10/02 08:16:28.326, 81, 330, 810, 11.75, 0x0000000000000001
2026/10/02 08:16:28.447, 81, 330, 810, 11.23, 0x0000000000000001
2026/10/02 08:16:28.596, 81, 285, 810, 11.08, 0x0000000000000001
2026/10/02 08:16:28.737, 81, 285, 810, 10.80, 0x0000000000000001
2026/10/02 08:16:28.872, 81, 285, 810, 10.59, 0x0000000000000001
2026/10/02 08:16:29.011, 81, 255, 810, 10.35, 0x0000000000000001
2026/10/02 08:16:29.162, 81, 255, 810, 10.20, 0x0000000000000001
2026/10/02 08:16:29.296, 81, 255, 810, 10.31, 0x0000000000000001
2026/10/02 08:16:29.439, 81, 255, 810, 10.45, 0x0000000000000001
2026/10/02 08:16:29.571, 81, 255, 810, 10.53, 0x0000000000000001
2026/10/02 08:16:29.708, 81, 255, 810, 10.53, 0x0000000000000001
2026/10/02 08:16:29.834, 81, 255, 810, 10.49, 0x0000000000000001
2026/10/02 08:16:29.960, 81, 270, 810, 10.48, 0x0000000000000001
2026/10/02 08:16:30.087, 81, 270, 810, 10.42, 0x0000000000000001
2026/10/02 08:16:30.230, 81, 270, 810, 10.42, 0x0000000000000001
2026/10/02 08:16:30.377, 81, 270, 810, 10.38, 0x0000000000000001
2026/10/02 08:16:30.510, 81, 285, 810, 10.36, 0x0000000000000001
2026/10/02 08:16:30.629, 81, 285, 810, 10.20, 0x0000000000000001
2026/10/02 08:16:30.756, 81, 285, 810, 10.10, 0x0000000000000001
2026/10/02 08:16:30.876, 81, 285, 810, 10.08, 0x0000000000000001
2026/10/02 08:16:30.995, 81, 285, 810, 10.06, 0x0000000000000001
2026/10/02 08:16:31.118, 81, 285, 810, 10.09, 0x0000000000000001
2026/10/02 08:16:31.274, 81, 285, 810, 10.15, 0x0000000000000001
2026/10/02 08:16:31.411, 81, 285, 810, 10.11, 0x0000000000000001
2026/10/02 08:16:31.553, 81, 285, 810, 10.05, 0x0000000000000001
2026/10/02 08:16:31.680, 81, 285, 810, 9.82, 0x0000000000000001
2026/10/02 08:16:31.804, 81, 285, 810, 9.37, 0x0000000000000001
2026/10/02 08:16:31.934, 81, 285, 810, 9.15, 0x0000000000000001
2026/10/02 08:16:32.058, 81, 285, 405, 8.93, 0x0000000000000001
2026/10/02 08:16:32.205, 81, 285, 405, 8.33, 0x0000000000000001
2026/10/02 08:16:32.347, 81, 285, 405, 8.67, 0x0000000000000001
2026/10/02 08:16:32.469, 82, 1890, 8001, 9.56, 0x0000000000000001
2026/10/02 08:16:32.599, 82, 1890, 8001, 11.35, 0x0000000000000001
2026/10/02 08:16:32.716, 82, 1890, 8001, 12.52, 0x0000000000000001
2026/10/02 08:16:32.837, 82, 1890, 8001, 13.72, 0x0000000000000001
2026/10/02 08:16:32.953, 82, 1890, 8001, 14.90, 0x0000000000000001
2026/10/02 08:16:33.067, 82, 1890, 8001, 16.08, 0x0000000000000001
2026/10/02 08:16:33.185, 82, 1890, 8001, 17.27, 0x0000000000000001
2026/10/02 08:16:33.306, 82, 1890, 8001, 19.65, 0x0000000000000001
2026/10/02 08:16:33.430, 82, 1890, 8001, 20.54, 0x0000000000000001
2026/10/02 08:16:33.552, 82, 1890, 8001, 20.53, 0x0000000000000001
2026/10/02 08:16:33.675, 82, 1890, 8001, 20.53, 0x0000000000000001
2026/10/02 08:16:33.807, 82, 1890, 8001, 20.59, 0x0000000000000001
2026/10/02 08:16:33.922, 82, 1890, 8001, 20.58, 0x0000000000000001
2026/10/02 08:16:34.040, 82, 1890, 8001, 20.56, 0x0000000000000001
2026/10/02 08:16:34.162, 82, 1890, 8001, 20.55, 0x0000000000000001
2026/10/02 08:16:34.283, 82, 1890, 8001, 20.53, 0x0000000000000001
2026/10/02 08:16:34.408, 82, 1890, 8001, 20.34, 0x0000000000000001
2026/10/02 08:16:34.527, 82, 1890, 8001, 20.17, 0x0000000000000001
2026/10/02 08:16:34.656, 82, 1890, 8001, 20.15, 0x0000000000000001
2026/10/02 08:16:34.774, 82, 1890, 8001, 20.15, 0x0000000000000001
2026/10/02 08:16:34.893, 82, 1890, 8001, 20.15, 0x0000000000000001
2026/10/02 08:16:35.015, 82, 1890, 8001, 20.22, 0x0000000000000001
2026/10/02 08:16:35.134, 82, 1890, 8001, 20.39, 0x0000000000000001
2026/10/02 08:16:35.255, 82, 1890, 8001, 20.56, 0x0000000000000001
2026/10/02 08:16:35.373, 82, 1890, 8001, 20.73, 0x0000000000000001
2026/10/02 08:16:35.491, 82, 1890, 8001, 21.06, 0x0000000000000001
2026/10/02 08:16:35.622, 82, 1890, 8001, 21.24, 0x0000000000000001
2026/10/02 08:16:35.749, 82, 1890, 8001, 20.79, 0x0000000000000001
2026/10/02 08:16:35.873, 83, 1890, 8001, 19.46, 0x0000000000000001
2026/10/02 08:16:35.997, 83, 675, 6001, 18.79, 0x0000000000000001
2026/10/02 08:16:36.123, 83, 675, 6001, 18.07, 0x0000000000000001
2026/10/02 08:16:36.242, 83, 675, 6001, 17.24, 0x0000000000000001
2026/10/02 08:16:36.361, 82, 675, 6001, 16.40, 0x0000000000000001
2026/10/02 08:16:36.481, 82, 555, 6001, 14.75, 0x0000000000000001
2026/10/02 08:16:36.619, 82, 555, 6001, 13.15, 0x0000000000000001
2026/10/02 08:16:36.742, 82, 555, 6001, 13.08, 0x0000000000000001
2026/10/02 08:16:36.860, 81, 555, 6001, 12.80, 0x0000000000000001
2026/10/02 08:16:36.994, 81, 435, 810, 12.52, 0x0000000000000001
2026/10/02 08:16:37.119, 81, 435, 810, 12.24, 0x0000000000000001
2026/10/02 08:16:37.246, 81, 435, 810, 11.86, 0x0000000000000001
2026/10/02 08:16:37.373, 81, 435, 810, 11.41, 0x0000000000000001
2026/10/02 08:16:37.498, 81, 375, 810, 11.14, 0x0000000000000001
2026/10/02 08:16:37.632, 81, 375, 810, 10.85, 0x0000000000000001
2026/10/02 08:16:37.754, 81, 375, 810, 10.49, 0x0000000000000001
2026/10/02 08:16:37.880, 81, 375, 810, 10.29, 0x0000000000000001
2026/10/02 08:16:38.013, 81, 285, 810, 9.85, 0x0000000000000001
2026/10/02 08:16:38.137, 81, 285, 810, 9.80, 0x0000000000000001
2026/10/02 08:16:38.263, 81, 285, 810, 9.81, 0x0000000000000001
2026/10/02 08:16:38.392, 81, 285, 810, 9.80, 0x0000000000000001
2026/10/02 08:16:38.516, 81, 240, 810, 9.80, 0x0000000000000001
2026/10/02 08:16:38.651, 81, 240, 810, 9.81, 0x0000000000000001
2026/10/02 08:16:38.773, 81, 240, 810, 9.81, 0x0000000000000001
2026/10/02 08:16:38.897, 81, 240, 810, 9.82, 0x0000000000000001
2026/10/02 08:16:39.020, 81, 210, 810, 9.81, 0x0000000000000001
2026/10/02 08:16:39.148, 81, 210, 810, 9.82, 0x0000000000000001
2026/10/02 08:16:39.272, 81, 210, 810, 9.81, 0x0000000000000001
2026/10/02 08:16:39.412, 81, 210, 810, 9.82, 0x0000000000000001
2026/10/02 08:16:39.536, 81, 210, 810, 9.77, 0x0000000000000001
2026/10/02 08:16:39.659, 81, 210, 810, 9.76, 0x0000000000000001
2026/10/02 08:16:39.781, 81, 210, 810, 9.74, 0x0000000000000001
2026/10/02 08:16:39.921, 81, 210, 810, 9.79, 0x0000000000000001
2026/10/02 08:16:40.056, 81, 210, 810, 9.71, 0x0000000000000001
2026/10/02 08:16:40.184, 81, 210, 810, 9.48, 0x0000000000000001
2026/10/02 08:16:40.328, 81, 210, 810, 9.25, 0x0000000000000001
2026/10/02 08:16:40.486, 81, 210, 810, 8.90, 0x0000000000000001
2026/10/02 08:16:40.630, 81, 300, 405, 8.78, 0x0000000000000001
2026/10/02 08:16:40.762, 81, 300, 405, 8.34, 0x0000000000000001
2026/10/02 08:16:40.901, 81, 300, 405, 8.15, 0x0000000000000001
2026/10/02 08:16:41.058, 81, 360, 405, 7.70, 0x0000000000000001
2026/10/02 08:16:41.210, 81, 360, 405, 7.73, 0x0000000000000001
2026/10/02 08:16:41.344, 81, 360, 405, 7.94, 0x0000000000000001
2026/10/02 08:16:41.474, 81, 360, 405, 8.23, 0x0000000000000001
2026/10/02 08:16:41.608, 81, 435, 810, 8.39, 0x0000000000000001
2026/10/02 08:16:41.737, 81, 435, 810, 8.58, 0x0000000000000001
2026/10/02 08:16:41.866, 81, 435, 810, 9.02, 0x0000000000000001
2026/10/02 08:16:41.993, 81, 435, 810, 9.24, 0x0000000000000001
2026/10/02 08:16:42.143, 81, 435, 810, 9.59, 0x0000000000000001
2026/10/02 08:16:42.280, 81, 435, 810, 9.90, 0x0000000000000001
2026/10/02 08:16:42.418, 81, 435, 810, 9.98, 0x0000000000000001
2026/10/02 08:16:42.541, 81, 435, 810, 9.95, 0x0000000000000001
2026/10/02 08:16:42.667, 81, 435, 810, 9.96, 0x0000000000000001
2026/10/02 08:16:42.788, 81, 435, 810, 9.97, 0x0000000000000001
2026/10/02 08:16:42.909, 81, 435, 810, 9.97, 0x0000000000000001
2026/10/02 08:16:43.033, 81, 240, 405, 9.98, 0x0000000000000001
2026/10/02 08:16:43.157, 81, 240, 405, 9.71, 0x0000000000000001
2026/10/02 08:16:43.308, 81, 240, 405, 9.16, 0x0000000000000001
2026/10/02 08:16:43.437, 81, 240, 405, 8.88, 0x0000000000000001
2026/10/02 08:16:43.566, 81, 225, 405, 8.63, 0x0000000000000001
2026/10/02 08:16:43.702, 81, 225, 405, 8.18, 0x0000000000000001
2026/10/02 08:16:43.836, 81, 225, 405, 7.98, 0x0000000000000001
2026/10/02 08:16:43.962, 81, 225, 405, 7.77, 0x0000000000000001
2026/10/02 08:16:44.100, 81, 210, 405, 7.36, 0x0000000000000001
2026/10/02 08:16:44.226, 81, 210, 405, 7.34, 0x0000000000000001
2026/10/02 08:16:44.355, 81, 210, 405, 7.31, 0x0000000000000001
2026/10/02 08:16:44.484, 81, 210, 405, 7.31, 0x0000000000000001
2026/10/02 08:16:44.610, 81, 210, 405, 7.24, 0x0000000000000001
2026/10/02 08:16:44.742, 81, 210, 405, 7.22, 0x0000000000000001
2026/10/02 08:16:44.875, 81, 210, 405, 7.23, 0x0000000000000001
2026/10/02 08:16:44.999, 81, 210, 405, 7.21, 0x0000000000000001
2026/10/02 08:16:45.123, 81, 210, 405, 7.19, 0x0000000000000001
2026/10/02 08:16:45.247, 81, 210, 405, 7.17, 0x0000000000000001
2026/10/02 08:16:45.402, 81, 210, 405, 7.24, 0x0000000000000001
2026/10/02 08:16:45.542, 81, 210, 405, 7.30, 0x0000000000000001
2026/10/02 08:16:45.671, 81, 225, 405, 7.29, 0x0000000000000001
2026/10/02 08:16:45.799, 81, 225, 405, 7.32, 0x0000000000000001
2026/10/02 08:16:45.927, 81, 225, 405, 7.32, 0x0000000000000001
2026/10/02 08:16:46.060, 81, 225, 405, 7.31, 0x0000000000000001
2026/10/02 08:16:46.194, 81, 225, 405, 7.31, 0x0000000000000001
2026/10/02 08:16:46.353, 81, 225, 405, 7.36, 0x0000000000000001
2026/10/02 08:16:46.487, 81, 225, 405, 7.30, 0x0000000000000001
2026/10/02 08:16:46.623, 81, 225, 405, 7.24, 0x0000000000000001
2026/10/02 08:16:46.754, 81, 225, 405, 7.24, 0x0000000000000001
2026/10/02 08:16:46.901, 81, 225, 405, 7.24, 0x0000000000000001
2026/10/02 08:16:47.025, 81, 225, 405, 7.23, 0x0000000000000001
2026/10/02 08:16:47.154, 81, 225, 405, 7.24, 0x0000000000000001
2026/10/02 08:16:47.323, 81, 225, 405, 7.41, 0x0000000000000001
2026/10/02 08:16:47.448, 81, 225, 405, 7.39, 0x0000000000000001
2026/10/02 08:16:47.575, 81, 255, 405, 7.37, 0x0000000000000001
2026/10/02 08:16:47.700, 81, 255, 405, 7.37, 0x0000000000000001
2026/10/02 08:16:47.832, 81, 255, 405, 7.54, 0x0000000000000001
2026/10/02 08:16:47.967, 81, 255, 405, 7.50, 0x0000000000000001
2026/10/02 08:16:48.101, 81, 360, 405, 7.48, 0x0000000000000001
2026/10/02 08:16:48.229, 81, 360, 405, 7.45, 0x0000000000000001
2026/10/02 08:16:48.354, 81, 360, 405, 7.33, 0x0000000000000001
2026/10/02 08:16:48.488, 81, 360, 405, 7.29, 0x0000000000000001
2026/10/02 08:16:48.629, 81, 360, 405, 7.46, 0x0000000000000001
2026/10/02 08:16:48.753, 81, 360, 405, 7.70, 0x0000000000000001
2026/10/02 08:16:48.881, 81, 360, 405, 7.85, 0x0000000000000001
2026/10/02 08:16:49.003, 81, 360, 405, 8.22, 0x0000000000000001
2026/10/02 08:16:49.126, 81, 480, 810, 8.46, 0x0000000000000001
2026/10/02 08:16:49.246, 81, 480, 810, 8.91, 0x0000000000000001
2026/10/02 08:16:49.387, 81, 480, 810, 9.27, 0x0000000000000001
2026/10/02 08:16:49.509, 81, 480, 810, 9.52, 0x0000000000000001
2026/10/02 08:16:49.639, 81, 480, 810, 9.62, 0x0000000000000001
2026/10/02 08:16:49.765, 81, 480, 810, 9.78, 0x0000000000000001
2026/10/02 08:16:49.896, 81, 480, 810, 9.78, 0x0000000000000001
2026/10/02 08:16:50.025, 81, 480, 810, 9.78, 0x0000000000000001
2026/10/02 08:16:50.146, 81, 480, 810, 9.79, 0x0000000000000001
2026/10/02 08:16:50.278, 81, 480, 810, 9.80, 0x0000000000000001
2026/10/02 08:16:50.410, 81, 480, 810, 9.68, 0x0000000000000001
2026/10/02 08:16:50.551, 81, 210, 405, 9.44, 0x0000000000000001
2026/10/02 08:16:50.675, 81, 210, 405, 9.24, 0x0000000000000001
2026/10/02 08:16:50.806, 81, 210, 405, 8.83, 0x0000000000000001
2026/10/02 08:16:50.932, 81, 210, 405, 8.61, 0x0000000000000001
2026/10/02 08:16:51.063, 81, 210, 405, 8.40, 0x0000000000000001
2026/10/02 08:16:51.190, 81, 210, 405, 8.18, 0x0000000000000001
2026/10/02 08:16:51.323, 81, 210, 405, 7.75, 0x0000000000000001
2026/10/02 08:16:51.455, 81, 210, 405, 7.53, 0x0000000000000001
2026/10/02 08:16:51.585, 81, 210, 405, 7.31, 0x0000000000000001
2026/10/02 08:16:51.709, 81, 210, 405, 7.30, 0x0000000000000001
2026/10/02 08:16:51.834, 81, 210, 405, 7.31, 0x0000000000000001
2026/10/02 08:16:51.958, 81, 210, 405, 7.31, 0x0000000000000001
2026/10/02 08:16:52.085, 81, 210, 405, 7.30, 0x0000000000000001
2026/10/02 08:16:52.210, 81, 210, 405, 7.25, 0x0000000000000001
2026/10/02 08:16:52.333, 81, 210, 405, 7.22, 0x0000000000000001
2026/10/02 08:16:52.458, 81, 210, 405, 7.18, 0x0000000000000001
2026/10/02 08:16:52.601, 81, 210, 405, 7.20, 0x0000000000000001
2026/10/02 08:16:52.730, 81, 210, 405, 7.21, 0x0000000000000001
2026/10/02 08:16:52.869, 81, 210, 405, 7.24, 0x0000000000000001
2026/10/02 08:16:53.007, 81, 210, 405, 7.33, 0x0000000000000001
2026/10/02 08:16:53.134, 81, 210, 405, 7.34, 0x0000000000000001
2026/10/02 08:16:53.270, 81, 210, 405, 7.37, 0x0000000000000001
2026/10/02 08:16:53.399, 81, 210, 405, 7.43, 0x0000000000000001
2026/10/02 08:16:53.523, 81, 210, 405, 7.47, 0x0000000000000001
2026/10/02 08:16:53.647, 81, 210, 405, 7.49, 0x0000000000000001
2026/10/02 08:16:53.774, 81, 210, 405, 7.45, 0x0000000000000001
2026/10/02 08:16:53.908, 81, 210, 405, 7.42, 0x0000000000000001
2026/10/02 08:16:54.039, 80, 210, 405, 7.38, 0x0000000000000001
2026/10/02 08:16:54.164, 80, 210, 405, 7.35, 0x0000000000000001
2026/10/02 08:16:54.295, 80, 210, 405, 7.48, 0x0000000000000001
2026/10/02 08:16:54.475, 80, 210, 405, 7.59, 0x0000000000000001
2026/10/02 08:16:54.600, 81, 1890, 8001, 9.28, 0x0000000000000001
2026/10/02 08:16:54.717, 81, 1890, 8001, 10.36, 0x0000000000000001
2026/10/02 08:16:54.841, 81, 1890, 8001, 11.46, 0x0000000000000001
2026/10/02 08:16:54.960, 81, 1890, 8001, 12.66, 0x0000000000000001
2026/10/02 08:16:55.080, 82, 1890, 8001, 14.74, 0x0000000000000001
2026/10/02 08:16:55.209, 82, 1890, 8001, 15.82, 0x0000000000000001
2026/10/02 08:16:55.331, 82, 1890, 8001, 16.99, 0x0000000000000001
2026/10/02 08:16:55.448, 82, 1890, 8001, 17.99, 0x0000000000000001
2026/10/02 08:16:55.570, 82, 1890, 8001, 18.86, 0x0000000000000001
2026/10/02 08:16:55.702, 82, 1890, 8001, 19.28, 0x0000000000000001
2026/10/02 08:16:55.826, 82, 1890, 8001, 19.32, 0x0000000000000001
2026/10/02 08:16:55.953, 82, 1890, 8001, 19.37, 0x0000000000000001
2026/10/02 08:16:56.069, 82, 1890, 8001, 19.33, 0x0000000000000001
2026/10/02 08:16:56.187, 82, 1890, 8001, 19.43, 0x0000000000000001
2026/10/02 08:16:56.321, 82, 1890, 8001, 18.91, 0x0000000000000001
2026/10/02 08:16:56.445, 82, 1890, 8001, 18.30, 0x0000000000000001
2026/10/02 08:16:56.565, 81, 450, 6001, 17.69, 0x0000000000000001
2026/10/02 08:16:56.698, 81, 450, 6001, 16.50, 0x0000000000000001
2026/10/02 08:16:56.824, 81, 450, 6001, 15.90, 0x0000000000000001
2026/10/02 08:16:56.955, 81, 450, 6001, 15.05, 0x0000000000000001
2026/10/02 08:16:57.097, 81, 345, 810, 12.72, 0x0000000000000001
2026/10/02 08:16:57.235, 81, 345, 810, 11.83, 0x0000000000000001
2026/10/02 08:16:57.381, 81, 345, 810, 11.41, 0x0000000000000001
2026/10/02 08:16:57.513, 81, 345, 810, 11.11, 0x0000000000000001
2026/10/02 08:16:57.649, 81, 315, 810, 10.73, 0x0000000000000001
2026/10/02 08:16:57.784, 81, 315, 810, 10.62, 0x0000000000000001
2026/10/02 08:16:57.919, 81, 315, 810, 10.37, 0x0000000000000001
2026/10/02 08:16:58.045, 81, 270, 810, 10.28, 0x0000000000000001
2026/10/02 08:16:58.173, 81, 270, 810, 10.07, 0x0000000000000001
2026/10/02 08:16:58.301, 81, 270, 810, 9.95, 0x0000000000000001
2026/10/02 08:16:58.422, 81, 270, 810, 9.91, 0x0000000000000001
2026/10/02 08:16:58.549, 81, 240, 810, 10.09, 0x0000000000000001
2026/10/02 08:16:58.696, 81, 240, 810, 10.38, 0x0000000000000001
2026/10/02 08:16:58.837, 81, 240, 810, 10.38, 0x0000000000000001
2026/10/02 08:16:58.982, 81, 240, 810, 10.62, 0x0000000000000001
2026/10/02 08:16:59.120, 81, 540, 810, 10.67, 0x0000000000000001
2026/10/02 08:16:59.261, 81, 540, 810, 11.01, 0x0000000000000001
2026/10/02 08:16:59.401, 81, 540, 810, 11.16, 0x0000000000000001
2026/10/02 08:16:59.538, 81, 585, 810, 11.25, 0x0000000000000001
2026/10/02 08:16:59.695, 81, 585, 810, 11.19, 0x0000000000000001
2026/10/02 08:16:59.835, 81, 585, 810, 11.15, 0x0000000000000001
2026/10/02 08:16:59.980, 81, 585, 810, 11.12, 0x0000000000000001
2026/10/02 08:17:00.100, 81, 585, 810, 11.06, 0x0000000000000001
2026/10/02 08:17:00.250, 81, 585, 810, 11.22, 0x0000000000000001
2026/10/02 08:17:00.391, 81, 585, 810, 11.28, 0x0000000000000001
2026/10/02 08:17:00.523, 81, 1080, 6001, 11.41, 0x0000000000000001
2026/10/02 08:17:00.659, 81, 1080, 6001, 12.02, 0x0000000000000001
2026/10/02 08:17:00.780, 81, 1080, 6001, 12.26, 0x0000000000000001
2026/10/02 08:17:00.910, 81, 1080, 6001, 12.58, 0x0000000000000001
2026/10/02 08:17:01.039, 81, 1080, 6001, 13.30, 0x0000000000000001
2026/10/02 08:17:01.159, 81, 1080, 6001, 13.81, 0x0000000000000001
2026/10/02 08:17:01.280, 81, 1080, 6001, 14.13, 0x0000000000000001
2026/10/02 08:17:01.406, 81, 1080, 6001, 14.37, 0x0000000000000001
2026/10/02 08:17:01.529, 81, 1080, 7001, 14.65, 0x0000000000000001
2026/10/02 08:17:01.667, 81, 1080, 7001, 14.64, 0x0000000000000001
2026/10/02 08:17:01.785, 81, 1080, 7001, 14.50, 0x0000000000000001
2026/10/02 08:17:01.904, 81, 1080, 7001, 14.62, 0x0000000000000001
2026/10/02 08:17:02.023, 81, 1080, 8001, 14.88, 0x0000000000000001
2026/10/02 08:17:02.154, 81, 1080, 8001, 15.18, 0x0000000000000001
2026/10/02 08:17:02.285, 81, 1080, 8001, 14.93, 0x0000000000000001
2026/10/02 08:17:02.402, 81, 1080, 8001, 14.67, 0x0000000000000001
2026/10/02 08:17:02.520, 81, 450, 6001, 14.40, 0x0000000000000001
2026/10/02 08:17:02.646, 81, 450, 6001, 14.07, 0x0000000000000001
2026/10/02 08:17:02.773, 81, 450, 6001, 13.99, 0x0000000000000001
2026/10/02 08:17:02.896, 81, 450, 6001, 13.72, 0x0000000000000001
2026/10/02 08:17:03.027, 81, 345, 810, 11.98, 0x0000000000000001
2026/10/02 08:17:03.160, 81, 345, 810, 11.38, 0x0000000000000001
2026/10/02 08:17:03.282, 81, 345, 810, 11.26, 0x0000000000000001
2026/10/02 08:17:03.418, 81, 345, 810, 10.76, 0x0000000000000001
2026/10/02 08:17:03.537, 81, 315, 810, 10.54, 0x0000000000000001
2026/10/02 08:17:03.658, 81, 315, 810, 10.32, 0x0000000000000001
2026/10/02 08:17:03.778, 81, 315, 810, 10.10, 0x0000000000000001
2026/10/02 08:17:03.903, 81, 315, 810, 9.89, 0x0000000000000001
2026/10/02 08:17:04.029, 81, 240, 810, 9.89, 0x0000000000000001
2026/10/02 08:17:04.147, 81, 240, 810, 9.88, 0x0000000000000001
2026/10/02 08:17:04.267, 81, 240, 810, 9.85, 0x0000000000000001
2026/10/02 08:17:04.386, 81, 240, 810, 9.81, 0x0000000000000001
2026/10/02 08:17:04.519, 81, 210, 810, 9.77, 0x0000000000000001
2026/10/02 08:17:04.640, 81, 210, 810, 9.76, 0x0000000000000001
2026/10/02 08:17:04.760, 81, 210, 810, 9.74, 0x0000000000000001
2026/10/02 08:17:04.889, 81, 210, 810, 9.74, 0x0000000000000001
2026/10/02 08:17:05.010, 81, 210, 810, 9.72, 0x0000000000000001
2026/10/02 08:17:05.132, 81, 210, 810, 9.70, 0x0000000000000001
2026/10/02 08:17:05.252, 81, 210, 810, 9.69, 0x0000000000000001
2026/10/02 08:17:05.373, 81, 210, 810, 9.69, 0x0000000000000001
2026/10/02 08:17:05.494, 81, 210, 810, 9.69, 0x0000000000000001
2026/10/02 08:17:05.619, 81, 210, 810, 9.71, 0x0000000000000001
2026/10/02 08:17:05.740, 81, 210, 810, 9.72, 0x0000000000000001
2026/10/02 08:17:05.865, 81, 210, 810, 9.53, 0x0000000000000001
2026/10/02 08:17:05.989, 81, 210, 405, 9.31, 0x0000000000000001
2026/10/02 08:17:06.116, 81, 210, 405, 8.89, 0x0000000000000001
2026/10/02 08:17:06.240, 81, 210, 405, 8.67, 0x0000000000000001
2026/10/02 08:17:06.364, 81, 210, 405, 8.45, 0x0000000000000001
2026/10/02 08:17:06.493, 81, 210, 405, 8.02, 0x0000000000000001
2026/10/02 08:17:06.616, 81, 210, 405, 7.79, 0x0000000000000001
2026/10/02 08:17:06.760, 81, 210, 405, 7.37, 0x0000000000000001
2026/10/02 08:17:06.904, 81, 210, 405, 7.43, 0x0000000000000001
2026/10/02 08:17:07.037, 81, 240, 405, 7.39, 0x0000000000000001
2026/10/02 08:17:07.170, 81, 240, 405, 7.36, 0x0000000000000001
2026/10/02 08:17:07.293, 81, 240, 405, 7.31, 0x0000000000000001
2026/10/02 08:17:07.422, 81, 240, 405, 7.29, 0x0000000000000001
2026/10/02 08:17:07.554, 81, 240, 405, 7.27, 0x0000000000000001
2026/10/02 08:17:07.677, 81, 240, 405, 7.25, 0x0000000000000001
2026/10/02 08:17:07.810, 80, 240, 405, 7.21, 0x0000000000000001
2026/10/02 08:17:07.944, 80, 240, 405, 7.15, 0x0000000000000001
2026/10/02 08:17:08.076, 80, 240, 405, 7.15, 0x0000000000000001
2026/10/02 08:17:08.213, 80, 240, 405, 7.20, 0x0000000000000001
2026/10/02 08:17:08.351, 80, 240, 405, 7.23, 0x0000000000000001
2026/10/02 08:17:08.474, 80, 240, 405, 7.30, 0x0000000000000001
2026/10/02 08:17:08.598, 80, 240, 405, 7.33, 0x0000000000000001
2026/10/02 08:17:08.722, 81, 240, 405, 7.38, 0x0000000000000001
2026/10/02 08:17:08.853, 81, 240, 405, 7.43, 0x0000000000000001
2026/10/02 08:17:08.987, 81, 210, 405, 7.45, 0x0000000000000001
2026/10/02 08:17:09.116, 81, 210, 405, 7.45, 0x0000000000000001
2026/10/02 08:17:09.251, 80, 210, 405, 7.47, 0x0000000000000001
2026/10/02 08:17:09.434, 80, 210, 405, 7.66, 0x0000000000000001
2026/10/02 08:17:09.637, 80, 210, 405, 8.24, 0x0000000000000001
2026/10/02 08:17:09.761, 81, 210, 405, 9.34, 0x0000000000000001
2026/10/02 08:17:09.886, 81, 210, 405, 10.91, 0x0000000000000001
2026/10/02 08:17:10.017, 81, 1890, 7001, 13.92, 0x0000000000000001
2026/10/02 08:17:10.147, 81, 1890, 7001, 15.02, 0x0000000000000001
2026/10/02 08:17:10.272, 82, 1890, 7001, 16.02, 0x0000000000000001
2026/10/02 08:17:10.395, 82, 1890, 7001, 17.07, 0x0000000000000001
2026/10/02 08:17:10.521, 82, 1890, 7001, 19.33, 0x0000000000000001
2026/10/02 08:17:10.669, 82, 1890, 7001, 20.40, 0x0000000000000001
2026/10/02 08:17:10.789, 82, 1890, 7001, 21.14, 0x0000000000000001
2026/10/02 08:17:10.909, 82, 1890, 7001, 21.41, 0x0000000000000001
2026/10/02 08:17:11.035, 82, 1890, 8001, 21.01, 0x0000000000000001
2026/10/02 08:17:11.163, 82, 1890, 8001, 20.94, 0x0000000000000001
2026/10/02 08:17:11.286, 82, 1890, 8001, 21.25, 0x0000000000000001
2026/10/02 08:17:11.411, 82, 1890, 8001, 21.73, 0x0000000000000001
2026/10/02 08:17:11.545, 82, 870, 6001, 20.84, 0x0000000000000001
2026/10/02 08:17:11.673, 82, 870, 6001, 20.18, 0x0000000000000001
2026/10/02 08:17:11.803, 82, 870, 6001, 19.38, 0x0000000000000001
2026/10/02 08:17:11.926, 82, 870, 6001, 18.50, 0x0000000000000001
2026/10/02 08:17:12.052, 82, 690, 6001, 16.40, 0x0000000000000001
2026/10/02 08:17:12.185, 82, 690, 6001, 15.58, 0x0000000000000001
2026/10/02 08:17:12.344, 81, 690, 6001, 14.30, 0x0000000000000001
2026/10/02 08:17:12.476, 81, 690, 6001, 13.24, 0x0000000000000001
2026/10/02 08:17:12.604, 81, 615, 6001, 12.85, 0x0000000000000001
2026/10/02 08:17:12.741, 81, 615, 6001, 13.01, 0x0000000000000001
2026/10/02 08:17:12.877, 81, 615, 6001, 13.29, 0x0000000000000001
2026/10/02 08:17:12.998, 81, 615, 6001, 13.17, 0x0000000000000001
2026/10/02 08:17:13.133, 81, 510, 6001, 13.02, 0x0000000000000001
2026/10/02 08:17:13.254, 81, 510, 6001, 12.58, 0x0000000000000001
2026/10/02 08:17:13.381, 81, 510, 6001, 12.52, 0x0000000000000001
2026/10/02 08:17:13.501, 81, 510, 6001, 12.49, 0x0000000000000001
2026/10/02 08:17:13.629, 81, 420, 6001, 12.54, 0x0000000000000001
2026/10/02 08:17:13.752, 81, 420, 6001, 12.50, 0x0000000000000001
2026/10/02 08:17:13.877, 81, 420, 6001, 12.12, 0x0000000000000001
2026/10/02 08:17:14.013, 81, 420, 6001, 11.94, 0x0000000000000001
2026/10/02 08:17:14.156, 81, 330, 6001, 11.95, 0x0000000000000001
2026/10/02 08:17:14.277, 81, 330, 6001, 11.94, 0x0000000000000001
2026/10/02 08:17:14.405, 81, 330, 6001, 11.94, 0x0000000000000001
2026/10/02 08:17:14.528, 81, 330, 6001, 11.94, 0x0000000000000001
2026/10/02 08:17:14.653, 81, 270, 6001, 11.93, 0x0000000000000001
2026/10/02 08:17:14.780, 81, 270, 6001, 11.90, 0x0000000000000001
2026/10/02 08:17:14.910, 81, 270, 6001, 11.68, 0x0000000000000001
2026/10/02 08:17:15.041, 81, 270, 6001, 11.47, 0x0000000000000001
2026/10/02 08:17:15.171, 81, 210, 810, 11.00, 0x0000000000000001
2026/10/02 08:17:15.307, 81, 210, 810, 10.78, 0x0000000000000001
2026/10/02 08:17:15.434, 81, 210, 810, 10.54, 0x0000000000000001
2026/10/02 08:17:15.565, 81, 210, 810, 10.31, 0x0000000000000001
2026/10/02 08:17:15.686, 81, 210, 810, 9.84, 0x0000000000000001
2026/10/02 08:17:15.814, 81, 210, 810, 9.38, 0x0000000000000001
2026/10/02 08:17:15.935, 81, 210, 810, 9.38, 0x0000000000000001
2026/10/02 08:17:16.057, 81, 210, 810, 9.35, 0x0000000000000001
2026/10/02 08:17:16.188, 81, 210, 810, 9.34, 0x0000000000000001
2026/10/02 08:17:16.308, 81, 210, 810, 9.35, 0x0000000000000001
2026/10/02 08:17:16.429, 81, 210, 810, 9.35, 0x0000000000000001
2026/10/02 08:17:16.558, 81, 210, 810, 9.35, 0x0000000000000001
2026/10/02 08:17:16.686, 81, 210, 810, 9.12, 0x0000000000000001
2026/10/02 08:17:16.811, 81, 210, 810, 8.89, 0x0000000000000001
2026/10/02 08:17:16.938, 81, 210, 810, 8.65, 0x0000000000000001
2026/10/02 08:17:17.073, 81, 210, 810, 8.42, 0x0000000000000001
2026/10/02 08:17:17.211, 81, 210, 405, 7.94, 0x0000000000000001
2026/10/02 08:17:17.335, 81, 210, 405, 7.69, 0x0000000000000001
2026/10/02 08:17:17.469, 81, 210, 405, 7.45, 0x0000000000000001
2026/10/02 08:17:17.594, 81, 210, 405, 6.76, 0x0000000000000001
2026/10/02 08:17:17.754, 81, 210, 405, 6.83, 0x0000000000000001
2026/10/02 08:17:17.897, 81, 210, 405, 6.98, 0x0000000000000001
2026/10/02 08:17:18.034, 81, 210, 405, 7.03, 0x0000000000000001
2026/10/02 08:17:18.174, 81, 210, 405, 7.09, 0x0000000000000001
2026/10/02 08:17:18.309, 81, 210, 405, 7.17, 0x0000000000000001
2026/10/02 08:17:18.444, 81, 210, 405, 7.21, 0x0000000000000001
2026/10/02 08:17:18.568, 81, 210, 405, 7.25, 0x0000000000000001
2026/10/02 08:17:18.706, 81, 210, 405, 7.30, 0x0000000000000001
2026/10/02 08:17:18.835, 81, 210, 405, 7.28, 0x0000000000000001
2026/10/02 08:17:18.966, 81, 210, 405, 7.26, 0x0000000000000001
2026/10/02 08:17:19.090, 81, 210, 405, 7.21, 0x0000000000000001
2026/10/02 08:17:19.224, 81, 210, 405, 7.19, 0x0000000000000001
2026/10/02 08:17:19.355, 81, 210, 405, 7.19, 0x0000000000000001
2026/10/02 08:17:19.519, 81, 210, 405, 7.38, 0x0000000000000001
2026/10/02 08:17:19.697, 81, 210, 405, 8.30, 0x0000000000000001
2026/10/02 08:17:19.818, 81, 210, 405, 9.42, 0x0000000000000001
2026/10/02 08:17:19.951, 81, 210, 405, 10.58, 0x0000000000000001
2026/10/02 08:17:20.085, 81, 210, 405, 11.72, 0x0000000000000001
2026/10/02 08:17:20.204, 82, 1890, 8001, 14.00, 0x0000000000000001
2026/10/02 08:17:20.322, 82, 1890, 8001, 15.12, 0x0000000000000001
2026/10/02 08:17:20.448, 82, 1890, 8001, 16.24, 0x0000000000000001
2026/10/02 08:17:20.568, 82, 1890, 8001, 17.33, 0x0000000000000001
2026/10/02 08:17:20.694, 82, 1890, 8001, 19.54, 0x0000000000000001
2026/10/02 08:17:20.824, 82, 1890, 8001, 19.99, 0x0000000000000001
2026/10/02 08:17:20.940, 82, 1890, 8001, 20.19, 0x0000000000000001
2026/10/02 08:17:21.067, 82, 1890, 8001, 20.33, 0x0000000000000001
2026/10/02 08:17:21.187, 82, 1890, 8001, 20.60, 0x0000000000000001
2026/10/02 08:17:21.324, 82, 1890, 8001, 20.79, 0x0000000000000001
2026/10/02 08:17:21.440, 82, 1890, 8001, 20.90, 0x0000000000000001
2026/10/02 08:17:21.561, 82, 1890, 8001, 20.39, 0x0000000000000001
2026/10/02 08:17:21.683, 82, 705, 6001, 19.80, 0x0000000000000001
2026/10/02 08:17:21.805, 82, 705, 6001, 18.35, 0x0000000000000001
2026/10/02 08:17:21.926, 82, 705, 6001, 17.65, 0x0000000000000001
2026/10/02 08:17:22.048, 82, 705, 6001, 16.88, 0x0000000000000001
2026/10/02 08:17:22.178, 81, 570, 810, 15.89, 0x0000000000000001
2026/10/02 08:17:22.300, 81, 570, 810, 13.80, 0x0000000000000001
2026/10/02 08:17:22.420, 81, 570, 810, 12.70, 0x0000000000000001
2026/10/02 08:17:22.542, 81, 570, 810, 11.73, 0x0000000000000001
2026/10/02 08:17:22.670, 81, 480, 810, 11.35, 0x0000000000000001
2026/10/02 08:17:22.804, 81, 480, 810, 10.60, 0x0000000000000001
2026/10/02 08:17:22.935, 81, 480, 810, 10.50, 0x0000000000000001
2026/10/02 08:17:23.065, 81, 480, 810, 10.19, 0x0000000000000001
2026/10/02 08:17:23.195, 81, 375, 810, 9.96, 0x0000000000000001
2026/10/02 08:17:23.334, 81, 375, 810, 9.93, 0x0000000000000001
2026/10/02 08:17:23.456, 81, 375, 810, 9.90, 0x0000000000000001
2026/10/02 08:17:23.575, 81, 375, 810, 9.87, 0x0000000000000001
2026/10/02 08:17:23.698, 81, 360, 810, 9.80, 0x0000000000000001
2026/10/02 08:17:23.826, 81, 360, 810, 9.76, 0x0000000000000001
2026/10/02 08:17:23.946, 81, 360, 810, 9.77, 0x0000000000000001
2026/10/02 08:17:24.065, 81, 360, 810, 9.79, 0x0000000000000001
2026/10/02 08:17:24.196, 81, 285, 810, 9.62, 0x0000000000000001
2026/10/02 08:17:24.323, 81, 285, 810, 9.57, 0x0000000000000001
2026/10/02 08:17:24.453, 81, 285, 810, 9.57, 0x0000000000000001
2026/10/02 08:17:24.587, 81, 285, 810, 9.15, 0x0000000000000001
2026/10/02 08:17:24.727, 81, 210, 405, 8.94, 0x0000000000000001
2026/10/02 08:17:24.851, 81, 210, 405, 8.72, 0x0000000000000001
2026/10/02 08:17:24.975, 81, 210, 405, 8.26, 0x0000000000000001
2026/10/02 08:17:25.104, 81, 210, 405, 8.03, 0x0000000000000001
2026/10/02 08:17:25.235, 81, 210, 405, 7.81, 0x0000000000000001
2026/10/02 08:17:25.368, 81, 210, 405, 7.58, 0x0000000000000001
2026/10/02 08:17:25.496, 81, 210, 405, 7.12, 0x0000000000000001
2026/10/02 08:17:25.628, 81, 210, 405, 7.12, 0x0000000000000001
2026/10/02 08:17:25.757, 81, 210, 405, 7.13, 0x0000000000000001
2026/10/02 08:17:25.880, 81, 210, 405, 7.16, 0x0000000000000001
2026/10/02 08:17:26.006, 81, 210, 405, 7.18, 0x0000000000000001
2026/10/02 08:17:26.132, 81, 210, 405, 7.22, 0x0000000000000001
2026/10/02 08:17:26.264, 81, 210, 405, 7.23, 0x0000000000000001
2026/10/02 08:17:26.395, 81, 210, 405, 7.25, 0x0000000000000001
2026/10/02 08:17:26.537, 81, 210, 405, 7.33, 0x0000000000000001
2026/10/02 08:17:26.709, 81, 210, 405, 8.21, 0x0000000000000001
2026/10/02 08:17:26.831, 81, 210, 405, 9.49, 0x0000000000000001
2026/10/02 08:17:26.961, 81, 210, 405, 11.70, 0x0000000000000001
2026/10/02 08:17:27.093, 81, 210, 405, 12.78, 0x0000000000000001
2026/10/02 08:17:27.211, 81, 1890, 8001, 13.87, 0x0000000000000001
2026/10/02 08:17:27.332, 82, 1890, 8001, 14.96, 0x0000000000000001
2026/10/02 08:17:27.450, 82, 1890, 8001, 16.05, 0x0000000000000001
2026/10/02 08:17:27.582, 82, 1890, 8001, 18.19, 0x0000000000000001
2026/10/02 08:17:27.699, 82, 1890, 8001, 19.32, 0x0000000000000001
2026/10/02 08:17:27.814, 82, 1890, 8001, 19.48, 0x0000000000000001
2026/10/02 08:17:27.935, 82, 1890, 8001, 19.29, 0x0000000000000001
2026/10/02 08:17:28.051, 82, 1890, 8001, 19.25, 0x0000000000000001
2026/10/02 08:17:28.168, 82, 1890, 8001, 19.43, 0x0000000000000001
2026/10/02 08:17:28.286, 82, 1890, 8001, 19.53, 0x0000000000000001
2026/10/02 08:17:28.408, 82, 1890, 8001, 19.62, 0x0000000000000001
2026/10/02 08:17:28.528, 82, 1890, 8001, 19.12, 0x0000000000000001
2026/10/02 08:17:28.646, 82, 420, 6001, 18.53, 0x0000000000000001
2026/10/02 08:17:28.771, 81, 420, 6001, 17.35, 0x0000000000000001
2026/10/02 08:17:28.890, 81, 420, 6001, 16.76, 0x0000000000000001
2026/10/02 08:17:29.014, 81, 420, 6001, 16.17, 0x0000000000000001
2026/10/02 08:17:29.137, 81, 360, 6001, 15.09, 0x0000000000000001
2026/10/02 08:17:29.256, 81, 360, 6001, 14.07, 0x0000000000000001
2026/10/02 08:17:29.386, 81, 360, 6001, 13.31, 0x0000000000000001
2026/10/02 08:17:29.509, 81, 360, 6001, 12.56, 0x0000000000000001
2026/10/02 08:17:29.627, 81, 270, 6001, 12.41, 0x0000000000000001
2026/10/02 08:17:29.746, 81, 270, 6001, 12.31, 0x0000000000000001
2026/10/02 08:17:29.870, 81, 270, 6001, 12.17, 0x0000000000000001
2026/10/02 08:17:29.992, 81, 270, 6001, 11.92, 0x0000000000000001
2026/10/02 08:17:30.113, 81, 225, 810, 11.66, 0x0000000000000001
2026/10/02 08:17:30.244, 81, 225, 810, 11.23, 0x0000000000000001
2026/10/02 08:17:30.364, 81, 225, 810, 11.04, 0x0000000000000001
2026/10/02 08:17:30.487, 81, 225, 810, 10.84, 0x0000000000000001
2026/10/02 08:17:30.607, 81, 210, 810, 10.64, 0x0000000000000001
2026/10/02 08:17:30.745, 81, 210, 810, 10.17, 0x0000000000000001
2026/10/02 08:17:30.864, 81, 210, 810, 9.91, 0x0000000000000001
2026/10/02 08:17:30.985, 81, 210, 810, 9.80, 0x0000000000000001
2026/10/02 08:17:31.105, 81, 210, 810, 9.75, 0x0000000000000001
2026/10/02 08:17:31.225, 81, 210, 810, 9.69, 0x0000000000000001
2026/10/02 08:17:31.358, 81, 210, 810, 9.70, 0x0000000000000001
2026/10/02 08:17:31.477, 81, 210, 810, 9.70, 0x0000000000000001
2026/10/02 08:17:31.606, 81, 210, 810, 9.70, 0x0000000000000001
2026/10/02 08:17:31.731, 81, 210, 810, 9.70, 0x0000000000000001
2026/10/02 08:17:31.862, 81, 210, 810, 9.76, 0x0000000000000001
2026/10/02 08:17:31.981, 81, 210, 810, 9.76, 0x0000000000000001
2026/10/02 08:17:32.110, 81, 210, 810, 9.79, 0x0000000000000001
2026/10/02 08:17:32.232, 81, 210, 810, 9.86, 0x0000000000000001
2026/10/02 08:17:32.353, 81, 210, 810, 9.83, 0x0000000000000001
2026/10/02 08:17:32.480, 81, 210, 810, 9.80, 0x0000000000000001
2026/10/02 08:17:32.610, 81, 210, 810, 9.77, 0x0000000000000001
2026/10/02 08:17:32.729, 81, 210, 810, 9.71, 0x0000000000000001
2026/10/02 08:17:32.863, 81, 210, 810, 9.50, 0x0000000000000001
2026/10/02 08:17:32.988, 81, 210, 810, 9.27, 0x0000000000000001
2026/10/02 08:17:33.116, 81, 210, 405, 8.81, 0x0000000000000001
2026/10/02 08:17:33.255, 81, 210, 405, 8.59, 0x0000000000000001
2026/10/02 08:17:33.385, 81, 210, 405, 8.36, 0x0000000000000001
2026/10/02 08:17:33.518, 81, 210, 405, 7.95, 0x0000000000000001
2026/10/02 08:17:33.652, 81, 210, 405, 7.75, 0x0000000000000001
2026/10/02 08:17:33.776, 81, 210, 405, 7.54, 0x0000000000000001
2026/10/02 08:17:33.900, 81, 210, 405, 7.33, 0x0000000000000001
2026/10/02 08:17:34.036, 81, 210, 405, 7.25, 0x0000000000000001
2026/10/02 08:17:34.166, 81, 210, 405, 7.21, 0x0000000000000001
2026/10/02 08:17:34.289, 81, 210, 405, 7.18, 0x0000000000000001
2026/10/02 08:17:34.420, 81, 210, 405, 7.15, 0x0000000000000001
2026/10/02 08:17:34.543, 81, 210, 405, 7.16, 0x0000000000000001
2026/10/02 08:17:34.669, 81, 210, 405, 7.17, 0x0000000000000001
2026/10/02 08:17:34.796, 81, 210, 405, 7.17, 0x0000000000000001
2026/10/02 08:17:34.926, 81, 210, 405, 7.20, 0x0000000000000001
2026/10/02 08:17:35.062, 81, 210, 405, 7.23, 0x0000000000000001
2026/10/02 08:17:35.195, 81, 210, 405, 7.26, 0x0000000000000001
2026/10/02 08:17:35.321, 81, 210, 405, 7.31, 0x0000000000000001
2026/10/02 08:17:35.456, 81, 210, 405, 7.32, 0x0000000000000001
2026/10/02 08:17:35.580, 81, 210, 405, 7.29, 0x0000000000000001
2026/10/02 08:17:35.704, 81, 210, 405, 7.23, 0x0000000000000001
2026/10/02 08:17:35.828, 81, 210, 405, 7.17, 0x0000000000000001
2026/10/02 08:17:35.957, 81, 210, 405, 7.17, 0x0000000000000001
2026/10/02 08:17:36.094, 81, 210, 405, 7.17, 0x0000000000000001
2026/10/02 08:17:36.228, 81, 210, 405, 7.17, 0x0000000000000001
2026/10/02 08:17:36.351, 81, 210, 405, 7.18, 0x0000000000000001
2026/10/02 08:17:36.475, 81, 210, 405, 7.19, 0x0000000000000001
2026/10/02 08:17:36.601, 81, 210, 405, 7.22, 0x0000000000000001
2026/10/02 08:17:36.725, 81, 210, 405, 7.25, 0x0000000000000001
2026/10/02 08:17:36.853, 81, 210, 405, 7.27, 0x0000000000000001
2026/10/02 08:17:36.976, 81, 210, 405, 7.30, 0x0000000000000001
2026/10/02 08:17:37.105, 81, 210, 405, 7.27, 0x0000000000000001
2026/10/02 08:17:37.236, 81, 210, 405, 7.25, 0x0000000000000001
2026/10/02 08:17:37.366, 81, 210, 405, 7.23, 0x0000000000000001
2026/10/02 08:17:37.491, 81, 210, 405, 7.18, 0x0000000000000001
2026/10/02 08:17:37.622, 81, 210, 405, 7.20, 0x0000000000000001
2026/10/02 08:17:37.746, 81, 210, 405, 7.21, 0x0000000000000001
2026/10/02 08:17:37.879, 81, 210, 405, 7.22, 0x0000000000000001
2026/10/02 08:17:38.002, 81, 210, 405, 7.22, 0x0000000000000001
2026/10/02 08:17:38.130, 81, 210, 405, 7.24, 0x0000000000000001
2026/10/02 08:17:38.266, 81, 210, 405, 7.26, 0x0000000000000001
2026/10/02 08:17:38.397, 81, 210, 405, 7.30, 0x0000000000000001
2026/10/02 08:17:38.520, 81, 210, 405, 7.33, 0x0000000000000001
2026/10/02 08:17:38.643, 81, 210, 405, 7.32, 0x0000000000000001
2026/10/02 08:17:38.777, 81, 210, 405, 7.25, 0x0000000000000001
2026/10/02 08:17:38.910, 81, 210, 405, 7.22, 0x0000000000000001
2026/10/02 08:17:39.035, 81, 210, 405, 7.19, 0x0000000000000001
2026/10/02 08:17:39.166, 81, 210, 405, 7.18, 0x0000000000000001
2026/10/02 08:17:39.295, 81, 210, 405, 7.18, 0x0000000000000001
2026/10/02 08:17:39.420, 81, 210, 405, 7.19, 0x0000000000000001
2026/10/02 08:17:39.544, 81, 210, 405, 7.20, 0x0000000000000001
2026/10/02 08:17:39.668, 81, 210, 405, 7.23, 0x0000000000000001
2026/10/02 08:17:39.792, 81, 210, 405, 7.26, 0x0000000000000001
2026/10/02 08:17:39.929, 81, 210, 405, 7.32, 0x0000000000000001
2026/10/02 08:17:40.052, 81, 210, 405, 7.32, 0x0000000000000001
2026/10/02 08:17:40.186, 81, 210, 405, 7.33, 0x0000000000000001
2026/10/02 08:17:40.322, 81, 210, 405, 7.29, 0x0000000000000001
2026/10/02 08:17:40.455, 81, 210, 405, 7.22, 0x0000000000000001
2026/10/02 08:17:40.592, 81, 210, 405, 7.18, 0x0000000000000001
2026/10/02 08:17:40.728, 81, 210, 405, 7.17, 0x0000000000000001
2026/10/02 08:17:40.851, 81, 210, 405, 7.17, 0x0000000000000001
2026/10/02 08:17:40.982, 80, 210, 405, 7.17, 0x0000000000000001
2026/10/02 08:17:41.118, 80, 210, 405, 7.18, 0x0000000000000001
2026/10/02 08:17:41.245, 80, 210, 405, 7.20, 0x0000000000000001
2026/10/02 08:17:41.383, 80, 210, 405, 7.24, 0x0000000000000001
2026/10/02 08:17:41.509, 80, 210, 405, 7.27, 0x0000000000000001
2026/10/02 08:17:41.643, 80, 210, 405, 7.33, 0x0000000000000001
2026/10/02 08:17:41.778, 80, 210, 405, 7.31, 0x0000000000000001
2026/10/02 08:17:41.906, 80, 210, 405, 7.28, 0x0000000000000001
2026/10/02 08:17:42.029, 80, 210, 405, 7.24, 0x0000000000000001
2026/10/02 08:17:42.162, 80, 210, 405, 7.16, 0x0000000000000001
2026/10/02 08:17:42.307, 80, 210, 405, 7.16, 0x0000000000000001
2026/10/02 08:17:42.438, 80, 210, 405, 7.16, 0x0000000000000001
2026/10/02 08:17:42.575, 80, 210, 405, 7.17, 0x0000000000000001
2026/10/02 08:17:42.703, 80, 210, 405, 7.17, 0x0000000000000001
2026/10/02 08:17:42.840, 80, 210, 405, 7.18, 0x0000000000000001
2026/10/02 08:17:42.974, 80, 210, 405, 7.24, 0x0000000000000001
2026/10/02 08:17:43.102, 80, 210, 405, 7.28, 0x0000000000000001
2026/10/02 08:17:43.234, 80, 210, 405, 7.31, 0x0000000000000001
2026/10/02 08:17:43.371, 80, 210, 405, 7.34, 0x0000000000000001
2026/10/02 08:17:43.508, 80, 210, 405, 7.29, 0x0000000000000001
2026/10/02 08:17:43.646, 80, 210, 405, 7.25, 0x0000000000000001
2026/10/02 08:17:43.784, 80, 210, 405, 7.21, 0x0000000000000001
2026/10/02 08:17:43.927, 80, 210, 405, 7.12, 0x0000000000000001
2026/10/02 08:17:44.060, 80, 210, 405, 7.07, 0x0000000000000001
2026/10/02 08:17:44.186, 80, 210, 405, 7.02, 0x0000000000000001
2026/10/02 08:17:44.323, 80, 210, 405, 6.91, 0x0000000000000001
2026/10/02 08:17:44.449, 80, 210, 405, 6.86, 0x0000000000000001
2026/10/02 08:17:44.577, 80, 210, 405, 6.84, 0x0000000000000001
2026/10/02 08:17:44.707, 80, 210, 405, 6.83, 0x0000000000000001
2026/10/02 08:17:44.839, 80, 210, 405, 6.88, 0x0000000000000001
2026/10/02 08:17:44.967, 80, 210, 405, 6.92, 0x0000000000000001
2026/10/02 08:17:45.097, 80, 210, 405, 6.95, 0x0000000000000001
2026/10/02 08:17:45.222, 80, 210, 405, 7.09, 0x0000000000000001
2026/10/02 08:17:45.385, 80, 210, 405, 7.23, 0x0000000000000001
2026/10/02 08:17:45.536, 80, 210, 405, 7.35, 0x0000000000000001
2026/10/02 08:17:45.700, 80, 255, 405, 7.79, 0x0000000000000001
2026/10/02 08:17:45.822, 80, 255, 405, 9.11, 0x0000000000000001
2026/10/02 08:17:45.947, 80, 255, 405, 11.56, 0x0000000000000001
2026/10/02 08:17:46.079, 80, 255, 405, 12.74, 0x0000000000000001
2026/10/02 08:17:46.205, 82, 1890, 8001, 13.88, 0x0000000000000001
2026/10/02 08:17:46.328, 82, 1890, 8001, 15.02, 0x0000000000000001
2026/10/02 08:17:46.451, 82, 1890, 8001, 17.38, 0x0000000000000001
2026/10/02 08:17:46.570, 82, 1890, 8001, 18.51, 0x0000000000000001
2026/10/02 08:17:46.690, 82, 1890, 8001, 19.71, 0x0000000000000001
2026/10/02 08:17:46.817, 82, 1890, 8001, 20.57, 0x0000000000000001
2026/10/02 08:17:46.936, 82, 1890, 8001, 20.58, 0x0000000000000001
2026/10/02 08:17:47.061, 82, 1890, 8001, 20.44, 0x0000000000000001
2026/10/02 08:17:47.181, 82, 1890, 8001, 20.44, 0x0000000000000001
2026/10/02 08:17:47.300, 82, 1890, 8001, 20.41, 0x0000000000000001
2026/10/02 08:17:47.420, 82, 1890, 8001, 20.35, 0x0000000000000001
2026/10/02 08:17:47.540, 82, 1890, 8001, 20.31, 0x0000000000000001
2026/10/02 08:17:47.664, 82, 1890, 8001, 20.32, 0x0000000000000001
2026/10/02 08:17:47.795, 82, 1890, 8001, 20.25, 0x0000000000000001
2026/10/02 08:17:47.914, 82, 1890, 8001, 20.14, 0x0000000000000001
2026/10/02 08:17:48.030, 82, 1890, 8001, 20.01, 0x0000000000000001
2026/10/02 08:17:48.153, 82, 1890, 8001, 19.93, 0x0000000000000001
2026/10/02 08:17:48.281, 82, 1890, 8001, 19.91, 0x0000000000000001
2026/10/02 08:17:48.414, 82, 1890, 8001, 19.93, 0x0000000000000001
2026/10/02 08:17:48.531, 82, 1890, 8001, 20.01, 0x0000000000000001
2026/10/02 08:17:48.655, 82, 1890, 8001, 20.01, 0x0000000000000001
2026/10/02 08:17:48.775, 82, 1890, 8001, 19.92, 0x0000000000000001
2026/10/02 08:17:48.900, 82, 1890, 8001, 19.35, 0x0000000000000001
2026/10/02 08:17:49.019, 82, 1890, 8001, 18.70, 0x0000000000000001
2026/10/02 08:17:49.140, 82, 495, 6001, 18.06, 0x0000000000000001
2026/10/02 08:17:49.264, 82, 495, 6001, 16.87, 0x0000000000000001
2026/10/02 08:17:49.386, 82, 495, 6001, 16.34, 0x0000000000000001
2026/10/02 08:17:49.520, 82, 495, 6001, 15.80, 0x0000000000000001
2026/10/02 08:17:49.651, 81, 435, 6001, 14.67, 0x0000000000000001
2026/10/02 08:17:49.772, 81, 435, 6001, 13.83, 0x0000000000000001
2026/10/02 08:17:49.893, 81, 435, 6001, 13.12, 0x0000000000000001
2026/10/02 08:17:50.022, 81, 435, 6001, 13.19, 0x0000000000000001
2026/10/02 08:17:50.168, 81, 390, 6001, 13.35, 0x0000000000000001
2026/10/02 08:17:50.306, 81, 390, 6001, 13.36, 0x0000000000000001
2026/10/02 08:17:50.443, 81, 390, 6001, 13.10, 0x0000000000000001
2026/10/02 08:17:50.575, 81, 390, 6001, 12.71, 0x0000000000000001
2026/10/02 08:17:50.709, 81, 705, 810, 12.38, 0x0000000000000001
2026/10/02 08:17:50.840, 81, 705, 810, 12.05, 0x0000000000000001
2026/10/02 08:17:50.964, 81, 705, 810, 11.81, 0x0000000000000001
2026/10/02 08:17:51.099, 81, 705, 810, 11.34, 0x0000000000000001
2026/10/02 08:17:51.241, 81, 705, 810, 11.02, 0x0000000000000001
2026/10/02 08:17:51.380, 81, 705, 810, 10.48, 0x0000000000000001
2026/10/02 08:17:51.502, 81, 705, 810, 10.34, 0x0000000000000001
2026/10/02 08:17:51.622, 81, 705, 810, 10.20, 0x0000000000000001
2026/10/02 08:17:51.747, 81, 705, 810, 10.09, 0x0000000000000001
2026/10/02 08:17:51.869, 81, 705, 810, 10.07, 0x0000000000000001
2026/10/02 08:17:51.990, 81, 705, 810, 10.06, 0x0000000000000001
2026/10/02 08:17:52.113, 81, 705, 810, 9.98, 0x0000000000000001
2026/10/02 08:17:52.235, 81, 705, 810, 9.90, 0x0000000000000001
2026/10/02 08:17:52.355, 81, 705, 810, 9.78, 0x0000000000000001
2026/10/02 08:17:52.484, 81, 705, 810, 9.82, 0x0000000000000001
2026/10/02 08:17:52.618, 81, 705, 810, 9.80, 0x0000000000000001
2026/10/02 08:17:52.751, 81, 300, 810, 9.82, 0x0000000000000001
2026/10/02 08:17:52.879, 81, 300, 810, 9.86, 0x0000000000000001
2026/10/02 08:17:53.000, 81, 300, 810, 9.86, 0x0000000000000001
2026/10/02 08:17:53.122, 81, 300, 810, 9.90, 0x0000000000000001
2026/10/02 08:17:53.242, 81, 255, 810, 9.94, 0x0000000000000001
2026/10/02 08:17:53.365, 81, 255, 810, 9.78, 0x0000000000000001
2026/10/02 08:17:53.489, 81, 255, 810, 9.26, 0x0000000000000001
2026/10/02 08:17:53.620, 81, 255, 810, 8.99, 0x0000000000000001
2026/10/02 08:17:53.754, 81, 210, 405, 8.75, 0x0000000000000001
2026/10/02 08:17:53.877, 81, 210, 405, 8.25, 0x0000000000000001
2026/10/02 08:17:54.002, 81, 210, 405, 8.01, 0x0000000000000001
2026/10/02 08:17:54.126, 81, 210, 405, 7.78, 0x0000000000000001
2026/10/02 08:17:54.253, 81, 210, 405, 7.54, 0x0000000000000001
2026/10/02 08:17:54.376, 81, 210, 405, 7.30, 0x0000000000000001
2026/10/02 08:17:54.504, 81, 210, 405, 7.28, 0x0000000000000001
2026/10/02 08:17:54.627, 81, 210, 405, 7.29, 0x0000000000000001
2026/10/02 08:17:54.752, 81, 210, 405, 7.30, 0x0000000000000001
2026/10/02 08:17:54.878, 81, 210, 405, 7.33, 0x0000000000000001
2026/10/02 08:17:55.002, 81, 210, 405, 7.34, 0x0000000000000001
2026/10/02 08:17:55.142, 81, 210, 405, 7.34, 0x0000000000000001
2026/10/02 08:17:55.295, 81, 210, 405, 7.38, 0x0000000000000001
2026/10/02 08:17:55.428, 81, 210, 405, 7.41, 0x0000000000000001
2026/10/02 08:17:55.562, 81, 210, 405, 7.41, 0x0000000000000001
2026/10/02 08:17:55.687, 81, 210, 405, 7.41, 0x0000000000000001
2026/10/02 08:17:55.810, 81, 210, 405, 7.40, 0x0000000000000001
2026/10/02 08:17:55.939, 81, 210, 405, 7.42, 0x0000000000000001
2026/10/02 08:17:56.065, 81, 210, 405, 7.42, 0x0000000000000001
2026/10/02 08:17:56.202, 81, 210, 405, 7.41, 0x0000000000000001
2026/10/02 08:17:56.333, 81, 210, 405, 7.38, 0x0000000000000001
2026/10/02 08:17:56.466, 81, 210, 405, 7.35, 0x0000000000000001
2026/10/02 08:17:56.590, 81, 210, 405, 7.32, 0x0000000000000001
2026/10/02 08:17:56.716, 81, 210, 405, 7.31, 0x0000000000000001
2026/10/02 08:17:56.842, 81, 210, 405, 7.31, 0x0000000000000001
2026/10/02 08:17:56.967, 81, 210, 405, 7.32, 0x0000000000000001
2026/10/02 08:17:57.097, 81, 210, 405, 7.29, 0x0000000000000001
2026/10/02 08:17:57.224, 81, 210, 405, 7.30, 0x0000000000000001
2026/10/02 08:17:57.347, 81, 210, 405, 7.30, 0x0000000000000001
2026/10/02 08:17:57.473, 81, 210, 405, 7.32, 0x0000000000000001
2026/10/02 08:17:57.595, 81, 210, 405, 7.31, 0x0000000000000001
2026/10/02 08:17:57.737, 81, 210, 405, 7.31, 0x0000000000000001
2026/10/02 08:17:57.860, 81, 210, 405, 7.30, 0x0000000000000001
2026/10/02 08:17:57.985, 81, 210, 405, 7.30, 0x0000000000000001
2026/10/02 08:17:58.120, 81, 210, 405, 7.31, 0x0000000000000001
2026/10/02 08:17:58.244, 81, 210, 405, 7.31, 0x0000000000000001
2026/10/02 08:17:58.373, 81, 210, 405, 7.36, 0x0000000000000001
2026/10/02 08:17:58.496, 81, 210, 405, 7.36, 0x0000000000000001
2026/10/02 08:17:58.629, 81, 210, 405, 7.36, 0x0000000000000001
2026/10/02 08:17:58.761, 81, 210, 405, 7.36, 0x0000000000000001
2026/10/02 08:17:58.900, 81, 210, 405, 7.40, 0x0000000000000001
2026/10/02 08:17:59.028, 81, 210, 405, 7.41, 0x0000000000000001
2026/10/02 08:17:59.152, 81, 210, 405, 7.42, 0x0000000000000001
2026/10/02 08:17:59.277, 81, 210, 405, 7.39, 0x0000000000000001
2026/10/02 08:17:59.401, 81, 210, 405, 7.39, 0x0000000000000001
2026/10/02 08:17:59.524, 81, 210, 405, 7.37, 0x0000000000000001
2026/10/02 08:17:59.648, 81, 210, 405, 7.37, 0x0000000000000001
2026/10/02 08:17:59.772, 81, 210, 405, 7.37, 0x0000000000000001
2026/10/02 08:17:59.896, 80, 210, 405, 7.37, 0x0000000000000001
2026/10/02 08:18:00.020, 80, 210, 405, 7.34, 0x0000000000000001
2026/10/02 08:18:00.145, 80, 210, 405, 7.33, 0x0000000000000001
2026/10/02 08:18:00.269, 80, 210, 405, 7.37, 0x0000000000000001
2026/10/02 08:18:00.394, 81, 210, 405, 7.38, 0x0000000000000001
2026/10/02 08:18:00.519, 81, 210, 405, 7.38, 0x0000000000000001
2026/10/02 08:18:00.643, 81, 210, 405, 7.38, 0x0000000000000001
2026/10/02 08:18:00.767, 81, 210, 405, 7.38, 0x0000000000000001
2026/10/02 08:18:00.890, 80, 210, 405, 7.39, 0x0000000000000001
2026/10/02 08:18:01.016, 80, 210, 405, 7.39, 0x0000000000000001
2026/10/02 08:18:01.144, 80, 210, 405, 7.39, 0x0000000000000001
2026/10/02 08:18:01.276, 80, 210, 405, 7.38, 0x0000000000000001
2026/10/02 08:18:01.399, 80, 210, 405, 7.37, 0x0000000000000001
2026/10/02 08:18:01.527, 80, 210, 405, 7.36, 0x0000000000000001
2026/10/02 08:18:01.654, 80, 210, 405, 7.35, 0x0000000000000001
2026/10/02 08:18:01.780, 80, 210, 405, 7.34, 0x0000000000000001
2026/10/02 08:18:01.903, 80, 210, 405, 7.34, 0x0000000000000001
2026/10/02 08:18:02.026, 80, 210, 405, 7.34, 0x0000000000000001
2026/10/02 08:18:02.149, 80, 210, 405, 7.34, 0x0000000000000001
2026/10/02 08:18:02.287, 80, 210, 405, 7.34, 0x0000000000000001
2026/10/02 08:18:02.411, 80, 210, 405, 7.35, 0x0000000000000001
2026/10/02 08:18:02.545, 80, 210, 405, 7.36, 0x0000000000000001
2026/10/02 08:18:02.669, 80, 210, 405, 7.36, 0x0000000000000001
2026/10/02 08:18:02.794, 80, 210, 405, 7.37, 0x0000000000000001
2026/10/02 08:18:02.920, 80, 210, 405, 7.38, 0x0000000000000001
2026/10/02 08:18:03.055, 80, 210, 405, 7.39, 0x0000000000000001
2026/10/02 08:18:03.178, 80, 210, 405, 7.39, 0x0000000000000001
2026/10/02 08:18:03.310, 80, 210, 405, 7.40, 0x0000000000000001
2026/10/02 08:18:03.433, 80, 210, 405, 7.38, 0x0000000000000001
2026/10/02 08:18:03.581, 80, 210, 405, 7.38, 0x0000000000000001
2026/10/02 08:18:03.706, 80, 210, 405, 7.39, 0x0000000000000001
2026/10/02 08:18:03.829, 80, 210, 405, 7.39, 0x0000000000000001
2026/10/02 08:18:03.958, 80, 210, 405, 7.38, 0x0000000000000001
2026/10/02 08:18:04.090, 80, 210, 405, 7.37, 0x0000000000000001
2026/10/02 08:18:04.221, 80, 210, 405, 7.36, 0x0000000000000001
2026/10/02 08:18:04.352, 80, 210, 405, 7.35, 0x0000000000000001
2026/10/02 08:18:04.475, 80, 210, 405, 7.35, 0x0000000000000001
2026/10/02 08:18:04.604, 80, 210, 405, 7.35, 0x0000000000000001
2026/10/02 08:18:04.730, 80, 210, 405, 7.34, 0x0000000000000001
2026/10/02 08:18:04.856, 80, 210, 405, 7.34, 0x0000000000000001
2026/10/02 08:18:04.979, 80, 210, 405, 7.33, 0x0000000000000001
2026/10/02 08:18:05.104, 80, 210, 405, 7.32, 0x0000000000000001
2026/10/02 08:18:05.228, 80, 210, 405, 7.31, 0x0000000000000001
2026/10/02 08:18:05.352, 80, 210, 405, 7.31, 0x0000000000000001
2026/10/02 08:18:05.480, 80, 210, 405, 7.31, 0x0000000000000001
2026/10/02 08:18:05.604, 80, 210, 405, 7.30, 0x0000000000000001
2026/10/02 08:18:05.728, 80, 210, 405, 7.29, 0x0000000000000001
2026/10/02 08:18:05.851, 80, 210, 405, 7.29, 0x0000000000000001
2026/10/02 08:18:05.985, 80, 210, 405, 7.30, 0x0000000000000001
2026/10/02 08:18:06.109, 80, 210, 405, 7.30, 0x0000000000000001
2026/10/02 08:18:06.242, 80, 210, 405, 7.30, 0x0000000000000001
2026/10/02 08:18:06.366, 80, 210, 405, 7.30, 0x0000000000000001
2026/10/02 08:18:06.490, 80, 210, 405, 7.30, 0x0000000000000001
2026/10/02 08:18:06.614, 80, 210, 405, 7.31, 0x0000000000000001
2026/10/02 08:18:06.743, 80, 210, 405, 7.31, 0x0000000000000001
2026/10/02 08:18:06.867, 80, 210, 405, 7.31, 0x0000000000000001
2026/10/02 08:18:07.001, 80, 210, 405, 7.32, 0x0000000000000001
2026/10/02 08:18:07.125, 80, 210, 405, 7.32, 0x0000000000000001
2026/10/02 08:18:07.257, 80, 210, 405, 7.33, 0x0000000000000001
2026/10/02 08:18:07.380, 80, 210, 405, 7.34, 0x0000000000000001
2026/10/02 08:18:07.506, 80, 210, 405, 7.34, 0x0000000000000001
2026/10/02 08:18:07.634, 80, 210, 405, 7.34, 0x0000000000000001
2026/10/02 08:18:07.758, 80, 210, 405, 7.34, 0x0000000000000001
2026/10/02 08:18:07.881, 80, 210, 405, 7.34, 0x0000000000000001
2026/10/02 08:18:08.005, 80, 210, 405, 7.35, 0x0000000000000001
2026/10/02 08:18:08.141, 80, 210, 405, 7.35, 0x0000000000000001
2026/10/02 08:18:08.273, 80, 210, 405, 7.34, 0x0000000000000001
2026/10/02 08:18:08.415, 80, 210, 405, 7.32, 0x0000000000000001
2026/10/02 08:18:08.554, 80, 210, 405, 7.32, 0x0000000000000001
2026/10/02 08:18:08.687, 80, 210, 405, 7.31, 0x0000000000000001
2026/10/02 08:18:08.816, 80, 210, 405, 7.32, 0x0000000000000001
2026/10/02 08:18:08.944, 80, 210, 405, 7.32, 0x0000000000000001
2026/10/02 08:18:09.070, 80, 210, 405, 7.31, 0x0000000000000001
2026/10/02 08:18:09.205, 80, 210, 405, 7.30, 0x0000000000000001
2026/10/02 08:18:09.330, 80, 210, 405, 7.30, 0x0000000000000001
2026/10/02 08:18:09.458, 80, 210, 405, 7.33, 0x0000000000000001
2026/10/02 08:18:09.592, 80, 210, 405, 7.40, 0x0000000000000001
2026/10/02 08:18:09.723, 80, 210, 405, 7.39, 0x0000000000000001
2026/10/02 08:18:09.847, 80, 210, 405, 7.38, 0x0000000000000001
2026/10/02 08:18:09.973, 80, 210, 405, 7.41, 0x0000000000000001
2026/10/02 08:18:10.108, 80, 210, 405, 7.52, 0x0000000000000001
2026/10/02 08:18:10.230, 80, 210, 405, 8.43, 0x0000000000000001
2026/10/02 08:18:10.348, 80, 210, 405, 9.67, 0x0000000000000001
2026/10/02 08:18:10.467, 80, 210, 405, 10.92, 0x0000000000000001
2026/10/02 08:18:10.587, 82, 1890, 8001, 13.34, 0x0000000000000001
2026/10/02 08:18:10.705, 82, 1890, 8001, 14.62, 0x0000000000000001
2026/10/02 08:18:10.823, 82, 1890, 8001, 15.86, 0x0000000000000001
2026/10/02 08:18:10.944, 82, 1890, 8001, 17.12, 0x0000000000000001
2026/10/02 08:18:11.063, 82, 1890, 8001, 18.48, 0x0000000000000001
2026/10/02 08:18:11.184, 82, 1890, 8001, 20.99, 0x0000000000000001
2026/10/02 08:18:11.310, 82, 1890, 8001, 21.03, 0x0000000000000001
2026/10/02 08:18:11.430, 82, 1890, 8001, 21.02, 0x0000000000000001
2026/10/02 08:18:11.562, 82, 1890, 8001, 20.97, 0x0000000000000001
2026/10/02 08:18:11.690, 82, 1890, 8001, 20.95, 0x0000000000000001
2026/10/02 08:18:11.812, 82, 1890, 8001, 20.96, 0x0000000000000001
2026/10/02 08:18:11.936, 82, 1890, 8001, 21.02, 0x0000000000000001
2026/10/02 08:18:12.055, 82, 1890, 8001, 21.05, 0x0000000000000001
2026/10/02 08:18:12.181, 82, 1890, 8001, 21.01, 0x0000000000000001
2026/10/02 08:18:12.298, 82, 1890, 8001, 20.96, 0x0000000000000001
2026/10/02 08:18:12.416, 82, 1890, 8001, 20.94, 0x0000000000000001
2026/10/02 08:18:12.532, 82, 1890, 8001, 20.94, 0x0000000000000001
2026/10/02 08:18:12.657, 82, 1890, 8001, 20.93, 0x0000000000000001
2026/10/02 08:18:12.788, 82, 1890, 8001, 20.94, 0x0000000000000001
2026/10/02 08:18:12.908, 82, 1890, 8001, 20.87, 0x0000000000000001
2026/10/02 08:18:13.034, 82, 1890, 8001, 20.78, 0x0000000000000001
2026/10/02 08:18:13.152, 82, 1890, 8001, 20.70, 0x0000000000000001
2026/10/02 08:18:13.271, 82, 1890, 8001, 20.70, 0x0000000000000001
2026/10/02 08:18:13.390, 82, 1890, 8001, 20.71, 0x0000000000000001
2026/10/02 08:18:13.512, 82, 1890, 8001, 20.69, 0x0000000000000001
2026/10/02 08:18:13.636, 82, 1890, 8001, 20.68, 0x0000000000000001
2026/10/02 08:18:13.754, 82, 1890, 8001, 20.09, 0x0000000000000001
2026/10/02 08:18:13.882, 82, 1890, 8001, 19.35, 0x0000000000000001
2026/10/02 08:18:14.004, 82, 1890, 8001, 18.64, 0x0000000000000001
2026/10/02 08:18:14.141, 82, 435, 6001, 17.90, 0x0000000000000001
2026/10/02 08:18:14.268, 82, 435, 6001, 16.49, 0x0000000000000001
2026/10/02 08:18:14.391, 82, 435, 6001, 15.77, 0x0000000000000001
2026/10/02 08:18:14.519, 81, 435, 6001, 15.02, 0x0000000000000001
2026/10/02 08:18:14.645, 81, 330, 6001, 14.26, 0x0000000000000001
2026/10/02 08:18:14.767, 81, 330, 6001, 12.55, 0x0000000000000001
2026/10/02 08:18:14.890, 81, 330, 6001, 12.15, 0x0000000000000001
2026/10/02 08:18:15.014, 81, 330, 6001, 11.90, 0x0000000000000001
2026/10/02 08:18:15.157, 81, 285, 810, 11.53, 0x0000000000000001
2026/10/02 08:18:15.291, 81, 285, 810, 11.01, 0x0000000000000001
2026/10/02 08:18:15.417, 81, 285, 810, 10.91, 0x0000000000000001
2026/10/02 08:18:15.555, 81, 285, 810, 10.64, 0x0000000000000001
2026/10/02 08:18:15.697, 81, 225, 810, 10.18, 0x0000000000000001
2026/10/02 08:18:15.824, 81, 225, 810, 9.96, 0x0000000000000001
2026/10/02 08:18:15.951, 81, 225, 810, 9.94, 0x0000000000000001
2026/10/02 08:18:16.073, 81, 225, 810, 9.94, 0x0000000000000001
2026/10/02 08:18:16.195, 81, 210, 810, 9.90, 0x0000000000000001
2026/10/02 08:18:16.323, 81, 210, 810, 9.89, 0x0000000000000001
2026/10/02 08:18:16.457, 81, 210, 810, 9.89, 0x0000000000000001
2026/10/02 08:18:16.583, 81, 210, 810, 9.89, 0x0000000000000001
2026/10/02 08:18:16.705, 81, 210, 810, 9.91, 0x0000000000000001
2026/10/02 08:18:16.841, 81, 210, 810, 9.91, 0x0000000000000001
2026/10/02 08:18:16.980, 81, 210, 810, 9.92, 0x0000000000000001
2026/10/02 08:18:17.109, 81, 210, 810, 9.93, 0x0000000000000001
2026/10/02 08:18:17.234, 81, 210, 810, 9.96, 0x0000000000000001
2026/10/02 08:18:17.363, 81, 210, 810, 9.98, 0x0000000000000001
2026/10/02 08:18:17.506, 81, 210, 810, 10.00, 0x0000000000000001
2026/10/02 08:18:17.651, 81, 285, 810, 10.19, 0x0000000000000001
2026/10/02 08:18:17.774, 81, 285, 810, 10.19, 0x0000000000000001
2026/10/02 08:18:17.898, 81, 285, 810, 10.18, 0x0000000000000001
2026/10/02 08:18:18.027, 81, 285, 810, 10.18, 0x0000000000000001
2026/10/02 08:18:18.149, 81, 285, 810, 10.23, 0x0000000000000001
2026/10/02 08:18:18.280, 81, 285, 810, 10.22, 0x0000000000000001
2026/10/02 08:18:18.417, 81, 285, 810, 10.22, 0x0000000000000001
2026/10/02 08:18:18.542, 81, 285, 810, 9.73, 0x0000000000000001
2026/10/02 08:18:18.669, 81, 285, 405, 9.34, 0x0000000000000001
2026/10/02 08:18:18.796, 81, 285, 405, 8.96, 0x0000000000000001
2026/10/02 08:18:18.926, 81, 285, 405, 8.73, 0x0000000000000001
2026/10/02 08:18:19.054, 81, 285, 405, 8.36, 0x0000000000000001
2026/10/02 08:18:19.181, 81, 285, 405, 8.12, 0x0000000000000001
2026/10/02 08:18:19.309, 81, 285, 405, 7.86, 0x0000000000000001
2026/10/02 08:18:19.434, 81, 285, 405, 7.59, 0x0000000000000001
2026/10/02 08:18:19.568, 81, 285, 405, 7.34, 0x0000000000000001
2026/10/02 08:18:19.712, 81, 210, 405, 7.37, 0x0000000000000001
2026/10/02 08:18:19.837, 81, 210, 405, 7.35, 0x0000000000000001
2026/10/02 08:18:19.972, 81, 210, 405, 7.35, 0x0000000000000001
2026/10/02 08:18:20.106, 81, 210, 405, 7.33, 0x0000000000000001
2026/10/02 08:18:20.244, 81, 210, 405, 7.34, 0x0000000000000001
2026/10/02 08:18:20.381, 81, 210, 405, 7.35, 0x0000000000000001
2026/10/02 08:18:20.506, 81, 210, 405, 7.37, 0x0000000000000001
2026/10/02 08:18:20.632, 81, 210, 405, 7.36, 0x0000000000000001
2026/10/02 08:18:20.761, 80, 210, 405, 7.33, 0x0000000000000001
2026/10/02 08:18:20.888, 80, 210, 405, 7.34, 0x0000000000000001
2026/10/02 08:18:21.021, 80, 210, 405, 7.33, 0x0000000000000001
2026/10/02 08:18:21.154, 80, 210, 405, 7.32, 0x0000000000000001
2026/10/02 08:18:21.294, 80, 210, 405, 7.33, 0x0000000000000001
2026/10/02 08:18:21.431, 80, 210, 405, 7.33, 0x0000000000000001
2026/10/02 08:18:21.557, 80, 210, 405, 7.34, 0x0000000000000001
2026/10/02 08:18:21.688, 80, 210, 405, 7.35, 0x0000000000000001
2026/10/02 08:18:21.812, 80, 210, 405, 7.35, 0x0000000000000001
2026/10/02 08:18:21.936, 80, 210, 405, 7.35, 0x0000000000000001
2026/10/02 08:18:22.063, 80, 210, 405, 7.36, 0x0000000000000001
2026/10/02 08:18:22.188, 80, 210, 405, 7.36, 0x0000000000000001
2026/10/02 08:18:22.318, 80, 210, 405, 7.36, 0x0000000000000001
2026/10/02 08:18:22.442, 80, 210, 405, 7.36, 0x0000000000000001
2026/10/02 08:18:22.580, 80, 210, 405, 7.34, 0x0000000000000001
2026/10/02 08:18:22.718, 80, 210, 405, 7.33, 0x0000000000000001
2026/10/02 08:18:22.843, 80, 210, 405, 7.32, 0x0000000000000001
2026/10/02 08:18:22.978, 80, 210, 405, 7.32, 0x0000000000000001
2026/10/02 08:18:23.102, 80, 210, 405, 7.31, 0x0000000000000001
2026/10/02 08:18:23.228, 80, 210, 405, 7.31, 0x0000000000000001
2026/10/02 08:18:23.364, 80, 210, 405, 7.31, 0x0000000000000001
2026/10/02 08:18:23.489, 80, 210, 405, 7.31, 0x0000000000000001
2026/10/02 08:18:23.616, 80, 210, 405, 7.32, 0x0000000000000001
2026/10/02 08:18:23.758, 80, 210, 405, 7.32, 0x0000000000000001
2026/10/02 08:18:23.889, 80, 210, 405, 7.33, 0x0000000000000001
2026/10/02 08:18:24.019, 80, 210, 405, 7.33, 0x0000000000000001
2026/10/02 08:18:24.142, 80, 210, 405, 7.34, 0x0000000000000001
2026/10/02 08:18:24.272, 80, 210, 405, 7.44, 0x0000000000000001
2026/10/02 08:18:24.430, 80, 210, 405, 7.49, 0x0000000000000001
2026/10/02 08:18:24.554, 80, 210, 405, 7.53, 0x0000000000000001
2026/10/02 08:18:24.693, 80, 255, 405, 7.51, 0x0000000000000001
2026/10/02 08:18:24.816, 80, 255, 405, 7.51, 0x0000000000000001
2026/10/02 08:18:24.942, 80, 255, 405, 7.51, 0x0000000000000001
2026/10/02 08:18:25.069, 80, 255, 405, 7.60, 0x0000000000000001
2026/10/02 08:18:25.221, 80, 255, 405, 7.59, 0x0000000000000001
2026/10/02 08:18:25.352, 80, 255, 405, 7.56, 0x0000000000000001
2026/10/02 08:18:25.484, 81, 255, 405, 7.44, 0x0000000000000001
2026/10/02 08:18:25.614, 81, 255, 405, 7.41, 0x0000000000000001
2026/10/02 08:18:25.738, 81, 255, 405, 7.40, 0x0000000000000001
2026/10/02 08:18:25.863, 81, 255, 405, 7.38, 0x0000000000000001
2026/10/02 08:18:25.991, 80, 255, 405, 7.38, 0x0000000000000001
2026/10/02 08:18:26.126, 80, 255, 405, 7.36, 0x0000000000000001
2026/10/02 08:18:26.250, 80, 210, 405, 7.31, 0x0000000000000001
2026/10/02 08:18:26.376, 80, 210, 405, 7.30, 0x0000000000000001
2026/10/02 08:18:26.499, 80, 210, 405, 7.32, 0x0000000000000001
2026/10/02 08:18:26.642, 80, 210, 405, 7.38, 0x0000000000000001
2026/10/02 08:18:26.793, 80, 210, 405, 7.58, 0x0000000000000001
2026/10/02 08:18:26.930, 80, 210, 405, 7.64, 0x0000000000000001
2026/10/02 08:18:27.054, 81, 210, 405, 7.61, 0x0000000000000001
2026/10/02 08:18:27.186, 81, 210, 405, 7.62, 0x0000000000000001
2026/10/02 08:18:27.310, 81, 390, 405, 7.67, 0x0000000000000001
2026/10/02 08:18:27.463, 81, 390, 405, 7.77, 0x0000000000000001
2026/10/02 08:18:27.600, 80, 390, 405, 7.77, 0x0000000000000001
2026/10/02 08:18:27.728, 80, 390, 405, 7.72, 0x0000000000000001
2026/10/02 08:18:27.853, 80, 390, 405, 7.60, 0x0000000000000001
2026/10/02 08:18:27.984, 80, 390, 405, 7.49, 0x0000000000000001
2026/10/02 08:18:28.108, 80, 390, 405, 7.48, 0x0000000000000001
2026/10/02 08:18:28.240, 80, 390, 405, 7.50, 0x0000000000000001
2026/10/02 08:18:28.373, 80, 390, 405, 7.49, 0x0000000000000001
2026/10/02 08:18:28.498, 80, 390, 405, 7.45, 0x0000000000000001
2026/10/02 08:18:28.625, 80, 390, 405, 7.40, 0x0000000000000001
2026/10/02 08:18:28.775, 80, 210, 405, 7.42, 0x0000000000000001
2026/10/02 08:18:28.939, 80, 210, 405, 7.47, 0x0000000000000001
2026/10/02 08:18:29.093, 80, 210, 405, 7.86, 0x0000000000000001
2026/10/02 08:18:29.216, 80, 1890, 8001, 8.99, 0x0000000000000001
2026/10/02 08:18:29.337, 80, 1890, 8001, 10.20, 0x0000000000000001
2026/10/02 08:18:29.462, 80, 1890, 8001, 12.57, 0x0000000000000001
2026/10/02 08:18:29.580, 81, 1890, 8001, 13.79, 0x0000000000000001
2026/10/02 08:18:29.700, 81, 1890, 8001, 15.01, 0x0000000000000001
2026/10/02 08:18:29.819, 81, 1890, 8001, 16.23, 0x0000000000000001
2026/10/02 08:18:29.944, 81, 1890, 8001, 17.40, 0x0000000000000001
2026/10/02 08:18:30.070, 82, 1890, 8001, 19.83, 0x0000000000000001
2026/10/02 08:18:30.196, 82, 1890, 8001, 20.65, 0x0000000000000001
2026/10/02 08:18:30.318, 82, 1890, 8001, 20.67, 0x0000000000000001
2026/10/02 08:18:30.444, 82, 1890, 8001, 20.65, 0x0000000000000001
2026/10/02 08:18:30.562, 82, 1890, 8001, 20.66, 0x0000000000000001
2026/10/02 08:18:30.677, 82, 1890, 8001, 20.65, 0x0000000000000001
2026/10/02 08:18:30.793, 82, 1890, 8001, 20.64, 0x0000000000000001
2026/10/02 08:18:30.914, 82, 1890, 8001, 20.66, 0x0000000000000001
2026/10/02 08:18:31.031, 82, 1890, 8001, 20.69, 0x0000000000000001
2026/10/02 08:18:31.153, 82, 1890, 8001, 20.78, 0x0000000000000001
2026/10/02 08:18:31.273, 82, 1890, 8001, 20.83, 0x0000000000000001
2026/10/02 08:18:31.391, 82, 1890, 8001, 20.82, 0x0000000000000001
2026/10/02 08:18:31.509, 82, 1890, 8001, 20.82, 0x0000000000000001
2026/10/02 08:18:31.627, 82, 1890, 8001, 20.83, 0x0000000000000001
2026/10/02 08:18:31.747, 82, 1890, 8001, 20.82, 0x0000000000000001
2026/10/02 08:18:31.864, 82, 1890, 8001, 20.82, 0x0000000000000001
2026/10/02 08:18:31.982, 82, 1890, 8001, 20.81, 0x0000000000000001
2026/10/02 08:18:32.102, 82, 1890, 8001, 20.78, 0x0000000000000001
2026/10/02 08:18:32.220, 82, 1890, 8001, 20.77, 0x0000000000000001
2026/10/02 08:18:32.341, 82, 1890, 8001, 20.68, 0x0000000000000001
2026/10/02 08:18:32.459, 82, 1890, 8001, 20.67, 0x0000000000000001
2026/10/02 08:18:32.577, 82, 1890, 8001, 20.66, 0x0000000000000001
2026/10/02 08:18:32.694, 82, 1890, 8001, 20.66, 0x0000000000000001
2026/10/02 08:18:32.812, 82, 1890, 8001, 20.67, 0x0000000000000001
2026/10/02 08:18:32.935, 82, 1890, 8001, 19.14, 0x0000000000000001
2026/10/02 08:18:33.058, 82, 1890, 8001, 18.16, 0x0000000000000001
2026/10/02 08:18:33.178, 82, 420, 810, 17.20, 0x0000000000000001
2026/10/02 08:18:33.299, 82, 420, 810, 16.23, 0x0000000000000001
2026/10/02 08:18:33.423, 81, 420, 810, 14.28, 0x0000000000000001
2026/10/02 08:18:33.555, 81, 420, 810, 13.34, 0x0000000000000001
2026/10/02 08:18:33.687, 81, 360, 810, 11.57, 0x0000000000000001
2026/10/02 08:18:33.805, 81, 360, 810, 10.43, 0x0000000000000001
2026/10/02 08:18:33.937, 81, 360, 810, 10.03, 0x0000000000000001
2026/10/02 08:18:34.065, 81, 360, 810, 10.02, 0x0000000000000001
2026/10/02 08:18:34.193, 81, 285, 810, 9.99, 0x0000000000000001
2026/10/02 08:18:34.314, 81, 285, 810, 9.97, 0x0000000000000001
2026/10/02 08:18:34.439, 81, 285, 810, 9.95, 0x0000000000000001
2026/10/02 08:18:34.576, 81, 285, 810, 9.93, 0x0000000000000001
2026/10/02 08:18:34.697, 81, 255, 810, 9.90, 0x0000000000000001
2026/10/02 08:18:34.829, 81, 255, 810, 9.87, 0x0000000000000001
2026/10/02 08:18:34.955, 81, 255, 810, 9.87, 0x0000000000000001
2026/10/02 08:18:35.075, 81, 255, 810, 9.86, 0x0000000000000001
2026/10/02 08:18:35.212, 81, 210, 810, 9.83, 0x0000000000000001
2026/10/02 08:18:35.341, 81, 210, 810, 9.84, 0x0000000000000001
2026/10/02 08:18:35.463, 81, 210, 810, 9.84, 0x0000000000000001
2026/10/02 08:18:35.594, 81, 210, 810, 9.82, 0x0000000000000001
2026/10/02 08:18:35.716, 81, 210, 810, 9.83, 0x0000000000000001
2026/10/02 08:18:35.852, 81, 210, 810, 9.84, 0x0000000000000001
2026/10/02 08:18:35.984, 81, 210, 810, 9.83, 0x0000000000000001
2026/10/02 08:18:36.106, 81, 210, 810, 9.82, 0x0000000000000001
2026/10/02 08:18:36.228, 81, 210, 810, 9.82, 0x0000000000000001
2026/10/02 08:18:36.353, 81, 210, 810, 9.81, 0x0000000000000001
2026/10/02 08:18:36.481, 81, 210, 810, 9.38, 0x0000000000000001
2026/10/02 08:18:36.627, 81, 210, 405, 9.13, 0x0000000000000001
2026/10/02 08:18:36.766, 81, 210, 405, 8.99, 0x0000000000000001
2026/10/02 08:18:36.907, 81, 210, 405, 8.40, 0x0000000000000001
2026/10/02 08:18:37.045, 81, 210, 405, 8.33, 0x0000000000000001
2026/10/02 08:18:37.170, 81, 210, 405, 8.10, 0x0000000000000001
2026/10/02 08:18:37.295, 81, 210, 405, 7.67, 0x0000000000000001
2026/10/02 08:18:37.418, 81, 210, 405, 7.45, 0x0000000000000001
2026/10/02 08:18:37.543, 81, 210, 405, 7.44, 0x0000000000000001
2026/10/02 08:18:37.677, 81, 210, 405, 7.41, 0x0000000000000001
2026/10/02 08:18:37.825, 81, 210, 405, 7.43, 0x0000000000000001
2026/10/02 08:18:37.950, 81, 210, 405, 7.43, 0x0000000000000001
2026/10/02 08:18:38.075, 81, 210, 405, 7.37, 0x0000000000000001
2026/10/02 08:18:38.201, 81, 210, 405, 7.36, 0x0000000000000001
2026/10/02 08:18:38.326, 81, 210, 405, 7.36, 0x0000000000000001
2026/10/02 08:18:38.451, 81, 210, 405, 7.35, 0x0000000000000001
2026/10/02 08:18:38.576, 81, 210, 405, 7.34, 0x0000000000000001
2026/10/02 08:18:38.700, 81, 210, 405, 7.32, 0x0000000000000001
2026/10/02 08:18:38.824, 81, 210, 405, 7.28, 0x0000000000000001
2026/10/02 08:18:38.949, 81, 210, 405, 7.24, 0x0000000000000001
2026/10/02 08:18:39.083, 80, 210, 405, 7.30, 0x0000000000000001
2026/10/02 08:18:39.214, 80, 210, 405, 7.32, 0x0000000000000001
2026/10/02 08:18:39.337, 80, 210, 405, 7.32, 0x0000000000000001
2026/10/02 08:18:39.463, 80, 210, 405, 7.33, 0x0000000000000001
2026/10/02 08:18:39.587, 81, 210, 405, 7.34, 0x0000000000000001
2026/10/02 08:18:39.712, 81, 210, 405, 7.35, 0x0000000000000001
2026/10/02 08:18:39.836, 81, 210, 405, 7.35, 0x0000000000000001
2026/10/02 08:18:39.960, 81, 210, 405, 7.35, 0x0000000000000001
2026/10/02 08:18:40.085, 81, 210, 405, 7.32, 0x0000000000000001
2026/10/02 08:18:40.212, 81, 210, 405, 7.28, 0x0000000000000001
2026/10/02 08:18:40.337, 81, 210, 405, 7.28, 0x0000000000000001
2026/10/02 08:18:40.461, 81, 210, 405, 7.28, 0x0000000000000001
2026/10/02 08:18:40.588, 80, 210, 405, 7.29, 0x0000000000000001
2026/10/02 08:18:40.713, 80, 210, 405, 7.29, 0x0000000000000001
2026/10/02 08:18:40.858, 80, 210, 405, 7.35, 0x0000000000000001
2026/10/02 08:18:41.004, 80, 210, 405, 7.38, 0x0000000000000001
2026/10/02 08:18:41.138, 81, 210, 405, 7.41, 0x0000000000000001
2026/10/02 08:18:41.266, 81, 210, 405, 7.43, 0x0000000000000001
2026/10/02 08:18:41.390, 81, 210, 405, 7.43, 0x0000000000000001
2026/10/02 08:18:41.515, 81, 210, 405, 7.42, 0x0000000000000001
2026/10/02 08:18:41.639, 80, 210, 405, 7.42, 0x0000000000000001
2026/10/02 08:18:41.764, 80, 210, 405, 7.42, 0x0000000000000001
2026/10/02 08:18:41.889, 80, 210, 405, 7.41, 0x0000000000000001
2026/10/02 08:18:42.021, 80, 210, 405, 7.40, 0x0000000000000001
2026/10/02 08:18:42.167, 81, 210, 405, 7.42, 0x0000000000000001
2026/10/02 08:18:42.299, 81, 210, 405, 7.43, 0x0000000000000001
2026/10/02 08:18:42.422, 81, 210, 405, 7.43, 0x0000000000000001
2026/10/02 08:18:42.550, 81, 210, 405, 7.42, 0x0000000000000001
2026/10/02 08:18:42.686, 80, 210, 405, 7.50, 0x0000000000000001
2026/10/02 08:18:42.803, 80, 210, 405, 8.50, 0x0000000000000001
2026/10/02 08:18:42.920, 80, 210, 405, 9.73, 0x0000000000000001
2026/10/02 08:18:43.039, 80, 210, 405, 12.17, 0x0000000000000001
2026/10/02 08:18:43.156, 82, 1890, 8001, 13.40, 0x0000000000000001
2026/10/02 08:18:43.274, 82, 1890, 8001, 14.50, 0x0000000000000001
2026/10/02 08:18:43.392, 82, 1890, 8001, 15.67, 0x0000000000000001
2026/10/02 08:18:43.520, 82, 1890, 8001, 18.05, 0x0000000000000001
2026/10/02 08:18:43.636, 82, 1890, 8001, 19.26, 0x0000000000000001
2026/10/02 08:18:43.755, 82, 1890, 8001, 20.60, 0x0000000000000001
2026/10/02 08:18:43.872, 82, 1890, 8001, 20.58, 0x0000000000000001
2026/10/02 08:18:43.993, 82, 1890, 8001, 20.56, 0x0000000000000001
2026/10/02 08:18:44.122, 82, 1890, 8001, 20.56, 0x0000000000000001
2026/10/02 08:18:44.252, 82, 1890, 8001, 20.59, 0x0000000000000001
2026/10/02 08:18:44.368, 82, 1890, 8001, 20.59, 0x0000000000000001
2026/10/02 08:18:44.485, 82, 1890, 8001, 20.63, 0x0000000000000001
2026/10/02 08:18:44.601, 82, 1890, 8001, 20.66, 0x0000000000000001
2026/10/02 08:18:44.722, 82, 1890, 8001, 20.70, 0x0000000000000001
2026/10/02 08:18:44.839, 82, 1890, 8001, 20.71, 0x0000000000000001
2026/10/02 08:18:44.956, 82, 1890, 8001, 20.73, 0x0000000000000001
2026/10/02 08:18:45.084, 82, 1890, 8001, 20.77, 0x0000000000000001
2026/10/02 08:18:45.201, 82, 1890, 8001, 20.76, 0x0000000000000001
2026/10/02 08:18:45.322, 82, 1890, 8001, 20.72, 0x0000000000000001
2026/10/02 08:18:45.443, 82, 1890, 8001, 20.73, 0x0000000000000001
2026/10/02 08:18:45.569, 82, 1890, 8001, 20.71, 0x0000000000000001
2026/10/02 08:18:45.692, 82, 1890, 8001, 20.69, 0x0000000000000001
2026/10/02 08:18:45.816, 82, 1890, 8001, 19.78, 0x0000000000000001
2026/10/02 08:18:45.936, 82, 1890, 8001, 19.09, 0x0000000000000001
2026/10/02 08:18:46.062, 82, 1890, 8001, 18.37, 0x0000000000000001
2026/10/02 08:18:46.195, 82, 420, 6001, 17.63, 0x0000000000000001
2026/10/02 08:18:46.321, 82, 420, 6001, 16.22, 0x0000000000000001
2026/10/02 08:18:46.453, 82, 420, 6001, 14.98, 0x0000000000000001
2026/10/02 08:18:46.583, 81, 360, 810, 13.95, 0x0000000000000001
2026/10/02 08:18:46.720, 81, 360, 810, 12.27, 0x0000000000000001
2026/10/02 08:18:46.852, 81, 360, 810, 12.15, 0x0000000000000001
2026/10/02 08:18:46.995, 81, 360, 810, 11.97, 0x0000000000000001
2026/10/02 08:18:47.130, 81, 345, 810, 11.49, 0x0000000000000001
2026/10/02 08:18:47.264, 81, 345, 810, 11.44, 0x0000000000000001
2026/10/02 08:18:47.402, 81, 345, 810, 11.22, 0x0000000000000001
2026/10/02 08:18:47.535, 81, 345, 810, 10.95, 0x0000000000000001
2026/10/02 08:18:47.665, 81, 315, 810, 10.61, 0x0000000000000001
2026/10/02 08:18:47.789, 81, 315, 810, 10.53, 0x0000000000000001
2026/10/02 08:18:47.913, 81, 315, 810, 10.42, 0x0000000000000001
2026/10/02 08:18:48.037, 81, 315, 810, 10.33, 0x0000000000000001
2026/10/02 08:18:48.161, 81, 240, 810, 10.14, 0x0000000000000001
2026/10/02 08:18:48.286, 81, 240, 810, 10.02, 0x0000000000000001
2026/10/02 08:18:48.408, 81, 240, 810, 9.93, 0x0000000000000001
2026/10/02 08:18:48.534, 81, 240, 810, 9.86, 0x0000000000000001
2026/10/02 08:18:48.657, 81, 210, 810, 9.85, 0x0000000000000001
2026/10/02 08:18:48.780, 81, 210, 810, 9.84, 0x0000000000000001
2026/10/02 08:18:48.912, 81, 210, 810, 9.84, 0x0000000000000001
2026/10/02 08:18:49.035, 81, 210, 810, 9.83, 0x0000000000000001
2026/10/02 08:18:49.157, 81, 210, 810, 9.83, 0x0000000000000001
2026/10/02 08:18:49.280, 81, 210, 810, 9.83, 0x0000000000000001
2026/10/02 08:18:49.410, 81, 210, 810, 9.84, 0x0000000000000001
2026/10/02 08:18:49.532, 81, 210, 810, 9.84, 0x0000000000000001
2026/10/02 08:18:49.656, 81, 210, 810, 9.85, 0x0000000000000001
2026/10/02 08:18:49.780, 81, 210, 810, 9.85, 0x0000000000000001
2026/10/02 08:18:49.905, 81, 210, 810, 9.86, 0x0000000000000001
2026/10/02 08:18:50.031, 81, 210, 810, 9.87, 0x0000000000000001
2026/10/02 08:18:50.156, 81, 210, 810, 9.87, 0x0000000000000001
2026/10/02 08:18:50.293, 81, 210, 405, 9.43, 0x0000000000000001
2026/10/02 08:18:50.435, 81, 210, 405, 9.22, 0x0000000000000001
2026/10/02 08:18:50.569, 81, 210, 405, 8.99, 0x0000000000000001
2026/10/02 08:18:50.698, 81, 210, 405, 8.78, 0x0000000000000001
2026/10/02 08:18:50.833, 81, 210, 405, 8.17, 0x0000000000000001
2026/10/02 08:18:50.965, 81, 210, 405, 8.10, 0x0000000000000001
2026/10/02 08:18:51.093, 81, 210, 405, 7.87, 0x0000000000000001
2026/10/02 08:18:51.220, 81, 210, 405, 7.41, 0x0000000000000001
2026/10/02 08:18:51.361, 81, 210, 405, 7.40, 0x0000000000000001
2026/10/02 08:18:51.492, 81, 210, 405, 7.40, 0x0000000000000001
2026/10/02 08:18:51.620, 81, 210, 405, 7.39, 0x0000000000000001
2026/10/02 08:18:51.746, 81, 210, 405, 7.38, 0x0000000000000001
2026/10/02 08:18:51.873, 81, 210, 405, 7.39, 0x0000000000000001
2026/10/02 08:18:52.010, 81, 210, 405, 7.38, 0x0000000000000001
2026/10/02 08:18:52.149, 81, 210, 405, 7.38, 0x0000000000000001
2026/10/02 08:18:52.288, 81, 210, 405, 7.37, 0x0000000000000001
2026/10/02 08:18:52.418, 81, 210, 405, 7.37, 0x0000000000000001
2026/10/02 08:18:52.547, 81, 210, 405, 7.38, 0x0000000000000001
2026/10/02 08:18:52.674, 81, 210, 405, 7.37, 0x0000000000000001
2026/10/02 08:18:52.799, 81, 210, 405, 7.36, 0x0000000000000001
2026/10/02 08:18:52.943, 81, 210, 405, 7.41, 0x0000000000000001
2026/10/02 08:18:53.100, 81, 210, 405, 7.44, 0x0000000000000001
2026/10/02 08:18:53.227, 81, 210, 405, 7.48, 0x0000000000000001
2026/10/02 08:18:53.356, 81, 210, 405, 7.47, 0x0000000000000001
2026/10/02 08:18:53.496, 81, 210, 405, 7.48, 0x0000000000000001
2026/10/02 08:18:53.646, 81, 210, 405, 7.49, 0x0000000000000001
2026/10/02 08:18:53.780, 81, 210, 405, 7.52, 0x0000000000000001
2026/10/02 08:18:53.940, 81, 210, 405, 7.63, 0x0000000000000001
2026/10/02 08:18:54.119, 81, 210, 405, 7.66, 0x0000000000000001
2026/10/02 08:18:54.249, 81, 330, 405, 7.66, 0x0000000000000001
2026/10/02 08:18:54.398, 81, 330, 405, 7.67, 0x0000000000000001
2026/10/02 08:18:54.526, 81, 330, 405, 7.68, 0x0000000000000001
2026/10/02 08:18:54.701, 81, 330, 405, 7.78, 0x0000000000000001
2026/10/02 08:18:54.874, 81, 330, 405, 8.67, 0x0000000000000001
2026/10/02 08:18:54.996, 81, 330, 405, 9.85, 0x0000000000000001
2026/10/02 08:18:55.114, 81, 330, 405, 10.97, 0x0000000000000001
2026/10/02 08:18:55.232, 81, 1890, 8001, 12.16, 0x0000000000000001
2026/10/02 08:18:55.353, 82, 1890, 8001, 14.60, 0x0000000000000001
2026/10/02 08:18:55.476, 82, 1890, 8001, 15.84, 0x0000000000000001
2026/10/02 08:18:55.594, 82, 1890, 8001, 17.19, 0x0000000000000001
2026/10/02 08:18:55.722, 82, 1890, 8001, 18.62, 0x0000000000000001
2026/10/02 08:18:55.843, 82, 1890, 8001, 20.57, 0x0000000000000001
2026/10/02 08:18:55.969, 82, 1890, 8001, 20.99, 0x0000000000000001
2026/10/02 08:18:56.097, 82, 1890, 8001, 21.01, 0x0000000000000001
2026/10/02 08:18:56.216, 82, 1890, 8001, 20.99, 0x0000000000000001
2026/10/02 08:18:56.338, 82, 1890, 8001, 20.88, 0x0000000000000001
2026/10/02 08:18:56.461, 82, 1890, 8001, 20.87, 0x0000000000000001
2026/10/02 08:18:56.579, 82, 1890, 8001, 20.83, 0x0000000000000001
2026/10/02 08:18:56.699, 82, 1890, 8001, 20.16, 0x0000000000000001
2026/10/02 08:18:56.819, 82, 630, 6001, 19.41, 0x0000000000000001
2026/10/02 08:18:56.939, 82, 630, 6001, 17.98, 0x0000000000000001
2026/10/02 08:18:57.065, 82, 630, 6001, 17.22, 0x0000000000000001
2026/10/02 08:18:57.189, 82, 630, 6001, 16.50, 0x0000000000000001
2026/10/02 08:18:57.312, 81, 480, 6001, 15.79, 0x0000000000000001
2026/10/02 08:18:57.433, 81, 480, 6001, 15.09, 0x0000000000000001
2026/10/02 08:18:57.555, 81, 480, 6001, 13.71, 0x0000000000000001
2026/10/02 08:18:57.684, 81, 480, 6001, 12.90, 0x0000000000000001
2026/10/02 08:18:57.819, 81, 435, 6001, 12.93, 0x0000000000000001
2026/10/02 08:18:57.949, 81, 435, 6001, 12.92, 0x0000000000000001
2026/10/02 08:18:58.078, 81, 435, 6001, 12.88, 0x0000000000000001
2026/10/02 08:18:58.203, 81, 435, 6001, 12.85, 0x0000000000000001
2026/10/02 08:18:58.328, 81, 360, 6001, 12.81, 0x0000000000000001
2026/10/02 08:18:58.459, 81, 360, 6001, 12.72, 0x0000000000000001
2026/10/02 08:18:58.581, 81, 360, 6001, 12.71, 0x0000000000000001
2026/10/02 08:18:58.709, 81, 360, 6001, 12.48, 0x0000000000000001
2026/10/02 08:18:58.845, 81, 315, 810, 11.92, 0x0000000000000001
2026/10/02 08:18:58.982, 81, 315, 810, 11.67, 0x0000000000000001
2026/10/02 08:18:59.124, 81, 315, 810, 11.49, 0x0000000000000001
2026/10/02 08:18:59.264, 81, 300, 810, 11.09, 0x0000000000000001
2026/10/02 08:18:59.397, 81, 300, 810, 11.03, 0x0000000000000001
2026/10/02 08:18:59.531, 81, 300, 810, 10.81, 0x0000000000000001
2026/10/02 08:18:59.662, 81, 300, 810, 10.38, 0x0000000000000001
2026/10/02 08:18:59.790, 81, 300, 810, 10.35, 0x0000000000000001
2026/10/02 08:18:59.923, 81, 300, 810, 10.69, 0x0000000000000001
2026/10/02 08:19:00.050, 81, 300, 810, 12.38, 0x0000000000000001
2026/10/02 08:19:00.173, 81, 300, 810, 13.19, 0x0000000000000001
2026/10/02 08:19:00.291, 81, 1890, 8001, 14.99, 0x0000000000000001
2026/10/02 08:19:00.408, 84, 1890, 8001, 15.80, 0x0000000000000001
2026/10/02 08:19:00.530, 84, 1890, 8001, 16.70, 0x0000000000000001
2026/10/02 08:19:00.652, 84, 1890, 8001, 18.53, 0x0000000000000001
2026/10/02 08:19:00.770, 84, 1890, 8001, 19.53, 0x0000000000000001
2026/10/02 08:19:00.888, 82, 1890, 8001, 20.51, 0x0000000000000001
2026/10/02 08:19:01.006, 82, 1890, 8001, 21.15, 0x0000000000000001
2026/10/02 08:19:01.124, 82, 1890, 8001, 21.28, 0x0000000000000001
2026/10/02 08:19:01.246, 82, 1890, 8001, 21.59, 0x0000000000000001
2026/10/02 08:19:01.364, 82, 1890, 8001, 20.78, 0x0000000000000001
2026/10/02 08:19:01.482, 82, 1890, 8001, 20.97, 0x0000000000000001
2026/10/02 08:19:01.600, 82, 1890, 8001, 21.05, 0x0000000000000001
2026/10/02 08:19:01.721, 82, 1890, 8001, 21.15, 0x0000000000000001
2026/10/02 08:19:01.843, 82, 1890, 8001, 21.02, 0x0000000000000001
2026/10/02 08:19:01.965, 82, 1890, 8001, 21.02, 0x0000000000000001
2026/10/02 08:19:02.082, 82, 1890, 8001, 20.92, 0x0000000000000001
2026/10/02 08:19:02.201, 82, 1890, 8001, 20.90, 0x0000000000000001
2026/10/02 08:19:02.322, 82, 1890, 8001, 20.92, 0x0000000000000001
2026/10/02 08:19:02.445, 82, 1890, 8001, 20.80, 0x0000000000000001
2026/10/02 08:19:02.570, 82, 1890, 8001, 20.69, 0x0000000000000001
2026/10/02 08:19:02.693, 82, 1890, 8001, 20.67, 0x0000000000000001
2026/10/02 08:19:02.815, 82, 1890, 8001, 20.59, 0x0000000000000001
2026/10/02 08:19:02.941, 82, 1890, 8001, 19.85, 0x0000000000000001
2026/10/02 08:19:03.062, 82, 1890, 8001, 19.21, 0x0000000000000001
2026/10/02 08:19:03.183, 82, 1890, 8001, 18.66, 0x0000000000000001
2026/10/02 08:19:03.304, 82, 630, 6001, 18.04, 0x0000000000000001
2026/10/02 08:19:03.427, 82, 630, 6001, 16.61, 0x0000000000000001
2026/10/02 08:19:03.556, 82, 630, 6001, 15.41, 0x0000000000000001
2026/10/02 08:19:03.682, 82, 630, 6001, 14.60, 0x0000000000000001
2026/10/02 08:19:03.812, 81, 555, 6001, 13.84, 0x0000000000000001
2026/10/02 08:19:03.937, 81, 555, 6001, 13.19, 0x0000000000000001
2026/10/02 08:19:04.062, 81, 555, 6001, 13.19, 0x0000000000000001
2026/10/02 08:19:04.194, 81, 555, 6001, 13.03, 0x0000000000000001
2026/10/02 08:19:04.315, 81, 480, 6001, 12.88, 0x0000000000000001
2026/10/02 08:19:04.443, 81, 480, 6001, 12.84, 0x0000000000000001
2026/10/02 08:19:04.573, 81, 480, 6001, 12.75, 0x0000000000000001
2026/10/02 08:19:04.693, 81, 480, 6001, 12.54, 0x0000000000000001
2026/10/02 08:19:04.813, 81, 420, 810, 12.00, 0x0000000000000001
2026/10/02 08:19:04.933, 81, 420, 810, 11.73, 0x0000000000000001
2026/10/02 08:19:05.054, 81, 420, 810, 11.46, 0x0000000000000001
2026/10/02 08:19:05.174, 81, 420, 810, 11.19, 0x0000000000000001
2026/10/02 08:19:05.294, 81, 330, 810, 10.92, 0x0000000000000001
2026/10/02 08:19:05.428, 81, 330, 810, 10.42, 0x0000000000000001
2026/10/02 08:19:05.559, 81, 330, 810, 10.20, 0x0000000000000001
2026/10/02 08:19:05.682, 81, 330, 810, 9.99, 0x0000000000000001
2026/10/02 08:19:05.806, 81, 285, 810, 9.91, 0x0000000000000001
2026/10/02 08:19:05.931, 81, 285, 810, 9.90, 0x0000000000000001
2026/10/02 08:19:06.060, 81, 285, 810, 9.89, 0x0000000000000001
2026/10/02 08:19:06.196, 81, 285, 810, 9.90, 0x0000000000000001
2026/10/02 08:19:06.331, 81, 225, 810, 9.90, 0x0000000000000001
2026/10/02 08:19:06.465, 81, 225, 810, 9.90, 0x0000000000000001
2026/10/02 08:19:06.594, 81, 225, 810, 9.91, 0x0000000000000001
2026/10/02 08:19:06.715, 81, 210, 810, 9.92, 0x0000000000000001
2026/10/02 08:19:06.839, 81, 210, 810, 9.92, 0x0000000000000001
2026/10/02 08:19:06.966, 81, 210, 810, 9.97, 0x0000000000000001
2026/10/02 08:19:07.087, 81, 210, 810, 9.97, 0x0000000000000001
2026/10/02 08:19:07.208, 81, 210, 810, 9.96, 0x0000000000000001
2026/10/02 08:19:07.329, 81, 210, 810, 9.98, 0x0000000000000001
2026/10/02 08:19:07.460, 81, 210, 810, 9.97, 0x0000000000000001
2026/10/02 08:19:07.583, 81, 210, 810, 9.97, 0x0000000000000001
2026/10/02 08:19:07.707, 81, 210, 405, 9.52, 0x0000000000000001
2026/10/02 08:19:07.832, 81, 210, 405, 9.28, 0x0000000000000001
2026/10/02 08:19:07.968, 81, 210, 405, 9.05, 0x0000000000000001
2026/10/02 08:19:08.101, 81, 210, 405, 8.62, 0x0000000000000001
2026/10/02 08:19:08.238, 81, 210, 405, 8.39, 0x0000000000000001
2026/10/02 08:19:08.376, 81, 210, 405, 8.15, 0x0000000000000001
2026/10/02 08:19:08.520, 81, 210, 405, 7.67, 0x0000000000000001
2026/10/02 08:19:08.659, 81, 210, 405, 7.43, 0x0000000000000001
2026/10/02 08:19:08.799, 81, 210, 405, 7.45, 0x0000000000000001
2026/10/02 08:19:08.947, 81, 210, 405, 7.51, 0x0000000000000001
2026/10/02 08:19:09.099, 81, 210, 405, 7.57, 0x0000000000000001
2026/10/02 08:19:09.254, 81, 360, 405, 7.59, 0x0000000000000001
2026/10/02 08:19:09.386, 81, 360, 405, 7.64, 0x0000000000000001
2026/10/02 08:19:09.520, 81, 360, 405, 7.63, 0x0000000000000001
2026/10/02 08:19:09.653, 81, 360, 405, 7.66, 0x0000000000000001
2026/10/02 08:19:09.789, 81, 360, 405, 7.74, 0x0000000000000001
2026/10/02 08:19:09.918, 81, 360, 405, 7.72, 0x0000000000000001
2026/10/02 08:19:10.075, 81, 360, 405, 7.72, 0x0000000000000001
2026/10/02 08:19:10.215, 81, 360, 405, 7.73, 0x0000000000000001
2026/10/02 08:19:10.350, 81, 360, 405, 7.70, 0x0000000000000001
2026/10/02 08:19:10.484, 81, 360, 405, 7.67, 0x0000000000000001
2026/10/02 08:19:10.616, 81, 360, 405, 7.68, 0x0000000000000001
2026/10/02 08:19:10.744, 81, 360, 405, 7.66, 0x0000000000000001
2026/10/02 08:19:10.867, 81, 360, 405, 7.59, 0x0000000000000001
2026/10/02 08:19:11.007, 81, 360, 405, 7.57, 0x0000000000000001
2026/10/02 08:19:11.130, 81, 360, 405, 7.51, 0x0000000000000001
2026/10/02 08:19:11.261, 81, 240, 405, 7.48, 0x0000000000000001
2026/10/02 08:19:11.406, 81, 240, 405, 7.44, 0x0000000000000001
2026/10/02 08:19:11.537, 81, 240, 405, 7.43, 0x0000000000000001
2026/10/02 08:19:11.672, 81, 210, 405, 7.42, 0x0000000000000001
2026/10/02 08:19:11.808, 81, 210, 405, 7.42, 0x0000000000000001
2026/10/02 08:19:11.954, 81, 210, 405, 7.43, 0x0000000000000001
2026/10/02 08:19:12.103, 81, 210, 405, 7.43, 0x0000000000000001
2026/10/02 08:19:12.243, 81, 210, 405, 7.43, 0x0000000000000001
2026/10/02 08:19:12.392, 81, 210, 405, 7.47, 0x0000000000000001
2026/10/02 08:19:12.530, 81, 210, 405, 7.50, 0x0000000000000001
2026/10/02 08:19:12.659, 81, 210, 405, 7.55, 0x0000000000000001
2026/10/02 08:19:12.813, 81, 240, 405, 7.60, 0x0000000000000001
2026/10/02 08:19:12.950, 81, 240, 405, 7.65, 0x0000000000000001
2026/10/02 08:19:13.087, 81, 240, 405, 7.66, 0x0000000000000001
2026/10/02 08:19:13.238, 81, 330, 405, 7.72, 0x0000000000000001
2026/10/02 08:19:13.372, 81, 330, 405, 7.70, 0x0000000000000001
2026/10/02 08:19:13.507, 81, 330, 405, 7.68, 0x0000000000000001
2026/10/02 08:19:13.640, 81, 330, 405, 7.62, 0x0000000000000001
2026/10/02 08:19:13.780, 81, 330, 405, 7.61, 0x0000000000000001
2026/10/02 08:19:13.918, 81, 330, 405, 7.57, 0x0000000000000001
2026/10/02 08:19:14.056, 81, 330, 405, 7.53, 0x0000000000000001
2026/10/02 08:19:14.193, 81, 330, 405, 7.48, 0x0000000000000001
2026/10/02 08:19:14.325, 81, 330, 405, 7.48, 0x0000000000000001
2026/10/02 08:19:14.450, 81, 330, 405, 7.47, 0x0000000000000001
2026/10/02 08:19:14.585, 81, 330, 405, 7.47, 0x0000000000000001
2026/10/02 08:19:14.711, 81, 330, 405, 7.49, 0x0000000000000001
2026/10/02 08:19:14.837, 81, 330, 405, 7.49, 0x0000000000000001
2026/10/02 08:19:14.980, 81, 330, 405, 7.52, 0x0000000000000001
2026/10/02 08:19:15.109, 81, 330, 405, 7.51, 0x0000000000000001
2026/10/02 08:19:15.247, 81, 210, 405, 7.51, 0x0000000000000001
2026/10/02 08:19:15.392, 81, 210, 405, 7.49, 0x0000000000000001
2026/10/02 08:19:15.526, 81, 210, 405, 7.48, 0x0000000000000001
2026/10/02 08:19:15.659, 81, 210, 405, 7.49, 0x0000000000000001
2026/10/02 08:19:15.791, 81, 210, 405, 7.49, 0x0000000000000001
2026/10/02 08:19:15.915, 81, 210, 405, 7.49, 0x0000000000000001
2026/10/02 08:19:16.040, 81, 210, 405, 7.47, 0x0000000000000001
2026/10/02 08:19:16.170, 81, 210, 405, 7.47, 0x0000000000000001
2026/10/02 08:19:16.312, 81, 210, 405, 7.46, 0x0000000000000001
2026/10/02 08:19:16.450, 81, 210, 405, 7.47, 0x0000000000000001
2026/10/02 08:19:16.593, 81, 210, 405, 7.46, 0x0000000000000001
2026/10/02 08:19:16.717, 81, 210, 405, 7.43, 0x0000000000000001
2026/10/02 08:19:16.855, 81, 210, 405, 7.43, 0x0000000000000001
2026/10/02 08:19:16.990, 81, 210, 405, 7.42, 0x0000000000000001
2026/10/02 08:19:17.120, 81, 210, 405, 7.42, 0x0000000000000001
2026/10/02 08:19:17.245, 81, 210, 405, 7.42, 0x0000000000000001
2026/10/02 08:19:17.375, 81, 210, 405, 7.46, 0x0000000000000001
2026/10/02 08:19:17.519, 81, 210, 405, 7.51, 0x0000000000000001
2026/10/02 08:19:17.654, 81, 240, 405, 7.54, 0x0000000000000001
2026/10/02 08:19:17.795, 81, 240, 405, 7.57, 0x0000000000000001
2026/10/02 08:19:17.940, 81, 240, 405, 7.61, 0x0000000000000001
2026/10/02 08:19:18.072, 81, 240, 405, 7.65, 0x0000000000000001
2026/10/02 08:19:18.213, 81, 270, 405, 7.69, 0x0000000000000001
2026/10/02 08:19:18.353, 81, 270, 405, 7.66, 0x0000000000000001
2026/10/02 08:19:18.504, 81, 270, 405, 7.68, 0x0000000000000001
2026/10/02 08:19:18.645, 81, 270, 405, 7.70, 0x0000000000000001
2026/10/02 08:19:18.776, 81, 270, 405, 7.68, 0x0000000000000001
2026/10/02 08:19:18.922, 81, 270, 405, 7.62, 0x0000000000000001
2026/10/02 08:19:19.072, 81, 270, 405, 7.60, 0x0000000000000001
2026/10/02 08:19:19.212, 81, 270, 405, 7.55, 0x0000000000000001
2026/10/02 08:19:19.351, 81, 270, 405, 7.51, 0x0000000000000001
2026/10/02 08:19:19.487, 81, 270, 405, 7.50, 0x0000000000000001
2026/10/02 08:19:19.618, 81, 270, 405, 7.47, 0x0000000000000001
2026/10/02 08:19:19.745, 81, 270, 405, 7.39, 0x0000000000000001
2026/10/02 08:19:19.884, 81, 270, 405, 7.38, 0x0000000000000001
2026/10/02 08:19:20.018, 81, 270, 405, 7.38, 0x0000000000000001
2026/10/02 08:19:20.153, 81, 270, 405, 7.36, 0x0000000000000001
2026/10/02 08:19:20.299, 81, 210, 405, 7.36, 0x0000000000000001
2026/10/02 08:19:20.437, 81, 210, 405, 7.38, 0x0000000000000001
2026/10/02 08:19:20.571, 81, 210, 405, 7.39, 0x0000000000000001
2026/10/02 08:19:20.716, 81, 210, 405, 7.39, 0x0000000000000001
2026/10/02 08:19:20.843, 81, 210, 405, 7.39, 0x0000000000000001
2026/10/02 08:19:20.985, 81, 210, 405, 7.40, 0x0000000000000001
2026/10/02 08:19:21.111, 81, 210, 405, 7.40, 0x0000000000000001
2026/10/02 08:19:21.239, 81, 210, 405, 7.40, 0x0000000000000001
2026/10/02 08:19:21.375, 81, 210, 405, 7.39, 0x0000000000000001
2026/10/02 08:19:21.506, 81, 210, 405, 7.39, 0x0000000000000001
2026/10/02 08:19:21.635, 81, 210, 405, 7.37, 0x0000000000000001
2026/10/02 08:19:21.764, 81, 210, 405, 7.36, 0x0000000000000001
2026/10/02 08:19:21.892, 81, 210, 405, 7.37, 0x0000000000000001
2026/10/02 08:19:22.034, 81, 210, 405, 7.38, 0x0000000000000001
2026/10/02 08:19:22.170, 81, 210, 405, 7.37, 0x0000000000000001
2026/10/02 08:19:22.307, 81, 210, 405, 7.37, 0x0000000000000001
2026/10/02 08:19:22.436, 81, 210, 405, 7.36, 0x0000000000000001
2026/10/02 08:19:22.562, 81, 210, 405, 7.36, 0x0000000000000001
2026/10/02 08:19:22.700, 81, 210, 405, 7.35, 0x0000000000000001
2026/10/02 08:19:22.837, 81, 210, 405, 7.36, 0x0000000000000001
2026/10/02 08:19:22.984, 81, 210, 405, 7.35, 0x0000000000000001
2026/10/02 08:19:23.132, 81, 210, 405, 7.35, 0x0000000000000001
2026/10/02 08:19:23.269, 81, 210, 405, 7.36, 0x0000000000000001
2026/10/02 08:19:23.407, 81, 210, 405, 7.36, 0x0000000000000001
2026/10/02 08:19:23.553, 81, 210, 405, 7.36, 0x0000000000000001
2026/10/02 08:19:23.682, 81, 210, 405, 7.36, 0x0000000000000001
2026/10/02 08:19:23.823, 81, 210, 405, 7.37, 0x0000000000000001
2026/10/02 08:19:23.954, 81, 210, 405, 7.37, 0x0000000000000001
2026/10/02 08:19:24.080, 81, 210, 405, 7.39, 0x0000000000000001
2026/10/02 08:19:24.204, 81, 210, 405, 7.38, 0x0000000000000001
2026/10/02 08:19:24.331, 81, 210, 405, 7.38, 0x0000000000000001
2026/10/02 08:19:24.470, 81, 210, 405, 7.38, 0x0000000000000001
2026/10/02 08:19:24.605, 81, 210, 405, 7.38, 0x0000000000000001
2026/10/02 08:19:24.743, 81, 210, 405, 7.39, 0x0000000000000001
2026/10/02 08:19:24.871, 81, 210, 405, 7.39, 0x0000000000000001
2026/10/02 08:19:25.005, 81, 210, 405, 7.40, 0x0000000000000001
2026/10/02 08:19:25.131, 81, 210, 405, 7.39, 0x0000000000000001
2026/10/02 08:19:25.257, 81, 210, 405, 7.39, 0x0000000000000001
2026/10/02 08:19:25.392, 81, 210, 405, 7.38, 0x0000000000000001
2026/10/02 08:19:25.523, 81, 210, 405, 7.38, 0x0000000000000001
2026/10/02 08:19:25.658, 81, 210, 405, 7.36, 0x0000000000000001
2026/10/02 08:19:25.783, 81, 210, 405, 7.36, 0x0000000000000001
2026/10/02 08:19:25.908, 81, 210, 405, 7.36, 0x0000000000000001
2026/10/02 08:19:26.044, 81, 210, 405, 7.35, 0x0000000000000001
2026/10/02 08:19:26.181, 81, 210, 405, 7.35, 0x0000000000000001
2026/10/02 08:19:26.316, 81, 210, 405, 7.33, 0x0000000000000001
2026/10/02 08:19:26.457, 81, 210, 405, 7.34, 0x0000000000000001
2026/10/02 08:19:26.593, 81, 210, 405, 7.33, 0x0000000000000001
2026/10/02 08:19:26.717, 81, 210, 405, 7.34, 0x0000000000000001
2026/10/02 08:19:26.848, 81, 210, 405, 7.33, 0x0000000000000001
2026/10/02 08:19:26.973, 81, 210, 405, 7.32, 0x0000000000000001
2026/10/02 08:19:27.104, 81, 210, 405, 7.32, 0x0000000000000001
2026/10/02 08:19:27.251, 81, 210, 405, 7.32, 0x0000000000000001
2026/10/02 08:19:27.386, 81, 210, 405, 7.31, 0x0000000000000001
2026/10/02 08:19:27.531, 81, 210, 405, 7.32, 0x0000000000000001
2026/10/02 08:19:27.666, 81, 210, 405, 7.33, 0x0000000000000001
2026/10/02 08:19:27.794, 81, 210, 405, 7.33, 0x0000000000000001
2026/10/02 08:19:27.919, 81, 210, 405, 7.34, 0x0000000000000001
2026/10/02 08:19:28.060, 81, 210, 405, 7.35, 0x0000000000000001
2026/10/02 08:19:28.197, 81, 210, 405, 7.35, 0x0000000000000001
2026/10/02 08:19:28.322, 81, 210, 405, 7.35, 0x0000000000000001
2026/10/02 08:19:28.464, 81, 210, 405, 7.36, 0x0000000000000001
2026/10/02 08:19:28.595, 81, 210, 405, 7.36, 0x0000000000000001
2026/10/02 08:19:28.730, 81, 210, 405, 7.38, 0x0000000000000001
2026/10/02 08:19:28.862, 81, 210, 405, 7.41, 0x0000000000000001
2026/10/02 08:19:28.995, 81, 210, 405, 7.43, 0x0000000000000001
2026/10/02 08:19:29.120, 81, 210, 405, 7.43, 0x0000000000000001
2026/10/02 08:19:29.249, 81, 210, 405, 7.46, 0x0000000000000001
2026/10/02 08:19:29.389, 81, 210, 405, 7.53, 0x0000000000000001
2026/10/02 08:19:29.522, 81, 210, 405, 7.63, 0x0000000000000001
2026/10/02 08:19:29.668, 81, 210, 405, 7.65, 0x0000000000000001
2026/10/02 08:19:29.809, 81, 285, 405, 7.66, 0x0000000000000001
2026/10/02 08:19:29.960, 81, 285, 405, 7.71, 0x0000000000000001
2026/10/02 08:19:30.094, 81, 285, 405, 7.71, 0x0000000000000001
2026/10/02 08:19:30.223, 81, 285, 405, 7.69, 0x0000000000000001
2026/10/02 08:19:30.357, 81, 285, 405, 7.63, 0x0000000000000001
2026/10/02 08:19:30.493, 81, 285, 405, 7.61, 0x0000000000000001
2026/10/02 08:19:30.630, 81, 285, 405, 7.55, 0x0000000000000001
2026/10/02 08:19:30.757, 81, 285, 405, 7.51, 0x0000000000000001
2026/10/02 08:19:30.885, 81, 285, 405, 7.49, 0x0000000000000001
2026/10/02 08:19:31.018, 81, 285, 405, 7.46, 0x0000000000000001
2026/10/02 08:19:31.150, 81, 285, 405, 7.46, 0x0000000000000001
2026/10/02 08:19:31.297, 81, 285, 405, 7.45, 0x0000000000000001
2026/10/02 08:19:31.442, 81, 285, 405, 7.45, 0x0000000000000001
2026/10/02 08:19:31.565, 81, 285, 405, 7.45, 0x0000000000000001
2026/10/02 08:19:31.708, 81, 285, 405, 7.43, 0x0000000000000001
2026/10/02 08:19:31.857, 81, 210, 405, 7.43, 0x0000000000000001
2026/10/02 08:19:31.984, 81, 210, 405, 7.41, 0x0000000000000001
2026/10/02 08:19:32.119, 81, 210, 405, 7.41, 0x0000000000000001
2026/10/02 08:19:32.261, 81, 210, 405, 7.40, 0x0000000000000001
2026/10/02 08:19:32.398, 81, 210, 405, 7.39, 0x0000000000000001
2026/10/02 08:19:32.539, 81, 210, 405, 7.37, 0x0000000000000001
2026/10/02 08:19:32.672, 81, 210, 405, 7.37, 0x0000000000000001
2026/10/02 08:19:32.800, 81, 210, 405, 7.37, 0x0000000000000001
2026/10/02 08:19:32.934, 81, 210, 405, 7.40, 0x0000000000000001
2026/10/02 08:19:33.089, 81, 210, 405, 7.44, 0x0000000000000001
2026/10/02 08:19:33.239, 81, 210, 405, 7.53, 0x0000000000000001
2026/10/02 08:19:33.372, 81, 345, 405, 7.53, 0x0000000000000001
2026/10/02 08:19:33.506, 81, 345, 405, 7.57, 0x0000000000000001
2026/10/02 08:19:33.641, 81, 345, 405, 7.59, 0x0000000000000001
2026/10/02 08:19:33.773, 81, 345, 405, 7.64, 0x0000000000000001
2026/10/02 08:19:33.896, 81, 345, 405, 7.62, 0x0000000000000001
2026/10/02 08:19:34.029, 81, 345, 405, 7.63, 0x0000000000000001
2026/10/02 08:19:34.169, 81, 345, 405, 7.56, 0x0000000000000001
2026/10/02 08:19:34.314, 81, 345, 405, 7.53, 0x0000000000000001
2026/10/02 08:19:34.446, 81, 345, 405, 7.55, 0x0000000000000001
2026/10/02 08:19:34.596, 81, 345, 405, 7.61, 0x0000000000000001
2026/10/02 08:19:34.723, 81, 345, 405, 7.61, 0x0000000000000001
2026/10/02 08:19:34.859, 81, 345, 405, 7.64, 0x0000000000000001
2026/10/02 08:19:35.015, 81, 345, 405, 7.74, 0x0000000000000001
2026/10/02 08:19:35.156, 81, 345, 405, 7.76, 0x0000000000000001
2026/10/02 08:19:35.287, 81, 420, 810, 8.01, 0x0000000000000001
2026/10/02 08:19:35.426, 81, 420, 810, 8.44, 0x0000000000000001
2026/10/02 08:19:35.554, 81, 420, 810, 8.74, 0x0000000000000001
2026/10/02 08:19:35.691, 81, 420, 810, 9.06, 0x0000000000000001
2026/10/02 08:19:35.832, 81, 420, 810, 9.29, 0x0000000000000001
2026/10/02 08:19:35.963, 81, 420, 810, 9.66, 0x0000000000000001
2026/10/02 08:19:36.091, 81, 420, 810, 9.90, 0x0000000000000001
2026/10/02 08:19:36.233, 81, 420, 810, 10.10, 0x0000000000000001
2026/10/02 08:19:36.365, 81, 420, 810, 10.10, 0x0000000000000001
2026/10/02 08:19:36.491, 81, 420, 810, 10.08, 0x0000000000000001
2026/10/02 08:19:36.633, 81, 420, 810, 10.10, 0x0000000000000001
2026/10/02 08:19:36.768, 81, 420, 810, 10.10, 0x0000000000000001
2026/10/02 08:19:36.905, 81, 420, 810, 10.11, 0x0000000000000001
2026/10/02 08:19:37.056, 81, 420, 810, 9.90, 0x0000000000000001
2026/10/02 08:19:37.196, 81, 420, 810, 9.69, 0x0000000000000001
2026/10/02 08:19:37.321, 81, 480, 810, 9.69, 0x0000000000000001
2026/10/02 08:19:37.459, 81, 480, 810, 9.69, 0x0000000000000001
2026/10/02 08:19:37.602, 81, 480, 810, 9.69, 0x0000000000000001
2026/10/02 08:19:37.741, 81, 480, 810, 9.72, 0x0000000000000001
2026/10/02 08:19:37.877, 81, 480, 810, 9.72, 0x0000000000000001
2026/10/02 08:19:38.021, 81, 480, 810, 9.74, 0x0000000000000001
2026/10/02 08:19:38.158, 81, 480, 810, 10.09, 0x0000000000000001
2026/10/02 08:19:38.304, 81, 480, 810, 10.12, 0x0000000000000001
2026/10/02 08:19:38.436, 81, 480, 810, 10.10, 0x0000000000000001
2026/10/02 08:19:38.569, 81, 480, 810, 10.10, 0x0000000000000001
2026/10/02 08:19:38.697, 81, 480, 810, 10.10, 0x0000000000000001
2026/10/02 08:19:38.818, 81, 480, 810, 10.06, 0x0000000000000001
2026/10/02 08:19:38.938, 81, 480, 810, 10.01, 0x0000000000000001
2026/10/02 08:19:39.065, 81, 480, 810, 9.51, 0x0000000000000001
2026/10/02 08:19:39.197, 81, 480, 810, 9.27, 0x0000000000000001
2026/10/02 08:19:39.323, 81, 300, 405, 9.00, 0x0000000000000001
2026/10/02 08:19:39.448, 81, 300, 405, 8.73, 0x0000000000000001
2026/10/02 08:19:39.573, 81, 300, 405, 8.22, 0x0000000000000001
2026/10/02 08:19:39.713, 81, 300, 405, 7.95, 0x0000000000000001
2026/10/02 08:19:39.843, 80, 240, 405, 7.68, 0x0000000000000001
2026/10/02 08:19:39.981, 80, 240, 405, 7.27, 0x0000000000000001
2026/10/02 08:19:40.119, 80, 240, 405, 7.26, 0x0000000000000001
2026/10/02 08:19:40.248, 80, 210, 405, 7.27, 0x0000000000000001
2026/10/02 08:19:40.375, 81, 210, 405, 7.30, 0x0000000000000001
2026/10/02 08:19:40.503, 81, 210, 405, 7.35, 0x0000000000000001
2026/10/02 08:19:40.647, 81, 210, 405, 7.44, 0x0000000000000001
2026/10/02 08:19:40.805, 81, 315, 405, 7.55, 0x0000000000000001
2026/10/02 08:19:40.939, 81, 315, 405, 7.61, 0x0000000000000001
2026/10/02 08:19:41.076, 81, 315, 405, 7.72, 0x0000000000000001
2026/10/02 08:19:41.212, 81, 1890, 8001, 7.95, 0x0000000000000001
2026/10/02 08:19:41.335, 81, 1890, 8001, 9.09, 0x0000000000000001
2026/10/02 08:19:41.457, 81, 1890, 8001, 11.35, 0x0000000000000001
2026/10/02 08:19:41.576, 81, 1890, 8001, 12.52, 0x0000000000000001
2026/10/02 08:19:41.693, 81, 1890, 8001, 13.63, 0x0000000000000001
2026/10/02 08:19:41.816, 81, 1890, 8001, 14.74, 0x0000000000000001
2026/10/02 08:19:41.938, 82, 1890, 8001, 15.86, 0x0000000000000001
2026/10/02 08:19:42.057, 82, 1890, 8001, 18.26, 0x0000000000000001
2026/10/02 08:19:42.178, 82, 1890, 8001, 19.27, 0x0000000000000001
2026/10/02 08:19:42.301, 82, 1890, 8001, 20.17, 0x0000000000000001
2026/10/02 08:19:42.424, 82, 1890, 8001, 20.22, 0x0000000000000001
2026/10/02 08:19:42.551, 82, 1890, 8001, 20.26, 0x0000000000000001
2026/10/02 08:19:42.667, 82, 1890, 8001, 20.26, 0x0000000000000001
2026/10/02 08:19:42.794, 82, 1890, 8001, 20.27, 0x0000000000000001
2026/10/02 08:19:42.909, 82, 1890, 8001, 20.28, 0x0000000000000001
2026/10/02 08:19:43.032, 82, 1890, 8001, 20.29, 0x0000000000000001
2026/10/02 08:19:43.156, 82, 1890, 8001, 20.30, 0x0000000000000001
2026/10/02 08:19:43.278, 82, 1890, 8001, 20.32, 0x0000000000000001
2026/10/02 08:19:43.406, 82, 1890, 8001, 20.34, 0x0000000000000001
2026/10/02 08:19:43.522, 82, 1890, 8001, 20.33, 0x0000000000000001
2026/10/02 08:19:43.643, 82, 1890, 8001, 20.35, 0x0000000000000001
2026/10/02 08:19:43.759, 82, 1890, 8001, 20.37, 0x0000000000000001
2026/10/02 08:19:43.879, 82, 1890, 8001, 20.38, 0x0000000000000001
2026/10/02 08:19:44.003, 82, 1890, 8001, 20.40, 0x0000000000000001
2026/10/02 08:19:44.124, 82, 1890, 8001, 20.43, 0x0000000000000001
2026/10/02 08:19:44.241, 82, 1890, 8001, 20.43, 0x0000000000000001
2026/10/02 08:19:44.360, 82, 1890, 8001, 20.42, 0x0000000000000001
2026/10/02 08:19:44.477, 82, 1890, 8001, 20.42, 0x0000000000000001
2026/10/02 08:19:44.596, 82, 1890, 8001, 20.43, 0x0000000000000001
2026/10/02 08:19:44.712, 82, 1890, 8001, 20.43, 0x0000000000000001
2026/10/02 08:19:44.834, 82, 1890, 8001, 19.90, 0x0000000000000001
2026/10/02 08:19:44.953, 82, 1890, 8001, 19.21, 0x0000000000000001
2026/10/02 08:19:45.077, 82, 1890, 8001, 18.53, 0x0000000000000001
2026/10/02 08:19:45.200, 82, 405, 6001, 17.84, 0x0000000000000001
2026/10/02 08:19:45.329, 81, 405, 6001, 16.29, 0x0000000000000001
2026/10/02 08:19:45.449, 81, 405, 6001, 15.34, 0x0000000000000001
2026/10/02 08:19:45.569, 81, 405, 6001, 14.38, 0x0000000000000001
2026/10/02 08:19:45.691, 81, 315, 810, 12.73, 0x0000000000000001
2026/10/02 08:19:45.814, 81, 315, 810, 11.54, 0x0000000000000001
2026/10/02 08:19:45.952, 81, 315, 810, 11.12, 0x0000000000000001
2026/10/02 08:19:46.083, 81, 315, 810, 10.87, 0x0000000000000001
2026/10/02 08:19:46.205, 81, 270, 810, 10.34, 0x0000000000000001
2026/10/02 08:19:46.331, 81, 270, 810, 10.06, 0x0000000000000001
2026/10/02 08:19:46.470, 81, 270, 810, 10.03, 0x0000000000000001
2026/10/02 08:19:46.589, 81, 270, 810, 10.02, 0x0000000000000001
2026/10/02 08:19:46.718, 81, 210, 810, 9.99, 0x0000000000000001
2026/10/02 08:19:46.848, 81, 210, 810, 9.99, 0x0000000000000001
2026/10/02 08:19:46.967, 81, 210, 810, 9.99, 0x0000000000000001
2026/10/02 08:19:47.090, 81, 210, 810, 9.98, 0x0000000000000001
2026/10/02 08:19:47.228, 81, 210, 810, 10.02, 0x0000000000000001
2026/10/02 08:19:47.358, 81, 210, 810, 10.05, 0x0000000000000001
2026/10/02 08:19:47.482, 81, 210, 810, 10.03, 0x0000000000000001
2026/10/02 08:19:47.617, 81, 210, 810, 10.06, 0x0000000000000001
2026/10/02 08:19:47.750, 81, 210, 810, 10.07, 0x0000000000000001
2026/10/02 08:19:47.870, 81, 210, 810, 10.08, 0x0000000000000001
2026/10/02 08:19:47.992, 81, 210, 810, 10.09, 0x0000000000000001
2026/10/02 08:19:48.116, 81, 210, 810, 10.08, 0x0000000000000001
2026/10/02 08:19:48.239, 81, 210, 810, 10.02, 0x0000000000000001
2026/10/02 08:19:48.359, 81, 210, 810, 10.01, 0x0000000000000001
2026/10/02 08:19:48.481, 81, 210, 810, 9.98, 0x0000000000000001
2026/10/02 08:19:48.603, 81, 210, 810, 9.96, 0x0000000000000001
2026/10/02 08:19:48.733, 81, 210, 810, 9.90, 0x0000000000000001
2026/10/02 08:19:48.852, 81, 210, 810, 9.91, 0x0000000000000001
2026/10/02 08:19:48.976, 81, 210, 810, 9.69, 0x0000000000000001
2026/10/02 08:19:49.105, 81, 210, 810, 9.26, 0x0000000000000001
2026/10/02 08:19:49.237, 81, 210, 405, 9.02, 0x0000000000000001
2026/10/02 08:19:49.374, 81, 210, 405, 8.56, 0x0000000000000001
2026/10/02 08:19:49.512, 81, 210, 405, 8.34, 0x0000000000000001
2026/10/02 08:19:49.651, 81, 210, 405, 8.11, 0x0000000000000001
2026/10/02 08:19:49.781, 81, 210, 405, 7.65, 0x0000000000000001
2026/10/02 08:19:49.907, 81, 210, 405, 7.42, 0x0000000000000001
2026/10/02 08:19:50.038, 81, 210, 405, 7.39, 0x0000000000000001
2026/10/02 08:19:50.167, 81, 210, 405, 7.39, 0x0000000000000001
2026/10/02 08:19:50.299, 81, 210, 405, 7.40, 0x0000000000000001
2026/10/02 08:19:50.431, 81, 210, 405, 7.41, 0x0000000000000001
2026/10/02 08:19:50.566, 81, 210, 405, 7.39, 0x0000000000000001
2026/10/02 08:19:50.702, 81, 210, 405, 7.40, 0x0000000000000001
2026/10/02 08:19:50.840, 81, 210, 405, 7.39, 0x0000000000000001
2026/10/02 08:19:50.973, 81, 210, 405, 7.40, 0x0000000000000001
2026/10/02 08:19:51.112, 81, 210, 405, 7.39, 0x0000000000000001
2026/10/02 08:19:51.241, 81, 210, 405, 7.40, 0x0000000000000001
2026/10/02 08:19:51.376, 81, 210, 405, 7.39, 0x0000000000000001
2026/10/02 08:19:51.514, 81, 210, 405, 7.38, 0x0000000000000001
2026/10/02 08:19:51.644, 81, 210, 405, 7.39, 0x0000000000000001
2026/10/02 08:19:51.794, 81, 210, 405, 7.37, 0x0000000000000001
2026/10/02 08:19:51.945, 81, 210, 405, 7.37, 0x0000000000000001
2026/10/02 08:19:52.086, 81, 210, 405, 7.36, 0x0000000000000001
2026/10/02 08:19:52.232, 81, 210, 405, 7.36, 0x0000000000000001
2026/10/02 08:19:52.375, 81, 210, 405, 7.35, 0x0000000000000001
2026/10/02 08:19:52.514, 81, 210, 405, 7.35, 0x0000000000000001
2026/10/02 08:19:52.653, 81, 210, 405, 7.35, 0x0000000000000001
2026/10/02 08:19:52.790, 81, 210, 405, 7.34, 0x0000000000000001
2026/10/02 08:19:52.919, 81, 210, 405, 7.36, 0x0000000000000001
2026/10/02 08:19:53.048, 81, 210, 405, 7.37, 0x0000000000000001
2026/10/02 08:19:53.182, 81, 210, 405, 7.38, 0x0000000000000001
2026/10/02 08:19:53.323, 81, 210, 405, 7.37, 0x0000000000000001
2026/10/02 08:19:53.462, 81, 210, 405, 7.41, 0x0000000000000001
2026/10/02 08:19:53.615, 81, 210, 405, 7.45, 0x0000000000000001
2026/10/02 08:19:53.752, 81, 210, 405, 7.45, 0x0000000000000001
2026/10/02 08:19:53.890, 81, 210, 405, 7.51, 0x0000000000000001
2026/10/02 08:19:54.064, 81, 210, 405, 8.20, 0x0000000000000001
2026/10/02 08:19:54.187, 81, 210, 405, 9.44, 0x0000000000000001
2026/10/02 08:19:54.308, 81, 1890, 8001, 10.62, 0x0000000000000001
2026/10/02 08:19:54.434, 81, 1890, 8001, 11.84, 0x0000000000000001
2026/10/02 08:19:54.553, 81, 1890, 8001, 13.09, 0x0000000000000001
2026/10/02 08:19:54.677, 82, 1890, 8001, 15.62, 0x0000000000000001
2026/10/02 08:19:54.811, 82, 1890, 8001, 16.81, 0x0000000000000001
2026/10/02 08:19:54.934, 82, 1890, 8001, 18.07, 0x0000000000000001
2026/10/02 08:19:55.059, 82, 1890, 8001, 19.23, 0x0000000000000001
2026/10/02 08:19:55.201, 82, 1890, 8001, 20.96, 0x0000000000000001
2026/10/02 08:19:55.326, 82, 1890, 8001, 20.98, 0x0000000000000001
2026/10/02 08:19:55.453, 82, 1890, 8001, 21.07, 0x0000000000000001
2026/10/02 08:19:55.573, 82, 1890, 8001, 21.11, 0x0000000000000001
2026/10/02 08:19:55.695, 82, 1890, 8001, 21.12, 0x0000000000000001
2026/10/02 08:19:55.819, 82, 1890, 8001, 21.08, 0x0000000000000001
2026/10/02 08:19:55.950, 82, 1890, 8001, 21.05, 0x0000000000000001
2026/10/02 08:19:56.074, 82, 1890, 8001, 21.06, 0x0000000000000001
2026/10/02 08:19:56.201, 82, 1890, 8001, 21.04, 0x0000000000000001
2026/10/02 08:19:56.329, 82, 1890, 8001, 21.10, 0x0000000000000001
2026/10/02 08:19:56.449, 82, 1890, 8001, 21.09, 0x0000000000000001
2026/10/02 08:19:56.572, 82, 1890, 8001, 21.03, 0x0000000000000001
2026/10/02 08:19:56.694, 82, 1890, 8001, 21.03, 0x0000000000000001
2026/10/02 08:19:56.820, 82, 1890, 8001, 21.10, 0x0000000000000001
2026/10/02 08:19:56.940, 82, 1890, 8001, 21.11, 0x0000000000000001
2026/10/02 08:19:57.058, 82, 1890, 8001, 21.06, 0x0000000000000001
2026/10/02 08:19:57.179, 82, 1890, 8001, 21.06, 0x0000000000000001
2026/10/02 08:19:57.298, 82, 1890, 8001, 21.08, 0x0000000000000001
2026/10/02 08:19:57.423, 82, 1890, 8001, 21.12, 0x0000000000000001
2026/10/02 08:19:57.543, 82, 1890, 8001, 21.14, 0x0000000000000001
2026/10/02 08:19:57.663, 82, 1890, 8001, 21.18, 0x0000000000000001
2026/10/02 08:19:57.787, 82, 1890, 8001, 21.14, 0x0000000000000001
2026/10/02 08:19:57.912, 82, 1890, 8001, 21.13, 0x0000000000000001
2026/10/02 08:19:58.041, 82, 1890, 8001, 19.83, 0x0000000000000001
2026/10/02 08:19:58.166, 82, 1890, 8001, 19.11, 0x0000000000000001
2026/10/02 08:19:58.296, 82, 1890, 8001, 18.35, 0x0000000000000001
2026/10/02 08:19:58.420, 82, 630, 6001, 16.83, 0x0000000000000001
2026/10/02 08:19:58.547, 82, 630, 6001, 15.60, 0x0000000000000001
2026/10/02 08:19:58.674, 82, 630, 6001, 15.32, 0x0000000000000001
2026/10/02 08:19:58.803, 82, 630, 6001, 13.91, 0x0000000000000001
2026/10/02 08:19:58.929, 82, 525, 6001, 13.14, 0x0000000000000001
2026/10/02 08:19:59.063, 82, 525, 6001, 13.21, 0x0000000000000001
2026/10/02 08:19:59.193, 81, 525, 6001, 13.40, 0x0000000000000001
2026/10/02 08:19:59.317, 81, 1890, 7001, 13.67, 0x0000000000000001
2026/10/02 08:19:59.439, 81, 1890, 7001, 14.92, 0x0000000000000001
2026/10/02 08:19:59.560, 81, 1890, 7001, 15.47, 0x0000000000000001
2026/10/02 08:19:59.689, 82, 1890, 7001, 16.05, 0x0000000000000001
2026/10/02 08:19:59.811, 82, 1890, 8001, 16.60, 0x0000000000000001
2026/10/02 08:19:59.928, 82, 1890, 8001, 17.37, 0x0000000000000001
2026/10/02 08:20:00.052, 82, 1890, 8001, 18.90, 0x0000000000000001
2026/10/02 08:20:00.173, 82, 1890, 8001, 19.36, 0x0000000000000001
2026/10/02 08:20:00.291, 82, 1890, 8001, 19.96, 0x0000000000000001
2026/10/02 08:20:00.413, 82, 1890, 8001, 20.41, 0x0000000000000001
2026/10/02 08:20:00.532, 82, 1890, 8001, 20.73, 0x0000000000000001
2026/10/02 08:20:00.669, 83, 1890, 8001, 20.95, 0x0000000000000001
2026/10/02 08:20:00.794, 83, 1890, 8001, 21.13, 0x0000000000000001
2026/10/02 08:20:00.915, 83, 1890, 8001, 21.36, 0x0000000000000001
2026/10/02 08:20:01.039, 83, 1890, 8001, 20.73, 0x0000000000000001
2026/10/02 08:20:01.166, 83, 1890, 8001, 19.72, 0x0000000000000001
2026/10/02 08:20:01.289, 83, 1890, 8001, 18.80, 0x0000000000000001
2026/10/02 08:20:01.415, 83, 600, 810, 17.51, 0x0000000000000001
2026/10/02 08:20:01.533, 83, 600, 810, 18.00, 0x0000000000000001
2026/10/02 08:20:01.662, 82, 600, 810, 18.20, 0x0000000000000001
2026/10/02 08:20:01.787, 82, 600, 810, 18.32, 0x0000000000000001
2026/10/02 08:20:01.909, 82, 1890, 8001, 18.53, 0x0000000000000001
2026/10/02 08:20:02.031, 82, 1890, 8001, 18.66, 0x0000000000000001
2026/10/02 08:20:02.155, 83, 1890, 8001, 19.32, 0x0000000000000001
2026/10/02 08:20:02.279, 83, 1890, 8001, 20.22, 0x0000000000000001
2026/10/02 08:20:02.402, 83, 1890, 8001, 21.26, 0x0000000000000001
2026/10/02 08:20:02.527, 83, 1890, 8001, 22.48, 0x0000000000000001
2026/10/02 08:20:02.647, 83, 1890, 8001, 22.50, 0x0000000000000001
2026/10/02 08:20:02.771, 83, 1890, 8001, 22.33, 0x0000000000000001
2026/10/02 08:20:02.889, 83, 1890, 8001, 22.44, 0x0000000000000001
2026/10/02 08:20:03.008, 83, 1890, 8001, 22.43, 0x0000000000000001
2026/10/02 08:20:03.130, 83, 1890, 8001, 22.43, 0x0000000000000001
2026/10/02 08:20:03.251, 83, 1890, 8001, 22.57, 0x0000000000000001
2026/10/02 08:20:03.374, 83, 1890, 8001, 22.73, 0x0000000000000001
2026/10/02 08:20:03.490, 83, 1890, 8001, 22.74, 0x0000000000000001
2026/10/02 08:20:03.617, 83, 1890, 8001, 22.45, 0x0000000000000001
2026/10/02 08:20:03.742, 83, 1890, 8001, 22.35, 0x0000000000000001
2026/10/02 08:20:03.876, 83, 1890, 8001, 22.32, 0x0000000000000001
2026/10/02 08:20:03.999, 83, 1890, 8001, 22.09, 0x0000000000000001
2026/10/02 08:20:04.123, 83, 1890, 8001, 21.90, 0x0000000000000001
2026/10/02 08:20:04.253, 83, 1890, 8001, 22.00, 0x0000000000000001
2026/10/02 08:20:04.370, 83, 1890, 8001, 22.00, 0x0000000000000001
2026/10/02 08:20:04.490, 83, 1890, 8001, 22.00, 0x0000000000000001
2026/10/02 08:20:04.608, 83, 1890, 8001, 21.99, 0x0000000000000001
2026/10/02 08:20:04.727, 83, 1890, 8001, 22.10, 0x0000000000000001
2026/10/02 08:20:04.852, 83, 1890, 8001, 22.33, 0x0000000000000001
2026/10/02 08:20:04.981, 83, 1890, 8001, 21.85, 0x0000000000000001
2026/10/02 08:20:05.110, 83, 1890, 8001, 21.27, 0x0000000000000001
2026/10/02 08:20:05.232, 83, 1890, 8001, 19.78, 0x0000000000000001
2026/10/02 08:20:05.358, 83, 900, 6001, 19.04, 0x0000000000000001
2026/10/02 08:20:05.542, 83, 900, 6001, 16.06, 0x0000000000000001
2026/10/02 08:20:05.750, 82, 900, 6001, 15.20, 0x0000000000000001
2026/10/02 08:20:05.879, 82, 1035, 810, 14.30, 0x0000000000000001
2026/10/02 08:20:06.018, 82, 1035, 810, 13.29, 0x0000000000000001
2026/10/02 08:20:06.157, 82, 1035, 810, 12.46, 0x0000000000000001
2026/10/02 08:20:06.286, 82, 1035, 810, 12.87, 0x0000000000000001
2026/10/02 08:20:06.406, 82, 1215, 8001, 13.25, 0x0000000000000001
2026/10/02 08:20:06.526, 82, 1215, 8001, 14.51, 0x0000000000000001
2026/10/02 08:20:06.656, 82, 1215, 8001, 15.32, 0x0000000000000001
2026/10/02 08:20:06.783, 82, 1215, 8001, 16.17, 0x0000000000000001
2026/10/02 08:20:06.904, 82, 1215, 8001, 15.94, 0x0000000000000001
2026/10/02 08:20:07.025, 82, 1215, 8001, 16.69, 0x0000000000000001
2026/10/02 08:20:07.147, 82, 1215, 8001, 17.07, 0x0000000000000001
2026/10/02 08:20:07.273, 82, 1215, 8001, 17.30, 0x0000000000000001
2026/10/02 08:20:07.401, 82, 1215, 7001, 17.08, 0x0000000000000001
2026/10/02 08:20:07.521, 82, 1215, 7001, 16.75, 0x0000000000000001
2026/10/02 08:20:07.644, 82, 1215, 7001, 16.01, 0x0000000000000001
2026/10/02 08:20:07.765, 82, 1215, 7001, 15.77, 0x0000000000000001
2026/10/02 08:20:07.887, 82, 1215, 7001, 15.48, 0x0000000000000001
2026/10/02 08:20:08.021, 82, 1215, 7001, 14.75, 0x0000000000000001
2026/10/02 08:20:08.149, 82, 1215, 7001, 14.32, 0x0000000000000001
2026/10/02 08:20:08.274, 82, 1215, 7001, 14.14, 0x0000000000000001
2026/10/02 08:20:08.396, 82, 585, 6001, 13.97, 0x0000000000000001
2026/10/02 08:20:08.528, 82, 585, 6001, 12.67, 0x0000000000000001
2026/10/02 08:20:08.679, 82, 585, 6001, 12.93, 0x0000000000000001
2026/10/02 08:20:08.805, 83, 1890, 7001, 13.38, 0x0000000000000001
2026/10/02 08:20:08.927, 83, 1890, 7001, 14.13, 0x0000000000000001
2026/10/02 08:20:09.076, 83, 1890, 7001, 14.50, 0x0000000000000001
2026/10/02 08:20:09.203, 83, 1890, 7001, 15.06, 0x0000000000000001
2026/10/02 08:20:09.327, 83, 1890, 8001, 16.69, 0x0000000000000001
2026/10/02 08:20:09.461, 83, 1890, 8001, 17.48, 0x0000000000000001
2026/10/02 08:20:09.590, 83, 1890, 8001, 18.72, 0x0000000000000001
2026/10/02 08:20:09.715, 83, 1890, 8001, 20.55, 0x0000000000000001
2026/10/02 08:20:09.849, 83, 1890, 8001, 20.78, 0x0000000000000001
2026/10/02 08:20:09.973, 83, 1890, 8001, 21.14, 0x0000000000000001
2026/10/02 08:20:10.097, 83, 1890, 8001, 21.36, 0x0000000000000001
2026/10/02 08:20:10.220, 83, 1890, 8001, 21.92, 0x0000000000000001
2026/10/02 08:20:10.343, 83, 1890, 8001, 21.92, 0x0000000000000001
2026/10/02 08:20:10.466, 83, 1890, 8001, 21.06, 0x0000000000000001
2026/10/02 08:20:10.599, 83, 1890, 8001, 19.08, 0x0000000000000001
2026/10/02 08:20:10.726, 83, 1890, 8001, 18.13, 0x0000000000000001
2026/10/02 08:20:10.860, 82, 900, 810, 17.09, 0x0000000000000001
2026/10/02 08:20:10.994, 82, 900, 810, 16.02, 0x0000000000000001
2026/10/02 08:20:11.126, 82, 900, 810, 13.90, 0x0000000000000001
2026/10/02 08:20:11.261, 82, 900, 810, 12.21, 0x0000000000000001
2026/10/02 08:20:11.390, 82, 900, 6001, 11.47, 0x0000000000000001
2026/10/02 08:20:11.521, 82, 900, 6001, 11.78, 0x0000000000000001
2026/10/02 08:20:11.656, 82, 900, 6001, 11.99, 0x0000000000000001
2026/10/02 08:20:11.781, 82, 900, 6001, 12.18, 0x0000000000000001
2026/10/02 08:20:11.919, 82, 900, 6001, 12.75, 0x0000000000000001
2026/10/02 08:20:12.043, 82, 900, 6001, 12.82, 0x0000000000000001
2026/10/02 08:20:12.171, 82, 900, 6001, 13.30, 0x0000000000000001
2026/10/02 08:20:12.306, 82, 900, 6001, 13.37, 0x0000000000000001
2026/10/02 08:20:12.447, 82, 900, 6001, 13.35, 0x0000000000000001
2026/10/02 08:20:12.566, 82, 900, 6001, 13.36, 0x0000000000000001
2026/10/02 08:20:12.686, 82, 900, 6001, 13.34, 0x0000000000000001
2026/10/02 08:20:12.821, 82, 525, 6001, 13.30, 0x0000000000000001
2026/10/02 08:20:12.944, 82, 525, 6001, 13.21, 0x0000000000000001
2026/10/02 08:20:13.069, 82, 525, 6001, 13.18, 0x0000000000000001
2026/10/02 08:20:13.208, 82, 525, 6001, 13.12, 0x0000000000000001
2026/10/02 08:20:13.332, 82, 465, 6001, 13.11, 0x0000000000000001
2026/10/02 08:20:13.464, 82, 465, 6001, 13.08, 0x0000000000000001
2026/10/02 08:20:13.587, 82, 465, 6001, 12.90, 0x0000000000000001
2026/10/02 08:20:13.714, 82, 465, 6001, 12.68, 0x0000000000000001
2026/10/02 08:20:13.839, 82, 405, 810, 12.37, 0x0000000000000001
2026/10/02 08:20:13.971, 82, 405, 810, 11.95, 0x0000000000000001
2026/10/02 08:20:14.098, 82, 405, 810, 11.84, 0x0000000000000001
2026/10/02 08:20:14.234, 82, 405, 810, 11.60, 0x0000000000000001
2026/10/02 08:20:14.370, 82, 405, 810, 10.98, 0x0000000000000001
2026/10/02 08:20:14.515, 82, 405, 810, 10.96, 0x0000000000000001
2026/10/02 08:20:14.652, 82, 405, 810, 10.73, 0x0000000000000001
2026/10/02 08:20:14.795, 82, 480, 810, 10.75, 0x0000000000000001
2026/10/02 08:20:14.930, 82, 480, 810, 10.82, 0x0000000000000001
2026/10/02 08:20:15.064, 82, 480, 810, 10.87, 0x0000000000000001
2026/10/02 08:20:15.209, 82, 480, 810, 10.86, 0x0000000000000001
2026/10/02 08:20:15.342, 82, 585, 810, 10.90, 0x0000000000000001
2026/10/02 08:20:15.470, 82, 585, 810, 10.95, 0x0000000000000001
2026/10/02 08:20:15.591, 82, 585, 810, 10.90, 0x0000000000000001
2026/10/02 08:20:15.723, 82, 585, 810, 10.84, 0x0000000000000001
2026/10/02 08:20:15.844, 82, 585, 810, 10.77, 0x0000000000000001
2026/10/02 08:20:15.973, 82, 585, 810, 10.60, 0x0000000000000001
2026/10/02 08:20:16.102, 82, 585, 810, 10.49, 0x0000000000000001
